"crack_rot [deg]","Freq [GHz]","dB(S(1,1)) []"
0,1.2,-0.362104744920133
0,1.206,-0.36363022823709
0,1.212,-0.36520651906106
0,1.218,-0.366831418482131
0,1.224,-0.368502787867475
0,1.23,-0.370218548712806
0,1.236,-0.371976682436403
0,1.242,-0.373775230118181
0,1.248,-0.375612292186237
0,1.254,-0.377486028053305
0,1.26,-0.379394655705454
0,1.266,-0.381336451245459
0,1.272,-0.383309748393088
0,1.278,-0.385312937944635
0,1.284,-0.387344467193944
0,1.29,-0.389402839317129
0,1.296,-0.39148661272318
0,1.302,-0.393594400372598
0,1.308,-0.395724869066184
0,1.314,-0.397876738706025
0,1.32,-0.400048781530749
0,1.326,-0.402239821327032
0,1.332,-0.404448732619349
0,1.338,-0.406674439839853
0,1.344,-0.408915916480372
0,1.35,-0.411172184228288
0,1.356,-0.41344231208823
0,1.362,-0.41572541549131
0,1.368,-0.418020655393726
0,1.374,-0.420327237366458
0,1.38,-0.422644410677779
0,1.386,-0.424971467370254
0,1.392,-0.427307741333923
0,1.398,-0.429652607377263
0,1.404,-0.43200548029759
0,1.41,-0.434365813952451
0,1.416,-0.436733100333603
0,1.422,-0.439106868645109
0,1.428,-0.441486684387106
0,1.434,-0.443872148446736
0,1.44,-0.446262896197749
0,1.446,-0.448658596610251
0,1.452,-0.451058951372099
0,1.458,-0.453463694023366
0,1.464,-0.455872589105342
0,1.47,-0.458285431325506
0,1.476,-0.460702044739951
0,1.482,-0.463122281954602
0,1.488,-0.46554602334676
0,1.494,-0.467973176308348
0,1.5,-0.470403674512291
0,1.506,-0.472837477203496
0,1.512,-0.475274568515869
0,1.518,-0.477714956816829
0,1.524,-0.480158674080764
0,1.53,-0.482605775292972
0,1.536,-0.485056337885546
0,1.542,-0.487510461206753
0,1.548,-0.489968266025469
0,1.554,-0.492429894072265
0,1.56,-0.494895507618765
0,1.566,-0.497365289096924
0,1.572,-0.499839440760007
0,1.578,-0.502318184386953
0,1.584,-0.504801761032031
0,1.59,-0.507290430821625
0,1.596,-0.509784472800166
0,1.602,-0.512284184827185
0,1.608,-0.51478988352774
0,1.614,-0.517301904298356
0,1.62,-0.51982060137089
0,1.626,-0.522346347936741
0,1.632,-0.524879536334127
0,1.638,-0.527420578301029
0,1.644,-0.529969905296871
0,1.65,-0.532527968895946
0,1.656,-0.535095241255952
0,1.662,-0.537672215665099
0,1.668,-0.540259407171609
0,1.674,-0.542857353299577
0,1.68,-0.545466614855556
0,1.686,-0.548087776830422
0,1.692,-0.550721449401618
0,1.698,-0.553368269040965
0,1.704,-0.556028899733993
0,1.71,-0.558704034316881
0,1.716,-0.561394395937869
0,1.722,-0.564100739650351
0,1.728,-0.566823854145593
0,1.734,-0.569564563633646
0,1.74,-0.572323729881783
0,1.746,-0.575102254420542
0,1.752,-0.577901080928421
0,1.758,-0.580721197807189
0,1.764,-0.583563640960899
0,1.77,-0.586429496792865
0,1.776,-0.589319905436139
0,1.782,-0.592236064234524
0,1.788,-0.595179231492744
0,1.794,-0.598150730516082
0,1.8,-0.601151953961893
0,1.806,-0.604184368527361
0,1.812,-0.607249520000461
0,1.818,-0.610349038703525
0,1.824,-0.613484645361972
0,1.83,-0.616658157433752
0,1.836,-0.619871495938922
0,1.842,-0.623126692832654
0,1.848,-0.626425898969477
0,1.854,-0.629771392711602
0,1.86,-0.633165589239655
0,1.866,-0.636611050630438
0,1.872,-0.640110496773411
0,1.878,-0.643666817204994
0,1.884,-0.647283083949065
0,1.89,-0.65096256546139
0,1.896,-0.654708741786877
0,1.902,-0.658525321051133
0,1.908,-0.66241625742139
0,1.914,-0.666385770687921
0,1.92,-0.670438367634824
0,1.926,-0.674578865388925
0,1.932,-0.678812416958798
0,1.938,-0.683144539201346
0,1.944,-0.687581143483026
0,1.95,-0.692128569336298
0,1.956,-0.696793621449814
0,1.962,-0.701583610374719
0,1.968,-0.706506397378968
0,1.974,-0.711570443938851
0,1.98,-0.716784866422335
0,1.986,-0.722159496594231
0,1.992,-0.727704948659845
0,1.998,-0.733432693664063
0,2.004,-0.739355142178464
0,2.01,-0.745485736343415
0,2.016,-0.751839052487687
0,2.022,-0.758430915729479
0,2.028,-0.765278528174033
0,2.034,-0.772400612569927
0,2.04,-0.779817573575463
0,2.046,-0.78755167912575
0,2.052,-0.795627264791041
0,2.058,-0.804070964487669
0,2.064,-0.812911971460539
0,2.07,-0.822182334116666
0,2.076,-0.83191729207485
0,2.082,-0.84215565873287
0,2.088,-0.852940257772695
0,2.094,-0.864318422366317
0,2.1,-0.876342567457906
0,2.106,-0.889070847443878
0,2.112,-0.9025679139267
0,2.118,-0.916905791075203
0,2.124,-0.932164889603687
0,2.13,-0.948435184633163
0,2.136,-0.965817587910512
0,2.142,-0.98442555127537
0,2.148,-1.00438694618576
0,2.154,-1.02584627393337
0,2.16,-1.04896727339977
0,2.166,-1.07393600847243
0,2.172,-1.1009645363925
0,2.178,-1.13029528243105
0,2.184,-1.16220627680881
0,2.19,-1.19701744854643
0,2.196,-1.23509822040732
0,2.202,-1.27687671251522
0,2.208,-1.32285094389582
0,2.214,-1.37360252685438
0,2.22,-1.42981348646588
0,2.226,-1.49228701692203
0,2.232,-1.56197322215816
0,2.238,-1.6400011993526
0,2.244,-1.72771923710243
0,2.25,-1.82674545227197
0,2.256,-1.93903193274392
0,2.262,-2.06694646218551
0,2.268,-2.21337728683335
0,2.274,-2.381868308223
0,2.28,-2.57679480819796
0,2.286,-2.80359375671142
0,2.292,-3.0690686481466
0,2.298,-3.38179798328361
0,2.304,-3.75269149903639
0,2.31,-4.19576415018528
0,2.316,-4.72924541546474
0,2.322,-5.37723443327085
0,2.328,-6.17230472005877
0,2.334,-7.15989129907412
0,2.34,-8.40631996930143
0,2.346,-10.0150362881245
0,2.352,-12.163580474461
0,2.358,-15.2010581234167
0,2.364,-19.9359963487654
0,2.37,-26.716773502389
0,2.376,-21.7830810269979
0,2.382,-16.3712794760405
0,2.388,-13.0224490137457
0,2.394,-10.7142025762916
0,2.4,-9.01247542861509
0,2.406,-7.70644399169855
0,2.412,-6.67758893782866
0,2.418,-5.85200994331228
0,2.424,-5.18019310942495
0,2.43,-4.62726179716494
0,2.436,-4.167769196589
0,2.442,-3.78267226443867
0,2.448,-3.45744898638712
0,2.454,-3.18086195464618
0,2.46,-2.94411181114735
0,2.466,-2.74023895750858
0,2.472,-2.56369042800817
0,2.478,-2.41000047799644
0,2.484,-2.27555157466134
0,2.49,-2.15739341815714
0,2.496,-2.05310452826885
0,2.502,-1.96068546141426
0,2.508,-1.8784757865675
0,2.514,-1.80508907272132
0,2.52,-1.73936164211105
0,2.526,-1.6803119217014
0,2.532,-1.627108009618
0,2.538,-1.5790416495592
0,2.544,-1.53550723367318
0,2.55,-1.49598477392813
0,2.556,-1.46002602259166
0,2.562,-1.42724310477076
0,2.568,-1.39729916499879
0,2.574,-1.36990063648887
0,2.58,-1.34479082390687
0,2.586,-1.32174455427099
0,2.592,-1.30056370026361
0,2.598,-1.2810734191435
0,2.604,-1.26311898105504
0,2.61,-1.24656308472581
0,2.616,-1.23128357775484
0,2.622,-1.21717151401308
0,2.628,-1.20412949294671
0,2.634,-1.19207023543909
0,2.64,-1.18091535885225
0,2.646,-1.17059432032371
0,2.652,-1.16104350264598
0,2.658,-1.15220542134387
0,2.664,-1.14402803507809
0,2.67,-1.13646414439224
0,2.676,-1.12947086620365
0,2.682,-1.12300917341098
0,2.688,-1.11704349062902
0,2.694,-1.1115413384254
0,2.7,-1.10647301957299
0,2.706,-1.10181134178646
0,2.712,-1.09753137221336
0,2.718,-1.09361021962543
0,2.724,-1.09002684082683
0,2.73,-1.08676186827889
0,2.736,-1.08379745635144
0,2.742,-1.08111714395995
0,2.748,-1.07870573164558
0,2.754,-1.07654917141003
0,2.76,-1.07463446783545
0,2.766,-1.0729495892071
0,2.772,-1.07148338751803
0,2.778,-1.07022552637434
0,2.784,-1.06916641593965
0,2.79,-1.06829715416223
0,2.796,-1.06760947361806
0,2.802,-1.06709569338248
0,2.808,-1.06674867541083
0,2.814,-1.06656178496912
0,2.82,-1.06652885470728
0,2.826,-1.06664415201398
0,2.832,-1.06690234933166
0,2.838,-1.06729849714606
0,2.844,-1.06782799939563
0,2.85,-1.06848659107305
0,2.856,-1.06927031781624
0,2.862,-1.07017551730675
0,2.868,-1.07119880231279
0,2.874,-1.07233704523121
0,2.88,-1.07358736399706
0,2.886,-1.07494710924342
0,2.892,-1.07641385260556
0,2.898,-1.07798537607433
0,2.904,-1.07965966231313
0,2.91,-1.08143488586135
0,2.916,-1.083309405155
0,2.922,-1.08528175530176
0,2.928,-1.08735064155433
0,2.934,-1.08951493343145
0,2.94,-1.09177365944098
0,2.946,-1.09412600236426
0,2.952,-1.0965712950652
0,2.958,-1.09910901679139
0,2.964,-1.10173878993814
0,2.97,-1.10446037724972
0,2.976,-1.10727367943531
0,2.982,-1.1101787331796
0,2.988,-1.11317570953134
0,2.994,-1.11626491265514
0,3,-1.11944677893471
0,3.006,-1.12272187641766
0,3.012,-1.12609090459482
0,3.018,-1.12955469450857
0,3.024,-1.13311420918744
0,3.03,-1.13677054440626
0,3.036,-1.14052492977293
0,3.042,-1.14437873014576
0,3.048,-1.14833344738685
0,3.054,-1.15239072245977
0,3.06,-1.15655233788198
0,3.066,-1.1608202205447
0,3.072,-1.16519644491593
0,3.078,-1.16968323664454
0,3.084,-1.17428297658652
0,3.09,-1.17899820527739
0,3.096,-1.18383162787817
0,3.102,-1.18878611962526
0,3.108,-1.1938647318193
0,3.114,-1.1990706983908
0,3.12,-1.20440744308596
0,3.126,-1.20987858731986
0,3.132,-1.21548795874991
0,3.138,-1.22123960062768
0,3.144,-1.22713778199351
0,3.15,-1.23318700878493
0,3.156,-1.23939203593704
0,3.162,-1.2457578805612
0,3.168,-1.25228983629683
0,3.174,-1.25899348894111
0,3.18,-1.2658747334714
0,3.186,-1.2729397925872
0,3.192,-1.28019523691127
0,3.198,-1.28764800700313
0,3.204,-1.29530543735437
0,3.21,-1.30317528255187
0,3.216,-1.31126574581415
0,3.222,-1.31958551012727
0,3.228,-1.32814377222951
0,3.234,-1.3369502797202
0,3.24,-1.34601537159645
0,3.246,-1.3553500225531
0,3.252,-1.36496589141666
0,3.258,-1.37487537412267
0,3.264,-1.38509166168977
0,3.27,-1.39562880369179
0,3.276,-1.40650177778306
0,3.282,-1.41772656589203
0,3.288,-1.42932023776517
0,3.294,-1.44130104261726
0,3.3,-1.45368850972772
0,3.306,-1.46650355891472
0,3.312,-1.47976862192285
0,3.318,-1.49350777587531
0,3.324,-1.50774689007099
0,3.33,-1.52251378755098
0,3.336,-1.53783842302047
0,3.342,-1.55375307889221
0,3.348,-1.57029258141948
0,3.354,-1.5874945391117
0,3.36,-1.60539960587782
0,3.366,-1.62405177162382
0,3.372,-1.64349868334526
0,3.378,-1.66379200010625
0,3.384,-1.68498778568767
0,3.39,-1.70714694312336
0,3.396,-1.73033569582812
0,3.402,-1.75462612056075
0,3.408,-1.78009673806312
0,3.414,-1.80683316787929
0,3.42,-1.83492885458936
0,3.426,-1.86448587349873
0,3.432,-1.8956158247072
0,3.438,-1.92844082544831
0,3.444,-1.96309461164017
0,3.45,-1.99972376072521
0,3.456,-2.03848904909691
0,3.462,-2.07956695871183
0,3.468,-2.12315134885711
0,3.474,-2.16945531047436
0,3.48,-2.2187132219104
0,3.486,-2.27118302644924
0,3.492,-2.32714875344339
0,3.498,-2.38692330626402
0,3.504,-2.45085154158069
0,3.51,-2.51931366560414
0,3.516,-2.59272897382418
0,3.522,-2.67155996139543
0,3.528,-2.75631683163045
0,3.534,-2.84756243005629
0,3.54,-2.94591763124263
0,3.546,-3.0520672053008
0,3.552,-3.16676619093343
0,3.558,-3.29084680280354
0,3.564,-3.42522590378793
0,3.57,-3.57091307892622
0,3.576,-3.72901935987464
0,3.582,-3.900766669748
0,3.588,-4.08749809309159
0,3.594,-4.29068913088532
0,3.6,-4.51196018485007
30,1.2,-0.36350887298579
30,1.206,-0.364993069712547
30,1.212,-0.366524888286841
30,1.218,-0.368102171415693
30,1.224,-0.369722824782356
30,1.23,-0.371384816769897
30,1.236,-0.373086178128904
30,1.242,-0.374825001591925
30,1.248,-0.376599441437197
30,1.254,-0.378407713004136
30,1.26,-0.38024809216308
30,1.266,-0.382118914741754
30,1.272,-0.384018575910801
30,1.278,-0.385945529530816
30,1.284,-0.387898287463119
30,1.29,-0.389875418846659
30,1.296,-0.391875549343204
30,1.302,-0.39389736035308
30,1.308,-0.395939588203592
30,1.314,-0.398001023312304
30,1.32,-0.400080509327172
30,1.326,-0.402176942245695
30,1.332,-0.404289269514991
30,1.338,-0.406416489114831
30,1.344,-0.408557648625519
30,1.35,-0.410711844282541
30,1.356,-0.412878220019818
30,1.362,-0.415055966503403
30,1.368,-0.417244320157368
30,1.374,-0.419442562183699
30,1.38,-0.421650017577826
30,1.386,-0.423866054141536
30,1.392,-0.426090081494914
30,1.398,-0.428321550088909
30,1.404,-0.430559950220125
30,1.41,-0.43280481104944
30,1.416,-0.435055699625909
30,1.422,-0.43731221991757
30,1.428,-0.43957401185055
30,1.434,-0.441840750357994
30,1.44,-0.444112144440254
30,1.446,-0.446387936237733
30,1.452,-0.448667900117848
30,1.458,-0.45095184177746
30,1.464,-0.453239597362172
30,1.47,-0.455531032603874
30,1.476,-0.457826041977848
30,1.482,-0.460124547880852
30,1.488,-0.462426499831461
30,1.494,-0.464731873694036
30,1.5,-0.467040670927673
30,1.506,-0.469352917861437
30,1.512,-0.471668664997263
30,1.518,-0.473987986341857
30,1.524,-0.476310978768933
30,1.53,-0.478637761413247
30,1.536,-0.48096847509773
30,1.542,-0.483303281795161
30,1.548,-0.485642364125882
30,1.554,-0.487985924892944
30,1.56,-0.490334186656224
30,1.566,-0.492687391347064
30,1.572,-0.495045799925041
30,1.578,-0.497409692078475
30,1.584,-0.499779365970371
30,1.59,-0.502155138031656
30,1.596,-0.504537342803405
30,1.602,-0.506926332830125
30,1.608,-0.509322478606008
30,1.614,-0.511726168576328
30,1.62,-0.514137809196199
30,1.626,-0.516557825048985
30,1.632,-0.518986659026983
30,1.638,-0.521424772576855
30,1.644,-0.523872646012736
30,1.65,-0.526330778899932
30,1.656,-0.52879969051243
30,1.662,-0.531279920367567
30,1.668,-0.533772028841585
30,1.674,-0.536276597869889
30,1.68,-0.538794231736252
30,1.686,-0.54132555795545
30,1.692,-0.543871228254264
30,1.698,-0.546431919655903
30,1.704,-0.549008335673765
30,1.71,-0.551601207620422
30,1.716,-0.554211296038574
30,1.722,-0.556839392261117
30,1.728,-0.559486320108069
30,1.734,-0.562152937728856
30,1.74,-0.564840139599043
30,1.746,-0.567548858681605
30,1.752,-0.570280068763452
30,1.758,-0.57303478697914
30,1.764,-0.575814076534624
30,1.77,-0.578619049645115
30,1.776,-0.581450870702388
30,1.782,-0.584310759688393
30,1.788,-0.587199995853452
30,1.794,-0.590119921679198
30,1.8,-0.593071947148279
30,1.806,-0.596057554344956
30,1.812,-0.59907830241309
30,1.818,-0.60213583290067
30,1.824,-0.605231875522837
30,1.83,-0.608368254378614
30,1.836,-0.611546894660134
30,1.842,-0.614769829897026
30,1.848,-0.61803920978319
30,1.854,-0.621357308637917
30,1.86,-0.624726534558922
30,1.866,-0.628149439330956
30,1.872,-0.63162872916043
30,1.878,-0.635167276314252
30,1.884,-0.638768131749618
30,1.89,-0.642434538831035
30,1.896,-0.646169948241872
30,1.902,-0.649978034209723
30,1.908,-0.653862712178676
30,1.914,-0.657828158077013
30,1.92,-0.661878829346371
30,1.926,-0.66601948791804
30,1.932,-0.670255225344688
30,1.938,-0.674591490320856
30,1.944,-0.679034118854785
30,1.95,-0.683589367386629
30,1.956,-0.688263949185787
30,1.962,-0.693065074402574
30,1.968,-0.698000494198442
30,1.974,-0.703078549434991
30,1.98,-0.708308224465746
30,1.986,-0.713699206649211
30,1.992,-0.719261952286008
30,1.998,-0.725007759781354
30,2.004,-0.73094885094748
30,2.01,-0.73709846149169
30,2.016,-0.74347094188861
30,2.022,-0.750081870012048
30,2.028,-0.756948177108856
30,2.034,-0.764088288938651
30,2.04,-0.771522284185816
30,2.046,-0.779272072582149
30,2.052,-0.787361595568854
30,2.058,-0.795817052786821
30,2.064,-0.804667158228312
30,2.07,-0.813943430528375
30,2.076,-0.823680522640552
30,2.082,-0.833916597055258
30,2.088,-0.844693753810513
30,2.094,-0.856058519852974
30,2.1,-0.868062409879795
30,2.106,-0.88076257068723
30,2.112,-0.894222523344684
30,2.118,-0.908513020294578
30,2.124,-0.923713037863799
30,2.13,-0.939910928808263
30,2.136,-0.957205764580089
30,2.142,-0.975708903240782
30,2.148,-0.99554582663943
30,2.154,-1.01685830001042
30,2.16,-1.0398069190066
30,2.166,-1.0645741239955
30,2.172,-1.09136778001854
30,2.178,-1.1204254441947
30,2.184,-1.15201947191304
30,2.19,-1.18646315069653
30,2.196,-1.22411809849469
30,2.202,-1.26540322449672
30,2.208,-1.31080562949301
30,2.214,-1.36089392487973
30,2.22,-1.41633458200961
30,2.226,-1.47791209673002
30,2.232,-1.54655398115595
30,2.238,-1.62336189447744
30,2.244,-1.70965062230769
30,2.25,-1.80699714502388
30,2.256,-1.91730274934125
30,2.262,-2.04287210486008
30,2.268,-2.18651455197517
30,2.274,-2.35167468462395
30,2.28,-2.54260190253076
30,2.286,-2.76457234579382
30,2.292,-3.02418218154988
30,2.298,-3.32973979918987
30,2.304,-3.69179838950039
30,2.31,-4.12389423382079
30,2.316,-4.64359943678849
30,2.322,-5.27408187355501
30,2.328,-6.04653823985371
30,2.334,-7.00424644889519
30,2.34,-8.20988210656017
30,2.346,-9.7600632972781
30,2.352,-11.8177917371063
30,2.358,-14.6955627283998
30,2.364,-19.094980070165
30,2.37,-25.8407242424144
30,2.376,-22.657098059598
30,2.382,-16.9225514305051
30,2.388,-13.3891895908484
30,2.394,-10.9789017253917
30,2.4,-9.21340506811668
30,2.406,-7.86405971209543
30,2.412,-6.80414811156426
30,2.418,-5.95548161930227
30,2.424,-5.26606404177768
30,2.43,-4.69946558680679
30,2.436,-4.22920891844752
30,2.442,-3.83553675058262
30,2.448,-3.50341579574214
30,2.454,-3.22123372999774
30,2.46,-2.97991115607078
30,2.466,-2.77227623833593
30,2.472,-2.59261323056276
30,2.478,-2.43633026694308
30,2.484,-2.29971122163816
30,2.49,-2.17972809823622
30,2.496,-2.07389773136263
30,2.502,-1.98017136301223
30,2.508,-1.89684887818951
30,2.514,-1.82251171183883
30,2.52,-1.75597001010002
30,2.526,-1.69622075493308
30,2.532,-1.64241437874543
30,2.538,-1.59382799574008
30,2.544,-1.54984382121728
30,2.55,-1.50993168200053
30,2.556,-1.47363477083181
30,2.562,-1.44055798662664
30,2.568,-1.41035834650712
30,2.574,-1.38273706590232
30,2.58,-1.35743298805543
30,2.586,-1.33421711016446
30,2.592,-1.31288800468908
30,2.598,-1.29326797450278
30,2.604,-1.27519981213803
30,2.61,-1.25854405830835
30,2.616,-1.24317667467898
30,2.622,-1.22898706162764
30,2.628,-1.21587636435959
30,2.634,-1.20375602088479
30,2.64,-1.19254651355041
30,2.646,-1.1821762924523
30,2.652,-1.17258084444026
30,2.658,-1.16370188583161
30,2.664,-1.15548666055117
30,2.67,-1.14788732837687
30,2.676,-1.1408604304125
30,2.682,-1.13436642092961
30,2.688,-1.12836925639667
30,2.694,-1.12283603391053
30,2.7,-1.11773667240963
30,2.706,-1.11304363102564
30,2.712,-1.10873165974906
30,2.718,-1.10477757827537
30,2.724,-1.10116007948061
30,2.73,-1.09785955446927
30,2.736,-1.09485793655594
30,2.742,-1.09213856189853
30,2.748,-1.08968604480504
30,2.754,-1.08748616599533
30,2.76,-1.08552577232244
30,2.766,-1.08379268664863
30,2.772,-1.08227562673638
30,2.778,-1.08096413215607
30,2.784,-1.07984849833491
30,2.79,-1.07891971697772
30,2.796,-1.07816942218244
30,2.802,-1.07758984165309
30,2.808,-1.0771737524829
30,2.814,-1.07691444104096
30,2.82,-1.07680566654906
30,2.826,-1.07684162798186
30,2.832,-1.0770169339645
30,2.838,-1.07732657537746
30,2.844,-1.07776590041026
30,2.85,-1.07833059183331
30,2.856,-1.07901664628186
30,2.862,-1.07982035536768
30,2.868,-1.08073828845347
30,2.874,-1.08176727694202
30,2.88,-1.08290439994733
30,2.886,-1.0841469712285
30,2.892,-1.08549252727917
30,2.898,-1.08693881647607
30,2.904,-1.08848378920016
30,2.91,-1.090125588852
30,2.916,-1.09186254369121
30,2.922,-1.09369315943671
30,2.928,-1.09561611257065
30,2.934,-1.09763024429501
30,2.94,-1.09973455509451
30,2.946,-1.10192819986469
30,2.952,-1.1042104835682
30,2.958,-1.10658085738603
30,2.964,-1.10903891533437
30,2.97,-1.11158439132111
30,2.976,-1.1142171566189
30,2.982,-1.11693721773481
30,2.988,-1.11974471465928
30,2.994,-1.1226399194798
30,3,-1.12562323534661
30,3.006,-1.12869519578121
30,3.012,-1.13185646431946
30,3.018,-1.13510783448409
30,3.024,-1.13845023008335
30,3.03,-1.14188470583477
30,3.036,-1.14541244831479
30,3.042,-1.14903477723776
30,3.048,-1.15275314706939
30,3.054,-1.15656914898232
30,3.06,-1.16048451316375
30,3.066,-1.16450111148713
30,3.072,-1.16862096056283
30,3.078,-1.17284622518492
30,3.084,-1.17717922219404
30,3.09,-1.18162242477957
30,3.096,-1.18617846724656
30,3.102,-1.19085015027726
30,3.108,-1.19564044671961
30,3.114,-1.20055250793968
30,3.12,-1.20558967077845
30,3.126,-1.2107554651584
30,3.132,-1.21605362238961
30,3.138,-1.22148808423078
30,3.144,-1.22706301276607
30,3.15,-1.23278280116467
30,3.156,-1.23865208539734
30,3.162,-1.24467575699088
30,3.168,-1.25085897691035
30,3.174,-1.2572071906671
30,3.18,-1.26372614476096
30,3.186,-1.27042190457536
30,3.192,-1.27730087385623
30,3.198,-1.28436981591824
30,3.204,-1.29163587673661
30,3.21,-1.29910661009841
30,3.216,-1.30679000500446
30,3.222,-1.31469451553288
30,3.228,-1.32282909339583
30,3.234,-1.33120322344538
30,3.24,-1.33982696241001
30,3.246,-1.3487109811724
30,3.252,-1.35786661093126
30,3.258,-1.36730589362559
30,3.264,-1.37704163703913
30,3.27,-1.3870874750468
30,3.276,-1.39745793351376
30,3.282,-1.4081685024118
30,3.288,-1.41923571477841
30,3.294,-1.4306772332109
30,3.3,-1.44251194466291
30,3.306,-1.45476006439415
30,3.312,-1.46744325001701
30,3.318,-1.48058472668757
30,3.324,-1.49420942460421
30,3.33,-1.50834413010589
30,3.336,-1.52301765180644
30,3.342,-1.53826100336154
30,3.348,-1.55410760464486
30,3.354,-1.57059350330951
30,3.36,-1.58775761893449
30,3.366,-1.60564201220468
30,3.372,-1.62429218185089
30,3.378,-1.64375739238518
30,3.384,-1.66409103601197
30,3.39,-1.68535103247788
30,3.396,-1.70760027104973
30,3.402,-1.73090709928185
30,3.408,-1.75534586375818
30,3.414,-1.78099750857253
30,3.42,-1.80795023794945
30,3.426,-1.83630025010987
30,3.432,-1.86615255025624
30,3.438,-1.89762185139233
30,3.444,-1.93083357260774
30,3.45,-1.96592494544596
30,3.456,-2.00304624003765
30,3.462,-2.04236212381459
30,3.468,-2.08405316681775
30,3.474,-2.12831750886613
30,3.48,-2.17537270514581
30,3.486,-2.22545776809136
30,3.492,-2.27883542473783
30,3.498,-2.33579460998692
30,3.504,-2.39665321741732
30,3.51,-2.46176113032865
30,3.516,-2.53150355659395
30,3.522,-2.60630469155977
30,3.528,-2.68663173363738
30,3.534,-2.77299927736416
30,3.54,-2.86597410860852
30,3.546,-2.96618042635861
30,3.552,-3.07430551540019
30,3.558,-3.19110589456901
30,3.564,-3.31741396684394
30,3.57,-3.45414520139973
30,3.576,-3.60230588548019
30,3.582,-3.76300149793537
30,3.588,-3.93744577984136
30,3.594,-4.1269706154495
30,3.6,-4.33303689518186
60,1.2,-0.364346477647594
60,1.206,-0.365868517213109
60,1.212,-0.367438931925931
60,1.218,-0.369055545070674
60,1.224,-0.370716242071699
60,1.23,-0.372418970240389
60,1.236,-0.374161738467404
60,1.242,-0.375942616862469
60,1.248,-0.377759736344166
60,1.254,-0.379611288182101
60,1.26,-0.381495523493901
60,1.266,-0.383410752699375
60,1.272,-0.385355344934196
60,1.278,-0.387327727425336
60,1.284,-0.389326384830568
60,1.29,-0.391349858544229
60,1.296,-0.393396745971406
60,1.302,-0.395465699772682
60,1.308,-0.3975554270816
60,1.314,-0.399664688696813
60,1.32,-0.401792298251026
60,1.326,-0.403937121358681
60,1.332,-0.406098074744341
60,1.338,-0.408274125353688
60,1.344,-0.410464289449002
60,1.35,-0.412667631691008
60,1.356,-0.414883264208825
60,1.362,-0.41711034565987
60,1.368,-0.419348080281416
60,1.374,-0.421595716935517
60,1.38,-0.423852548148993
60,1.386,-0.426117909150142
60,1.392,-0.428391176903752
60,1.398,-0.430671769146058
60,1.404,-0.4329591434212
60,1.41,-0.43525279612071
60,1.416,-0.437552261527565
60,1.422,-0.439857110866304
60,1.428,-0.442166951360677
60,1.434,-0.444481425300309
60,1.44,-0.44680020911776
60,1.446,-0.449123012477497
60,1.452,-0.451449577378091
60,1.458,-0.453779677269099
60,1.464,-0.456113116183977
60,1.47,-0.45844972789042
60,1.476,-0.460789375059484
60,1.482,-0.463131948454846
60,1.488,-0.465477366143549
60,1.494,-0.467825572729618
60,1.5,-0.470176538611849
60,1.506,-0.47253025926717
60,1.512,-0.474886754560919
60,1.518,-0.477246068085397
60,1.524,-0.479608266528095
60,1.53,-0.481973439070988
60,1.536,-0.484341696822298
60,1.542,-0.486713172282154
60,1.548,-0.48908801884366
60,1.554,-0.491466410330781
60,1.56,-0.493848540574652
60,1.566,-0.496234623029815
60,1.572,-0.498624890432041
60,1.578,-0.50101959449935
60,1.584,-0.503419005678003
60,1.59,-0.505823412935203
60,1.596,-0.508233123600384
60,1.602,-0.510648463257028
60,1.608,-0.513069775687019
60,1.614,-0.515497422869646
60,1.62,-0.517931785037567
60,1.626,-0.520373260791945
60,1.632,-0.522822267279419
60,1.638,-0.525279240433354
60,1.644,-0.527744635282363
60,1.65,-0.530218926328895
60,1.656,-0.532702608001201
60,1.662,-0.53519619518196
60,1.668,-0.537700223817245
60,1.674,-0.540215251609707
60,1.68,-0.542741858800084
60,1.686,-0.545280649041602
60,1.692,-0.547832250372015
60,1.698,-0.550397316288484
60,1.704,-0.552976526930973
60,1.71,-0.555570590380115
60,1.716,-0.558180244076201
60,1.722,-0.560806256366318
60,1.728,-0.563449428187387
60,1.734,-0.566110594893449
60,1.74,-0.56879062823623
60,1.746,-0.571490438508953
60,1.752,-0.574210976864006
60,1.758,-0.576953237816328
60,1.764,-0.579718261945164
60,1.77,-0.582507138808117
60,1.776,-0.585321010082781
60,1.782,-0.588161072952527
60,1.788,-0.591028583754597
60,1.794,-0.59392486191051
60,1.8,-0.596851294160486
60,1.806,-0.599809339125903
60,1.812,-0.602800532225975
60,1.818,-0.605826490977541
60,1.824,-0.60888892070966
60,1.83,-0.611989620727882
60,1.836,-0.615130490966677
60,1.842,-0.618313539172326
60,1.848,-0.621540888663079
60,1.854,-0.624814786718116
60,1.86,-0.62813761365248
60,1.866,-0.631511892641056
60,1.872,-0.634940300361592
60,1.878,-0.638425678534247
60,1.884,-0.641971046443899
60,1.89,-0.645579614540714
60,1.896,-0.649254799225581
60,1.902,-0.653000238938761
60,1.908,-0.656819811684111
60,1.914,-0.660717654136319
60,1.92,-0.664698182496152
60,1.926,-0.668766115278264
60,1.932,-0.672926498238537
60,1.938,-0.677184731672992
60,1.944,-0.681546600349307
60,1.95,-0.686018306364344
60,1.956,-0.690606505258658
60,1.962,-0.695318345761301
60,1.968,-0.70016151358703
60,1.974,-0.705144279763687
60,1.98,-0.710275554031592
60,1.986,-0.715564943930441
60,1.992,-0.721022820273692
60,1.998,-0.72666038980866
60,2.004,-0.732489775973326
60,2.01,-0.738524108792148
60,2.016,-0.74477762510535
60,2.022,-0.751265780503122
60,2.028,-0.758005374542826
60,2.034,-0.765014691068516
60,2.04,-0.772313655734682
60,2.046,-0.779924013168
60,2.052,-0.787869526591286
60,2.058,-0.796176203194387
60,2.064,-0.804872549081803
60,2.07,-0.813989858272234
60,2.076,-0.8235625409939
60,2.082,-0.833628497434333
60,2.088,-0.844229544198447
60,2.094,-0.855411902040482
60,2.1,-0.867226755014205
60,2.106,-0.879730893088486
60,2.112,-0.892987452579465
60,2.118,-0.907066771546208
60,2.124,-0.92204738070202
60,2.13,-0.938017154555958
60,2.136,-0.955074652602259
60,2.142,-0.973330686657866
60,2.148,-0.992910158207975
60,2.154,-1.01395421924224
60,2.16,-1.0366228220428
60,2.166,-1.06109773835563
60,2.172,-1.08758614716264
60,2.178,-1.11632491394452
60,2.184,-1.14758571428091
60,2.19,-1.18168119271029
60,2.196,-1.21897239638098
60,2.202,-1.25987778536339
60,2.208,-1.30488420181161
60,2.214,-1.35456028413149
60,2.22,-1.40957294755017
60,2.226,-1.4707077292632
60,2.232,-1.53889402860373
60,2.238,-1.61523657947809
60,2.244,-1.70105489985471
60,2.25,-1.79793300778411
60,2.256,-1.90778242644987
60,2.262,-2.03292249518054
60,2.268,-2.17618336573148
60,2.274,-2.34103895312526
60,2.28,-2.53177977581077
60,2.286,-2.7537394629447
60,2.292,-3.01359441314328
60,2.298,-3.31976489421621
60,2.304,-3.68296012392489
60,2.31,-4.11693425713547
60,2.316,-4.63956454151104
60,2.322,-5.27444868015352
60,2.328,-6.05339496950238
60,2.334,-7.02056575336543
60,2.34,-8.23994394362625
60,2.346,-9.81011139943538
60,2.352,-11.8968450114228
60,2.358,-14.8138694314724
60,2.364,-19.2218531934367
60,2.37,-25.1187892124067
60,2.376,-21.5923194137772
60,2.382,-16.388550095991
60,2.388,-13.0419636473212
60,2.394,-10.7213117840747
60,2.4,-9.00898942627785
60,2.406,-7.69547038992713
60,2.412,-6.66168621415646
60,2.418,-5.83306523779171
60,2.424,-5.15954915193414
60,2.43,-4.60585480223811
60,2.436,-4.14624006764605
60,2.442,-3.76145022518745
60,2.448,-3.4368129414745
60,2.454,-3.16098497213847
60,2.46,-2.92509312095735
60,2.466,-2.7221268318777
60,2.472,-2.5464984572597
60,2.478,-2.39371909089921
60,2.484,-2.26015615077212
60,2.49,-2.14284996665367
60,2.496,-2.03937363432028
60,2.502,-1.94772500244808
60,2.508,-1.86624277743073
60,2.514,-1.79354089580406
60,2.52,-1.72845684484494
60,2.526,-1.67001071124853
60,2.532,-1.61737253704967
60,2.538,-1.56983614907621
60,2.544,-1.52679806335037
60,2.55,-1.48774039086732
60,2.556,-1.45221691566816
60,2.562,-1.41984170123928
60,2.568,-1.39027972228989
60,2.574,-1.3632391270097
60,2.58,-1.33846481815695
60,2.586,-1.31573310580606
60,2.592,-1.29484723478358
60,2.598,-1.27563362909556
60,2.604,-1.25793872652556
60,2.61,-1.24162630096807
60,2.616,-1.22657518940971
60,2.622,-1.21267735588739
60,2.628,-1.19983623709054
60,2.634,-1.18796532418882
60,2.64,-1.17698694346528
60,2.646,-1.16683120481407
60,2.652,-1.15743509242892
60,2.658,-1.14874167630719
60,2.664,-1.14069942671411
60,2.67,-1.13326161664478
60,2.676,-1.12638579970686
60,2.682,-1.12003335281991
60,2.688,-1.11416907476517
60,2.694,-1.10876083298287
60,2.7,-1.10377925215215
60,2.706,-1.09919743904255
60,2.712,-1.09499073892567
60,2.718,-1.09113651951069
60,2.724,-1.0876139789359
60,2.73,-1.08440397483074
60,2.736,-1.0814888718717
60,2.742,-1.07885240560343
60,2.748,-1.07647956059322
60,2.754,-1.07435646124075
60,2.76,-1.07247027378244
60,2.766,-1.07080911821633
60,2.772,-1.06936198903419
60,2.778,-1.06811868378607
60,2.784,-1.06706973862221
60,2.79,-1.06620637006092
60,2.796,-1.06552042232134
60,2.802,-1.06500431963726
60,2.808,-1.0646510230377
60,2.814,-1.0644539911379
60,2.82,-1.0644071445375
60,2.826,-1.06450483346742
60,2.832,-1.06474180836722
60,2.838,-1.0651131931096
60,2.844,-1.0656144606197
60,2.85,-1.06624141066389
60,2.856,-1.06699014960694
60,2.862,-1.06785707195751
60,2.868,-1.06883884354095
60,2.874,-1.06993238615482
60,2.88,-1.07113486357777
60,2.886,-1.07244366881511
60,2.892,-1.07385641247689
60,2.898,-1.07537091219403
60,2.904,-1.07698518298833
60,2.91,-1.07869742851986
60,2.916,-1.08050603314342
60,2.922,-1.08240955471236
60,2.928,-1.08440671807417
60,2.934,-1.08649640920806
60,2.94,-1.08867766995962
60,2.946,-1.09094969333246
60,2.952,-1.09331181930083
60,2.958,-1.09576353111106
60,2.964,-1.09830445204348
60,2.97,-1.10093434260935
60,2.976,-1.10365309816089
60,2.982,-1.10646074689489
60,2.988,-1.10935744823346
60,2.994,-1.11234349156764
60,3,-1.11541929535244
60,3.006,-1.11858540654379
60,3.012,-1.12184250037039
60,3.018,-1.12519138043552
60,3.024,-1.12863297914594
60,3.03,-1.13216835846743
60,3.036,-1.13579871100813
60,3.042,-1.13952536143357
60,3.048,-1.14334976821894
60,3.054,-1.14727352574651
60,3.06,-1.15129836675868
60,3.066,-1.15542616517901
60,3.072,-1.15965893931637
60,3.078,-1.16399885546987
60,3.084,-1.16844823195498
60,3.09,-1.17300954357394
60,3.096,-1.17768542655703
60,3.102,-1.18247868400419
60,3.108,-1.18739229186029
60,3.114,-1.19242940546096
60,3.12,-1.1975933666902
60,3.126,-1.20288771179518
60,3.132,-1.20831617990892
60,3.138,-1.21388272233613
60,3.144,-1.21959151266391
60,3.15,-1.22544695776471
60,3.156,-1.23145370976607
60,3.162,-1.23761667906895
60,3.168,-1.24394104850465
60,3.174,-1.25043228872932
60,3.18,-1.25709617496489
60,3.186,-1.26393880520581
60,3.192,-1.27096662002314
60,3.198,-1.27818642411045
60,3.204,-1.28560540973038
60,3.21,-1.29323118223645
60,3.216,-1.30107178786257
60,3.222,-1.3091357439915
60,3.228,-1.31743207213544
60,3.234,-1.32597033388499
60,3.24,-1.33476067010947
60,3.246,-1.34381384371998
60,3.252,-1.35314128633912
60,3.258,-1.36275514925669
60,3.264,-1.37266835909017
60,3.27,-1.38289467861289
60,3.276,-1.39344877326131
60,3.282,-1.40434628388714
60,3.288,-1.41560390638016
60,3.294,-1.42723947885517
60,3.3,-1.43927207717032
60,3.306,-1.45172211962818
60,3.312,-1.46461148180287
60,3.318,-1.47796362254017
60,3.324,-1.49180372229261
60,3.33,-1.50615883507998
60,3.336,-1.52105805550877
60,3.342,-1.53653270244358
60,3.348,-1.55261652110224
60,3.354,-1.56934590554414
60,3.36,-1.58676014374333
60,3.366,-1.60490168768457
60,3.372,-1.62381645119527
60,3.378,-1.64355413853273
60,3.384,-1.66416860708646
60,3.39,-1.685718267934
60,3.396,-1.70826652840894
60,3.402,-1.73188228130586
60,3.408,-1.75664044586243
60,3.414,-1.78262256622853
60,3.42,-1.80991747375981
60,3.426,-1.83862202016255
60,3.432,-1.86884188927176
60,3.438,-1.90069249606768
60,3.444,-1.93429998243041
60,3.45,-1.96980232009733
60,3.456,-2.00735053232371
60,3.462,-2.0471100468496
60,3.468,-2.0892621939385
60,3.474,-2.13400586446672
60,3.48,-2.18155934429048
60,3.486,-2.23216234238122
60,3.492,-2.28607823147237
60,3.498,-2.34359652116943
60,3.504,-2.40503558460209
60,3.51,-2.47074566069722
60,3.516,-2.54111215498037
60,3.522,-2.61655926242582
60,3.528,-2.69755393624161
60,3.534,-2.78461022658803
60,3.54,-2.8782940131274
60,3.546,-2.97922815510553
60,3.552,-3.08809808261067
60,3.558,-3.20565785316652
60,3.564,-3.33273669958091
60,3.57,-3.47024609906449
60,3.576,-3.61918740165344
60,3.582,-3.78066007023824
60,3.588,-3.955870608304
60,3.594,-4.14614228938161
60,3.6,-4.35292586040917
90,1.2,-0.364261324303614
90,1.206,-0.36573913197927
90,1.212,-0.3672659389226
90,1.218,-0.368839575798732
90,1.224,-0.370457934526708
90,1.23,-0.372118968084803
90,1.236,-0.373820690258957
90,1.242,-0.375561175336777
90,1.248,-0.377338557749634
90,1.254,-0.379151031665238
90,1.26,-0.380996850533151
90,1.266,-0.382874326585595
90,1.272,-0.384781830295919
90,1.278,-0.38671778979704
90,1.284,-0.388680690262129
90,1.29,-0.390669073249815
90,1.296,-0.392681536016093
90,1.302,-0.394716730795119
90,1.308,-0.396773364051052
90,1.314,-0.398850195703013
90,1.32,-0.400946038325255
90,1.326,-0.403059756324559
90,1.332,-0.40519026509685
90,1.338,-0.40733653016501
90,1.344,-0.409497566299789
90,1.35,-0.41167243662571
90,1.356,-0.413860251713834
90,1.362,-0.416060168663189
90,1.368,-0.418271390172651
90,1.374,-0.420493163605075
90,1.38,-0.422724780045314
90,1.386,-0.424965573353945
90,1.392,-0.427214919218233
90,1.398,-0.429472234202106
90,1.404,-0.431736974796614
90,1.41,-0.43400863647262
90,1.416,-0.436286752737123
90,1.422,-0.438570894194878
90,1.428,-0.440860667616762
90,1.434,-0.443155715016405
90,1.44,-0.445455712736571
90,1.446,-0.447760370546754
90,1.452,-0.450069430753402
90,1.458,-0.452382667324251
90,1.464,-0.454699885028159
90,1.47,-0.457020918591837
90,1.476,-0.459345631874933
90,1.482,-0.461673917064787
90,1.488,-0.464005693892333
90,1.494,-0.466340908870451
90,1.5,-0.468679534556242
90,1.506,-0.471021568838543
90,1.512,-0.473367034252135
90,1.518,-0.475715977320042
90,1.524,-0.47806846792529
90,1.53,-0.480424598713665
90,1.536,-0.482784484528801
90,1.542,-0.48514826188116
90,1.548,-0.487516088452404
90,1.554,-0.489888142636625
90,1.56,-0.492264623120089
90,1.566,-0.494645748501078
90,1.572,-0.497031756951447
90,1.578,-0.499422905921692
90,1.584,-0.501819471891238
90,1.59,-0.504221750165812
90,1.596,-0.506630054723849
90,1.602,-0.509044718113863
90,1.608,-0.511466091404966
90,1.614,-0.513894544192656
90,1.62,-0.516330464662233
90,1.626,-0.518774259712277
90,1.632,-0.521226355140744
90,1.638,-0.523687195896439
90,1.644,-0.526157246398732
90,1.65,-0.528636990928655
90,1.656,-0.531126934094622
90,1.662,-0.53362760137628
90,1.668,-0.536139539750322
90,1.674,-0.538663318402184
90,1.68,-0.541199529528043
90,1.686,-0.543748789231719
90,1.692,-0.546311738521489
90,1.698,-0.548889044412223
90,1.704,-0.551481401138661
90,1.71,-0.554089531486118
90,1.716,-0.556714188245455
90,1.722,-0.559356155799629
90,1.728,-0.562016251849932
90,1.734,-0.564695329290491
90,1.74,-0.567394278240514
90,1.746,-0.570114028244548
90,1.752,-0.572855550651912
90,1.758,-0.575619861187434
90,1.764,-0.578408022726812
90,1.77,-0.581221148291024
90,1.776,-0.584060404275634
90,1.782,-0.586927013932254
90,1.788,-0.589822261121091
90,1.794,-0.592747494355273
90,1.8,-0.595704131159576
90,1.806,-0.598693662768634
90,1.812,-0.601717659191677
90,1.818,-0.604777774674031
90,1.824,-0.607875753588279
90,1.83,-0.61101343679144
90,1.836,-0.614192768488139
90,1.842,-0.617415803643921
90,1.848,-0.620684715997462
90,1.854,-0.624001806725281
90,1.86,-0.627369513818668
90,1.866,-0.630790422238461
90,1.872,-0.634267274920779
90,1.878,-0.637802984714515
90,1.884,-0.641400647340476
90,1.89,-0.645063555472079
90,1.896,-0.648795214048691
90,1.902,-0.652599356945454
90,1.908,-0.65647996513779
90,1.914,-0.660441286514799
90,1.92,-0.66448785751407
90,1.926,-0.668624526771133
90,1.932,-0.672856481000033
90,1.938,-0.677189273348216
90,1.944,-0.681628854499153
90,1.95,-0.686181606830193
90,1.956,-0.690854381972937
90,1.962,-0.695654542167718
90,1.968,-0.700590005855347
90,1.974,-0.705669298008031
90,1.98,-0.710901605768889
90,1.986,-0.716296840047211
90,1.992,-0.721865703806064
90,1.998,-0.72761976788247
90,2.004,-0.733571555299865
90,2.01,-0.739734635171415
90,2.016,-0.746123727453926
90,2.022,-0.752754819999814
90,2.028,-0.759645299573855
90,2.034,-0.766814098756843
90,2.04,-0.774281860959673
90,2.046,-0.782071126122954
90,2.052,-0.790206540093361
90,2.058,-0.798715091158246
90,2.064,-0.807626377800299
90,2.07,-0.816972912423334
90,2.076,-0.826790466619789
90,2.082,-0.837118464528635
90,2.088,-0.848000432003122
90,2.094,-0.859484510711975
90,2.1,-0.871624047988916
90,2.106,-0.88447827528609
90,2.112,-0.898113090560196
90,2.118,-0.912601962924057
90,2.124,-0.928026981559738
90,2.13,-0.944480075370736
90,2.136,-0.962064435352666
90,2.142,-0.980896178440914
90,2.148,-1.00110629997822
90,2.154,-1.02284297235301
90,2.16,-1.04627426033145
90,2.166,-1.0715913398377
90,2.172,-1.09901232733005
90,2.178,-1.12878685265069
90,2.184,-1.16120154082832
90,2.19,-1.19658660980395
90,2.196,-1.23532384408675
90,2.202,-1.27785627245655
90,2.208,-1.32469996569698
90,2.214,-1.37645848424448
90,2.22,-1.43384065400111
90,2.226,-1.49768254278137
90,2.232,-1.56897476543837
90,2.238,-1.64889658386117
90,2.244,-1.73885871804617
90,2.25,-1.84055738718743
90,2.256,-1.95604291298479
90,2.262,-2.08780732428487
90,2.268,-2.23889692525566
90,2.274,-2.41305791466645
90,2.28,-2.61492616546247
90,2.286,-2.85027667809819
90,2.292,-3.12635485589617
90,2.298,-3.45232217602706
90,2.304,-3.83986607018984
90,2.31,-4.30405404207285
90,2.316,-4.86456835474794
90,2.322,-5.54756928938609
90,2.328,-6.38867074012632
90,2.334,-7.43804376297381
90,2.34,-8.76995888125245
90,2.346,-10.5025450208728
90,2.352,-12.8439584277808
90,2.358,-16.2155393010734
90,2.364,-21.5453047353891
90,2.37,-25.9864036710747
90,2.376,-19.73545345292
90,2.382,-15.1691297497661
90,2.388,-12.2135827887853
90,2.394,-10.1218275251959
90,2.4,-8.55705506713287
90,2.406,-7.34554101404373
90,2.412,-6.38563677847425
90,2.418,-5.61223935791262
90,2.424,-4.98093013105546
90,2.43,-4.46003170780696
90,2.436,-4.02623312736688
90,2.442,-3.66198419514817
90,2.448,-3.35384239588822
90,2.454,-3.09137089755307
90,2.46,-2.86637551561009
90,2.466,-2.67236096483849
90,2.472,-2.50413480962939
90,2.478,-2.35751406629014
90,2.484,-2.22910489884263
90,2.49,-2.11613534915783
90,2.496,-2.01632712373395
90,2.502,-1.92779649324057
90,2.508,-1.84897711393604
90,2.514,-1.77855950186176
90,2.52,-1.71544325654286
90,2.526,-1.65869911568011
90,2.532,-1.60753864074298
90,2.538,-1.56128986271995
90,2.544,-1.51937761067355
90,2.55,-1.48130754033688
90,2.556,-1.44665310212238
90,2.562,-1.41504485648817
90,2.568,-1.3861616733089
90,2.574,-1.35972345071876
90,2.58,-1.33548506518688
90,2.586,-1.31323132379563
90,2.592,-1.29277273587719
90,2.598,-1.2739419573659
90,2.604,-1.25659078973574
90,2.61,-1.24058763795079
90,2.616,-1.22581534978443
90,2.622,-1.21216937317322
90,2.628,-1.19955617974138
90,2.634,-1.18789191186321
90,2.64,-1.17710121809021
90,2.646,-1.16711624782044
90,2.652,-1.15787578101342
90,2.658,-1.14932447278001
90,2.664,-1.14141219597773
90,2.67,-1.1340934676579
90,2.676,-1.12732694745434
90,2.682,-1.12107499786026
90,2.688,-1.11530329788387
90,2.694,-1.1099805028592
90,2.7,-1.10507794426422
90,2.706,-1.1005693642995
90,2.712,-1.09643068073855
90,2.718,-1.09263977819984
90,2.724,-1.08917632253045
90,2.73,-1.08602159544867
90,2.736,-1.08315834698177
90,2.742,-1.08057066356621
90,2.748,-1.07824384995976
90,2.754,-1.07616432335733
90,2.76,-1.07431951830922
90,2.766,-1.07269780121873
90,2.772,-1.07128839334989
90,2.778,-1.07008130140804
90,2.784,-1.06906725487087
90,2.79,-1.06823764934672
90,2.796,-1.06758449532314
90,2.802,-1.06710037174362
90,2.808,-1.06677838391575
90,2.814,-1.06661212531137
90,2.82,-1.06659564286864
90,2.826,-1.06672340545035
90,2.832,-1.0669902751506
90,2.838,-1.06739148117601
90,2.844,-1.06792259605731
90,2.85,-1.06857951397326
90,2.856,-1.06935843099214
90,2.862,-1.07025582705649
90,2.868,-1.07126844955485
90,2.874,-1.07239329834063
90,2.88,-1.07362761207235
90,2.886,-1.0749688557623
90,2.892,-1.0764147094324
90,2.898,-1.07796305778555
90,2.904,-1.07961198081099
90,2.91,-1.08135974524895
90,2.916,-1.08320479684871
90,2.922,-1.08514575335979
90,2.928,-1.08718139820252
90,2.934,-1.08931067476948
90,2.94,-1.09153268131435
90,2.946,-1.09384666638905
90,2.952,-1.09625202479454
90,2.958,-1.09874829401377
90,2.964,-1.10133515109962
90,2.97,-1.10401240999304
90,2.976,-1.10678001925027
90,2.982,-1.10963806016022
90,2.988,-1.11258674523659
90,2.994,-1.11562641707062
90,3,-1.11875754753388
90,3.006,-1.12198073732213
90,3.012,-1.12529671583372
90,3.018,-1.12870634137808
90,3.024,-1.13221060171214
90,3.03,-1.13581061490432
90,3.036,-1.13950763052836
90,3.042,-1.14330303119073
90,3.048,-1.14719833439812
90,3.054,-1.15119519477336
90,3.06,-1.1552954066307
90,3.066,-1.15950090692338
90,3.072,-1.16381377857939
90,3.078,-1.16823625424346
90,3.084,-1.17277072044657
90,3.09,-1.17741972222674
90,3.096,-1.18218596822844
90,3.102,-1.18707233631094
90,3.108,-1.19208187969995
90,3.114,-1.19721783372016
90,3.12,-1.20248362315143
90,3.126,-1.20788287025492
90,3.132,-1.21341940352131
90,3.138,-1.2190972671977
90,3.144,-1.22492073165692
90,3.15,-1.23089430467784
90,3.156,-1.2370227437136
90,3.162,-1.24331106923167
90,3.168,-1.249764579218
90,3.174,-1.25638886494721
90,3.18,-1.26318982813028
90,3.186,-1.27017369956272
90,3.192,-1.27734705940844
90,3.198,-1.28471685926753
90,3.204,-1.29229044619171
90,3.21,-1.30007558882699
90,3.216,-1.30808050588141
90,3.222,-1.31631389713572
90,3.228,-1.32478497723686
90,3.234,-1.33350351253846
90,3.24,-1.34247986128003
90,3.246,-1.35172501742576
90,3.252,-1.36125065851784
90,3.258,-1.37106919793576
90,3.264,-1.38119384199374
90,3.27,-1.39163865235448
90,3.276,-1.40241861428754
90,3.282,-1.41354971135688
90,3.288,-1.42504900718509
90,3.294,-1.43693473501078
90,3.3,-1.44922639583383
90,3.306,-1.46194486602909
90,3.312,-1.4751125154057
90,3.318,-1.48875333679655
90,3.324,-1.50289308838197
90,3.33,-1.51755945008555
90,3.336,-1.53278219552881
90,3.342,-1.54859338119782
90,3.348,-1.56502755466021
90,3.354,-1.58212198387807
90,3.36,-1.59991690989296
90,3.366,-1.61845582541643
90,3.372,-1.63778578214628
90,3.378,-1.65795772994817
90,3.384,-1.67902689139725
90,3.39,-1.70105317556986
90,3.396,-1.72410163541365
90,3.402,-1.74824297351114
90,3.408,-1.77355410158954
90,3.414,-1.80011875972452
90,3.42,-1.82802820184035
90,3.426,-1.8573819548284
90,3.432,-1.88828865939345
90,3.438,-1.92086700159611
90,3.444,-1.95524674499134
90,3.45,-1.99156987426844
90,3.456,-2.02999186237492
90,3.462,-2.07068307425262
90,3.468,-2.11383032152019
90,3.474,-2.15963858369174
90,3.48,-2.20833291281056
90,3.486,-2.26016053967595
90,3.492,-2.31539320112489
90,3.498,-2.37432970906041
90,3.504,-2.43729878305629
90,3.51,-2.50466216936644
90,3.516,-2.57681806997879
90,3.522,-2.6542049059367
90,3.528,-2.73730543947522
90,3.534,-2.82665127958905
90,3.54,-2.92282779551781
90,3.546,-3.02647946244951
90,3.552,-3.13831566378673
90,3.558,-3.25911697508504
90,3.564,-3.38974195705398
90,3.57,-3.53113449002542
90,3.576,-3.68433169185919
90,3.582,-3.85047247797735
90,3.588,-4.0308068497825
90,3.594,-4.22670604119905
90,3.6,-4.43967371939032
120,1.2,-0.363456163917243
120,1.206,-0.364917515397782
120,1.212,-0.366427866222381
120,1.218,-0.367984986703978
120,1.224,-0.369586711141336
120,1.23,-0.371230937636762
120,1.236,-0.372915627851903
120,1.242,-0.374638806704315
120,1.248,-0.376398562007433
120,1.254,-0.378193044056609
120,1.26,-0.380020465163772
120,1.266,-0.381879099143325
120,1.272,-0.383767280751778
120,1.278,-0.385683405083664
120,1.284,-0.387625926926154
120,1.29,-0.389593360074844
120,1.296,-0.39158427661309
120,1.302,-0.393597306157255
120,1.308,-0.395631135070167
120,1.314,-0.397684505645084
120,1.32,-0.399756215262424
120,1.326,-0.401845115521382
120,1.332,-0.403950111348701
120,1.338,-0.406070160086634
120,1.344,-0.408204270562215
120,1.35,-0.410351502139882
120,1.356,-0.412510963759443
120,1.362,-0.414681812961369
120,1.368,-0.416863254901326
120,1.374,-0.419054541355864
120,1.38,-0.421254969721113
120,1.386,-0.423463882006311
120,1.392,-0.425680663823924
120,1.398,-0.427904743378214
120,1.404,-0.430135590453851
120,1.41,-0.432372715406381
120,1.416,-0.434615668156158
120,1.422,-0.436864037187418
120,1.428,-0.439117448554045
120,1.434,-0.441375564893741
120,1.44,-0.443638084452038
120,1.446,-0.44590474011777
120,1.452,-0.448175298471545
120,1.458,-0.450449558848657
120,1.464,-0.452727352418007
120,1.47,-0.45500854127845
120,1.476,-0.457293017574069
120,1.482,-0.459580702629809
120,1.488,-0.461871546108928
120,1.494,-0.464165525193706
120,1.5,-0.46646264379084
120,1.506,-0.468762931762955
120,1.512,-0.471066444187684
120,1.518,-0.473373260645765
120,1.524,-0.475683484539586
120,1.53,-0.477997242443619
120,1.536,-0.480314683488317
120,1.542,-0.482635978778837
120,1.548,-0.484961320850242
120,1.554,-0.487290923160629
120,1.56,-0.48962501962383
120,1.566,-0.491963864183292
120,1.572,-0.494307730428785
120,1.578,-0.496656911257697
120,1.584,-0.499011718582642
120,1.59,-0.501372483087276
120,1.596,-0.503739554032185
120,1.602,-0.506113299112891
120,1.608,-0.50849410437201
120,1.614,-0.510882374167783
120,1.62,-0.513278531201316
120,1.626,-0.515683016604844
120,1.632,-0.518096290093705
120,1.638,-0.520518830184664
120,1.644,-0.522951134483464
120,1.65,-0.525393720044751
120,1.656,-0.527847123807496
120,1.662,-0.530311903109537
120,1.668,-0.532788636284931
120,1.674,-0.535277923348055
120,1.68,-0.537780386768841
120,1.686,-0.540296672343733
120,1.692,-0.542827450167275
120,1.698,-0.54537341570985
120,1.704,-0.547935291007141
120,1.71,-0.550513825967788
120,1.716,-0.553109799805871
120,1.722,-0.555724022605591
120,1.728,-0.558357337026175
120,1.734,-0.561010620155536
120,1.74,-0.563684785522159
120,1.746,-0.566380785275386
120,1.752,-0.569099612545248
120,1.758,-0.571842303993905
120,1.764,-0.574609942571993
120,1.77,-0.577403660494171
120,1.776,-0.580224642449748
120,1.782,-0.583074129065559
120,1.788,-0.585953420639849
120,1.794,-0.588863881167983
120,1.8,-0.591806942682411
120,1.806,-0.594784109931807
120,1.812,-0.597796965426584
120,1.818,-0.600847174880697
120,1.824,-0.603936493082648
120,1.83,-0.607066770231936
120,1.836,-0.610239958780818
120,1.842,-0.613458120825396
120,1.848,-0.61672343609463
120,1.854,-0.620038210590849
120,1.86,-0.623404885941184
120,1.866,-0.626826049525524
120,1.872,-0.630304445453788
120,1.878,-0.633842986473304
120,1.884,-0.63744476689579
120,1.89,-0.641113076643741
120,1.896,-0.644851416527017
120,1.902,-0.648663514873214
120,1.908,-0.652553345649694
120,1.914,-0.656525148231184
120,1.92,-0.660583448985095
120,1.926,-0.664733084867457
120,1.932,-0.668979229245355
120,1.938,-0.673327420188811
120,1.944,-0.677783591504758
120,1.95,-0.682354106820313
120,1.956,-0.687045797061715
120,1.962,-0.691866001720003
120,1.968,-0.696822614345747
120,1.974,-0.701924132773856
120,1.98,-0.707179714646998
120,1.986,-0.712599238883642
120,1.992,-0.71819337382626
120,1.998,-0.723973652908503
120,2.004,-0.729952558799687
120,2.01,-0.736143617123571
120,2.016,-0.742561501009323
120,2.022,-0.749222147920375
120,2.028,-0.756142890425283
120,2.034,-0.763342602830952
120,2.04,-0.770841865898351
120,2.046,-0.778663152213419
120,2.052,-0.786831035200844
120,2.058,-0.795372425258604
120,2.064,-0.804316837071282
120,2.07,-0.813696692848695
120,2.076,-0.823547667055722
120,2.082,-0.833909079177104
120,2.088,-0.844824342230749
120,2.094,-0.856341476147703
120,2.1,-0.868513696826988
120,2.106,-0.881400093715185
120,2.112,-0.895066411232637
120,2.118,-0.909585952373259
120,2.124,-0.92504062646882
120,2.13,-0.941522167590879
120,2.136,-0.959133555568235
120,2.142,-0.977990678379848
120,2.148,-0.998224283072953
120,2.154,-1.01998227277168
120,2.16,-1.04343242032493
120,2.166,-1.06876558538964
120,2.172,-1.0961995421619
120,2.178,-1.12598355073118
120,2.184,-1.15840383768042
120,2.19,-1.19379019311047
120,2.196,-1.23252394439624
120,2.202,-1.27504763521877
120,2.208,-1.3218768264663
120,2.214,-1.37361454975085
120,2.22,-1.43096909300482
120,2.226,-1.49477599234206
120,2.232,-1.56602536064013
120,2.238,-1.64589602242298
120,2.244,-1.7357983759962
120,2.25,-1.83742850842401
120,2.256,-1.95283690481371
120,2.262,-2.08451620389145
120,2.268,-2.23551397983309
120,2.274,-2.40957866223853
120,2.28,-2.61134973635213
120,2.286,-2.84660778087088
120,2.292,-3.12260654894959
120,2.298,-3.44851973902562
120,2.304,-3.83605235952253
120,2.31,-4.30029682062894
120,2.316,-4.86097020275435
120,2.322,-5.54428080603577
120,2.328,-6.38590772564275
120,2.334,-7.43610837932507
120,2.34,-8.76926055782819
120,2.346,-10.5035928190044
120,2.352,-12.8471435301047
120,2.358,-16.2192525552222
120,2.364,-21.5238180707202
120,2.37,-25.7777913432387
120,2.376,-19.6396163836031
120,2.382,-15.1180926663983
120,2.388,-12.1793331514669
120,2.394,-10.0963452091873
120,2.4,-8.53713411883619
120,2.406,-7.32958011751464
120,2.412,-6.37270147093672
120,2.418,-5.60171934276206
120,2.424,-4.97239337257389
120,2.43,-4.45315473715462
120,2.436,-4.02076437456861
120,2.442,-3.6577229338966
120,2.448,-3.35062564713937
120,2.454,-3.08906469267479
120,2.46,-2.8648687237586
120,2.466,-2.67156073584991
120,2.472,-2.50396309995527
120,2.478,-2.3579049297358
120,2.484,-2.23000233969151
120,2.49,-2.11749160138832
120,2.496,-2.01810126004375
120,2.502,-1.92995329325072
120,2.508,-1.85148613829718
120,2.514,-1.78139433125871
120,2.52,-1.71858086358428
120,2.526,-1.6621193444219
120,2.532,-1.61122377377572
120,2.538,-1.56522425977519
120,2.544,-1.52354740585986
120,2.55,-1.48570038760945
120,2.556,-1.45125796056947
120,2.562,-1.41985180859708
120,2.568,-1.39116177063863
120,2.574,-1.36490858242271
120,2.58,-1.34084784564811
120,2.586,-1.3187649962996
120,2.592,-1.29847108978394
120,2.598,-1.2797992566809
120,2.604,-1.26260171133499
120,2.61,-1.24674721800754
120,2.616,-1.23211893718437
120,2.622,-1.21861258890203
120,2.628,-1.20613488139105
120,2.634,-1.19460216253841
120,2.64,-1.18393925910763
120,2.646,-1.17407847468688
120,2.652,-1.16495872224642
120,2.658,-1.15652477119959
120,2.664,-1.14872659215214
120,2.67,-1.14151878523272
120,2.676,-1.13486008013234
120,2.682,-1.12871289783259
120,2.688,-1.12304296554067
120,2.694,-1.11781897763143
120,2.7,-1.1130122964683
120,2.706,-1.10859668787381
120,2.712,-1.1045480867752
120,2.718,-1.10084438918786
120,2.724,-1.09746526723708
120,2.73,-1.09439200437496
120,2.736,-1.09160734833648
120,2.742,-1.08909537970885
120,2.748,-1.08684139426984
120,2.754,-1.08483179749159
120,2.76,-1.08305400981345
120,2.766,-1.08149638146446
120,2.772,-1.08014811576959
120,2.778,-1.07899920000537
120,2.784,-1.07804034298511
120,2.79,-1.07726291865267
120,2.796,-1.07665891504953
120,2.802,-1.07622088809496
120,2.808,-1.0759419196838
120,2.814,-1.0758155796636
120,2.82,-1.07583589130239
120,2.826,-1.07599729990183
120,2.832,-1.07629464424908
120,2.838,-1.07672313063406
120,2.844,-1.07727830918829
120,2.85,-1.0779560523281
120,2.856,-1.07875253510749
120,2.862,-1.07966421730675
120,2.868,-1.08068782710093
120,2.874,-1.08182034616824
120,2.88,-1.08305899611286
120,2.886,-1.08440122608938
120,2.892,-1.08584470152742
120,2.898,-1.08738729386503
120,2.904,-1.08902707120891
120,2.91,-1.09076228984718
120,2.916,-1.09259138654827
120,2.922,-1.09451297158569
120,2.928,-1.09652582243471
120,2.934,-1.09862887809236
120,2.94,-1.1008212339769
120,2.946,-1.10310213736751
120,2.952,-1.10547098334931
120,2.958,-1.10792731123195
120,2.964,-1.11047080141421
120,2.97,-1.11310127266963
120,2.976,-1.11581867983162
120,2.982,-1.11862311185904
120,2.988,-1.12151479026598
120,2.994,-1.1244940679019
120,3,-1.12756142807061
120,3.006,-1.13071748397908
120,3.012,-1.133962978509
120,3.018,-1.13729878430614
120,3.024,-1.14072590418522
120,3.03,-1.14424547184914
120,3.036,-1.14785875292457
120,3.042,-1.15156714631721
120,3.048,-1.15537218589256
120,3.054,-1.15927554249033
120,3.06,-1.16327902628254
120,3.066,-1.16738458948819
120,3.072,-1.17159432945939
120,3.078,-1.17591049215684
120,3.084,-1.18033547603508
120,3.09,-1.18487183636101
120,3.096,-1.18952228999205
120,3.102,-1.19428972064404
120,3.108,-1.19917718468233
120,3.114,-1.20418791747316
120,3.12,-1.20932534033746
120,3.126,-1.21459306815253
120,3.132,-1.21999491765319
120,3.138,-1.2255349164885
120,3.144,-1.23121731309642
120,3.15,-1.23704658746506
120,3.156,-1.24302746285623
120,3.162,-1.24916491857443
120,3.168,-1.25546420387317
120,3.174,-1.26193085309931
120,3.18,-1.2685707021865
120,3.186,-1.27538990661996
120,3.192,-1.2823949610067
120,3.198,-1.28959272039913
120,3.204,-1.29699042353505
120,3.21,-1.30459571817266
120,3.216,-1.31241668871837
120,3.222,-1.32046188636441
120,3.228,-1.32874036197611
120,3.234,-1.33726170199254
120,3.24,-1.34603606763241
120,3.246,-1.35507423772636
120,3.252,-1.36438765553089
120,3.258,-1.37398847991631
120,3.264,-1.38388964136225
120,3.27,-1.39410490324029
120,3.276,-1.40464892891479
120,3.282,-1.41553735524933
120,3.288,-1.42678687317011
120,3.294,-1.43841531600796
120,3.3,-1.45044175641982
120,3.306,-1.46288661277792
120,3.312,-1.47577176601328
120,3.318,-1.48912068800958
120,3.324,-1.50295858276552
120,3.33,-1.51731254168036
120,3.336,-1.53221171446967
120,3.342,-1.54768749738891
120,3.348,-1.56377374063213
120,3.354,-1.58050697698639
120,3.36,-1.59792667405906
120,3.366,-1.61607551266082
120,3.372,-1.63499969422235
120,3.378,-1.65474928045335
120,3.384,-1.67537856881939
120,3.39,-1.69694650782216
120,3.396,-1.71951715652402
120,3.402,-1.74316019326318
120,3.408,-1.76795147906717
120,3.414,-1.79397368189248
120,3.42,-1.82131696850358
120,3.426,-1.85007977155807
120,3.432,-1.88036964029241
120,3.438,-1.91230418410592
120,3.444,-1.94601211932335
120,3.45,-1.98163443047918
120,3.456,-2.01932565860761
120,3.462,-2.05925533023843
120,3.468,-2.10160954208218
120,3.474,-2.14659271772662
120,3.48,-2.19442955404299
120,3.486,-2.24536717639121
120,3.492,-2.29967752308614
120,3.498,-2.35765998090419
120,3.504,-2.41964429462307
120,3.51,-2.48599377464379
120,3.516,-2.55710882758615
120,3.522,-2.63343083532249
120,3.528,-2.71544640817332
120,3.534,-2.80369203792329
120,3.54,-2.89875917595931
120,3.546,-3.00129976131872
120,3.552,-3.11203222303291
120,3.558,-3.23174798135175
120,3.564,-3.36131847404787
120,3.57,-3.50170273829352
120,3.576,-3.65395558748364
120,3.582,-3.81923643862169
120,3.588,-3.99881887343623
120,3.594,-4.19410106073925
120,3.6,-4.40661723617694
150,1.2,-0.363764779997031
150,1.206,-0.365102289739974
150,1.212,-0.366497754653705
150,1.218,-0.367949242142057
150,1.224,-0.369454838012038
150,1.23,-0.371012647941149
150,1.236,-0.372620798895857
150,1.242,-0.374277440500469
150,1.248,-0.375980746355765
150,1.254,-0.377728915306827
150,1.26,-0.379520172659606
150,1.266,-0.381352771345842
150,1.272,-0.383224993036037
150,1.278,-0.385135149200286
150,1.284,-0.387081582116823
150,1.29,-0.389062665828268
150,1.296,-0.391076807045583
150,1.302,-0.393122445999886
150,1.308,-0.395198057242277
150,1.314,-0.397302150391989
150,1.32,-0.399433270833163
150,1.326,-0.401590000360688
150,1.332,-0.403770957775573
150,1.338,-0.405974799430428
150,1.344,-0.408200219725606
150,1.35,-0.410445951556763
150,1.356,-0.41271076671453
150,1.362,-0.414993476237072
150,1.368,-0.417292930716498
150,1.374,-0.419608020559923
150,1.38,-0.421937676206197
150,1.386,-0.424280868299382
150,1.392,-0.426636607819952
150,1.398,-0.429003946174948
150,1.404,-0.43138197524821
150,1.41,-0.433769827411924
150,1.416,-0.43616667550078
150,1.422,-0.438571732750045
150,1.428,-0.440984252698936
150,1.434,-0.443403529060698
150,1.44,-0.445828895560845
150,1.446,-0.44825972574508
150,1.452,-0.450695432758393
150,1.458,-0.453135469097013
150,1.464,-0.455579326334733
150,1.47,-0.45802653482535
150,1.476,-0.460476663382937
150,1.482,-0.462929318941632
150,1.488,-0.46538414619681
150,1.494,-0.467840827229457
150,1.5,-0.470299081115591
150,1.506,-0.472758663522703
150,1.512,-0.475219366295143
150,1.518,-0.477681017030521
150,1.524,-0.480143478649077
150,1.53,-0.482606648958296
150,1.536,-0.485070460214737
150,1.542,-0.487534878685424
150,1.548,-0.489999904211027
150,1.554,-0.4924655697731
150,1.56,-0.494931941067876
150,1.566,-0.497399116088904
150,1.572,-0.499867224721237
150,1.578,-0.502336428349549
150,1.584,-0.504806919483025
150,1.59,-0.507278921399657
150,1.596,-0.509752687812784
150,1.602,-0.5122285025629
150,1.608,-0.514706679337586
150,1.614,-0.517187561422889
150,1.62,-0.519671521489246
150,1.626,-0.522158961415435
150,1.632,-0.524650312154049
150,1.638,-0.527146033642095
150,1.644,-0.529646614760663
150,1.65,-0.5321525733476
150,1.656,-0.53466445626739
150,1.662,-0.537182839542683
150,1.668,-0.53970832855213
150,1.674,-0.542241558299314
150,1.68,-0.544783193758088
150,1.686,-0.547333930299659
150,1.692,-0.549894494207273
150,1.698,-0.552465643284603
150,1.704,-0.555048167564448
150,1.71,-0.557642890124589
150,1.716,-0.560250668018355
150,1.722,-0.562872393327795
150,1.728,-0.565508994347944
150,1.734,-0.568161436911395
150,1.74,-0.570830725862882
150,1.746,-0.573517906694598
150,1.752,-0.576224067353474
150,1.758,-0.57895034023286
150,1.764,-0.581697904361834
150,1.77,-0.584467987806571
150,1.776,-0.587261870299416
150,1.782,-0.590080886112607
150,1.788,-0.592926427195131
150,1.794,-0.595799946592754
150,1.8,-0.598702962173215
150,1.806,-0.601637060680466
150,1.812,-0.604603902144072
150,1.818,-0.60760522467245
150,1.824,-0.610642849661242
150,1.83,-0.613718687451287
150,1.836,-0.616834743473873
150,1.842,-0.619993124924883
150,1.848,-0.62319604801358
150,1.854,-0.626445845836342
150,1.86,-0.62974497693104
150,1.866,-0.633096034573493
150,1.872,-0.636501756883922
150,1.878,-0.639965037818717
150,1.884,-0.643488939130825
150,1.89,-0.647076703391508
150,1.896,-0.650731768176283
150,1.902,-0.6544577815296
150,1.908,-0.658258618835774
150,1.914,-0.662138401238565
150,1.92,-0.666101515768288
150,1.926,-0.670152637354233
150,1.932,-0.674296752921562
150,1.938,-0.67853918779578
150,1.944,-0.682885634665694
150,1.95,-0.687342185386716
150,1.956,-0.691915365942152
150,1.962,-0.69661217492059
150,1.968,-0.70144012591414
150,1.974,-0.706407294295256
150,1.98,-0.711522368891093
150,1.986,-0.716794709144181
150,1.992,-0.722234408429203
150,1.998,-0.727852364288517
150,2.004,-0.73366035645666
150,2.01,-0.739671133668699
150,2.016,-0.745898510391742
150,2.022,-0.752357474786817
150,2.028,-0.75906430940413
150,2.034,-0.766036726343206
150,2.04,-0.773294018876881
150,2.046,-0.780857231851672
150,2.052,-0.788749353545936
150,2.058,-0.796995532101928
150,2.064,-0.805623320161207
150,2.07,-0.814662951941507
150,2.076,-0.824147657715354
150,2.082,-0.834114021511363
150,2.088,-0.844602388886585
150,2.094,-0.855657332849005
150,2.1,-0.867328187487265
150,2.106,-0.879669660645683
150,2.112,-0.892742539134831
150,2.118,-0.906614502577215
150,2.124,-0.921361065161473
150,2.13,-0.937066668451979
150,2.136,-0.953825953144875
150,2.142,-0.971745243491619
150,2.148,-0.990944285303459
150,2.154,-1.01155828735446
150,2.16,-1.03374032706876
150,2.166,-1.05766419518724
150,2.172,-1.08352777141016
150,2.178,-1.11155704477779
150,2.184,-1.14201092004599
150,2.19,-1.1751869861992
150,2.196,-1.21142846769893
150,2.202,-1.25113263597138
150,2.208,-1.29476103181611
150,2.214,-1.34285194395918
150,2.22,-1.39603571170289
150,2.226,-1.45505357972094
150,2.232,-1.52078104294547
150,2.238,-1.59425689612272
150,2.244,-1.67671956920956
150,2.25,-1.76965281849017
150,2.256,-1.87484349909448
150,2.262,-1.99445503133576
150,2.268,-2.13112138329051
150,2.274,-2.28806806227825
150,2.28,-2.46926894826095
150,2.286,-2.67965114783483
150,2.292,-2.92536496011729
150,2.298,-3.21414351811472
150,2.304,-3.55578855286852
150,2.31,-3.9628386599759
150,2.316,-4.45151192114059
150,2.322,-5.04308188836136
150,2.328,-5.76598118267533
150,2.334,-6.65921684736648
150,2.34,-7.77834588083352
150,2.346,-9.20690485436381
150,2.352,-11.0806677387778
150,2.358,-13.6456184717317
150,2.364,-17.410261332511
150,2.37,-23.2486010756988
150,2.376,-24.0877103765855
150,2.382,-18.0913872788909
150,2.388,-14.1591322785391
150,2.394,-11.5201933445202
150,2.4,-9.61212679485894
150,2.406,-8.16672316773647
150,2.412,-7.03860545117781
150,2.418,-6.13977209017581
150,2.424,-5.41253977287297
150,2.43,-4.81692082661485
150,2.436,-4.32408025227077
150,2.442,-3.91263100381435
150,2.448,-3.5663779839569
150,2.454,-3.27286167901035
150,2.46,-3.02237427572962
150,2.466,-2.80727152243188
150,2.472,-2.6214786281718
150,2.478,-2.4601282968146
150,2.484,-2.31929137494755
150,2.49,-2.19577387454476
150,2.496,-2.08696239824439
150,2.502,-1.99070535314954
150,2.508,-1.90522092869314
150,2.514,-1.82902528342707
150,2.52,-1.76087612016654
150,2.526,-1.69972806778864
150,2.532,-1.64469718475762
150,2.538,-1.59503255582393
150,2.544,-1.55009343830227
150,2.55,-1.50933077559616
150,2.556,-1.47227216673816
150,2.562,-1.43850958552945
150,2.568,-1.40768929856942
150,2.574,-1.37950355053986
150,2.58,-1.3536836766797
150,2.586,-1.32999437318901
150,2.592,-1.30822891132768
150,2.598,-1.2882051239566
150,2.604,-1.26976202700511
150,2.61,-1.25275696495268
150,2.616,-1.23706319048788
150,2.622,-1.22256780527781
150,2.628,-1.20917000218193
150,2.634,-1.19677955999832
150,2.64,-1.18531555049518
150,2.646,-1.17470522448893
150,2.652,-1.16488304942196
150,2.658,-1.15578987553097
150,2.664,-1.14737221149134
150,2.67,-1.13958159353699
150,2.676,-1.13237403462026
150,2.682,-1.12570954229599
150,2.688,-1.11955169577118
150,2.694,-1.11386727402287
150,2.7,-1.10862592810572
150,2.706,-1.10379989179071
150,2.712,-1.09936372553167
150,2.718,-1.09529408947618
150,2.724,-1.09156954184501
150,2.73,-1.08817035951699
150,2.736,-1.08507837809301
150,2.742,-1.08227684908166
150,2.748,-1.07975031216602
150,2.754,-1.07748448077933
150,2.76,-1.07546613944909
150,2.766,-1.07368305156641
150,2.772,-1.07212387640808
150,2.778,-1.07077809438563
150,2.784,-1.06963593962201
150,2.79,-1.06868833906659
150,2.796,-1.0679268574541
150,2.802,-1.06734364749555
150,2.808,-1.06693140476143
150,2.814,-1.0666833267798
150,2.82,-1.06659307592689
150,2.826,-1.06665474573565
150,2.832,-1.06686283028958
150,2.838,-1.06721219640628
150,2.844,-1.06769805834745
150,2.85,-1.06831595482055
150,2.856,-1.06906172806276
150,2.862,-1.06993150482007
150,2.868,-1.07092167905388
150,2.874,-1.07202889622542
150,2.88,-1.07325003902323
150,2.886,-1.07458221441335
150,2.892,-1.07602274190374
150,2.898,-1.07756914292568
150,2.904,-1.07921913124464
150,2.91,-1.08097060432181
150,2.916,-1.0828216355556
150,2.922,-1.08477046733931
150,2.928,-1.08681550487754
150,2.934,-1.08895531070991
150,2.94,-1.09118859989555
150,2.946,-1.09351423581682
150,2.952,-1.09593122656496
150,2.958,-1.09843872187415
150,2.964,-1.10103601057419
150,2.97,-1.10372251853536
150,2.976,-1.10649780708201
150,2.982,-1.10936157185401
150,2.988,-1.11231364209848
150,2.994,-1.1153539803759
150,3,-1.11848268266746
150,3.006,-1.12169997887301
150,3.012,-1.12500623369011
150,3.018,-1.12840194786805
150,3.024,-1.13188775983125
150,3.03,-1.13546444766974
150,3.036,-1.13913293149536
150,3.042,-1.14289427616456
150,3.048,-1.14674969437075
150,3.054,-1.15070055011084
150,3.06,-1.15474836253268
150,3.066,-1.15889481017225
150,3.072,-1.16314173559119
150,3.078,-1.16749115042823
150,3.084,-1.17194524087925
150,3.09,-1.17650637362443
150,3.096,-1.18117710222257
150,3.102,-1.18596017399573
150,3.108,-1.19085853743059
150,3.114,-1.19587535012583
150,3.12,-1.20101398731814
150,3.126,-1.20627805102369
150,3.132,-1.21167137983549
150,3.138,-1.21719805942162
150,3.144,-1.22286243377409
150,3.15,-1.2286691172636
150,3.156,-1.23462300756047
150,3.162,-1.24072929948929
150,3.168,-1.24699349989073
150,3.174,-1.25342144357228
150,3.18,-1.26001931043752
150,3.186,-1.26679364389286
150,3.192,-1.27375137064086
150,3.198,-1.28089982198005
150,3.204,-1.28824675674388
150,3.21,-1.29580038602474
150,3.216,-1.30356939984403
150,3.222,-1.31156299594616
150,3.228,-1.3197909109125
150,3.234,-1.32826345381202
150,3.24,-1.33699154262821
150,3.246,-1.34598674372683
150,3.252,-1.35526131465761
150,3.258,-1.36482825061415
150,3.264,-1.37470133491134
150,3.27,-1.3848951938786
150,3.276,-1.39542535661105
150,3.282,-1.40630832006889
150,3.288,-1.4175616200706
150,3.294,-1.429203908786
150,3.3,-1.44125503940388
150,3.306,-1.45373615872568
150,3.312,-1.46666980852311
150,3.318,-1.48008003659431
150,3.324,-1.49399251856223
150,3.33,-1.50843469158214
150,3.336,-1.52343590126288
150,3.342,-1.53902756326351
150,3.348,-1.55524334120263
150,3.354,-1.57211934271735
150,3.36,-1.58969433573419
150,3.366,-1.60800998726941
150,3.372,-1.62711112736526
150,3.378,-1.64704604109666
150,3.384,-1.66786679195457
150,3.39,-1.68962958033506
150,3.396,-1.71239514134257
150,3.402,-1.7362291866623
150,3.408,-1.76120289587721
150,3.414,-1.78739346331218
150,3.42,-1.81488470729353
150,3.426,-1.84376774962871
150,3.432,-1.87414177415779
150,3.438,-1.90611487442014
150,3.444,-1.9398050018397
150,3.45,-1.97534102738293
150,3.456,-2.01286393141246
150,3.462,-2.05252813847599
150,3.468,-2.09450301607012
150,3.474,-2.1389745590392
150,3.48,-2.18614728425657
150,3.486,-2.23624636363606
150,3.492,-2.28952002739392
150,3.498,-2.34624227388681
150,3.504,-2.40671592736297
150,3.51,-2.47127609066304
150,3.516,-2.54029404639185
150,3.522,-2.61418166746569
150,3.528,-2.69339640636257
150,3.534,-2.77844694204124
150,3.54,-2.86989957457924
150,3.546,-2.96838547042164
150,3.552,-3.07460887616539
150,3.558,-3.18935643664918
150,3.564,-3.31350777468505
150,3.57,-3.44804751639267
150,3.576,-3.59407897978155
150,3.582,-3.75283978795476
150,3.588,-3.92571972655126
150,3.594,-4.11428124447868
150,3.6,-4.32028310756518
180,1.2,-0.363532035824942
180,1.206,-0.364995259952385
180,1.212,-0.366508293793475
180,1.218,-0.368068922672638
180,1.224,-0.369674994255499
180,1.23,-0.371324418385967
180,1.236,-0.37301516686331
180,1.242,-0.374745273161775
180,1.248,-0.376512832095378
180,1.254,-0.378315999430331
180,1.26,-0.380152991447662
180,1.266,-0.382022084458462
180,1.272,-0.383921614274238
180,1.278,-0.385849975634759
180,1.284,-0.38780562159574
180,1.29,-0.389787062878805
180,1.296,-0.391792867185895
180,1.302,-0.393821658480506
180,1.308,-0.395872116237898
180,1.314,-0.39794297466654
180,1.32,-0.400033021902887
180,1.326,-0.40214109918165
180,1.332,-0.404266099983615
180,1.338,-0.406406969163043
180,1.344,-0.408562702056732
180,1.35,-0.410732343576589
180,1.356,-0.412914987287778
180,1.362,-0.415109774474258
180,1.368,-0.417315893193607
180,1.374,-0.419532577323004
180,1.38,-0.421759105598085
180,1.386,-0.423994800646555
180,1.392,-0.426239028018212
180,1.398,-0.428491195213129
180,1.404,-0.430750750709698
180,1.41,-0.433017182994167
180,1.416,-0.435290019593319
180,1.422,-0.437568826111905
180,1.428,-0.439853205276387
180,1.434,-0.442142795986639
180,1.44,-0.444437272377047
180,1.446,-0.446736342888629
180,1.452,-0.449039749353619
180,1.458,-0.451347266094072
180,1.464,-0.453658699035932
180,1.47,-0.455973884840054
180,1.476,-0.458292690051654
180,1.482,-0.460615010269633
180,1.488,-0.462940769337224
180,1.494,-0.465269918555457
180,1.5,-0.467602435920811
180,1.506,-0.469938325388609
180,1.512,-0.472277616163541
180,1.518,-0.474620362018828
180,1.524,-0.476966640645465
180,1.53,-0.479316553033119
180,1.536,-0.481670222884095
180,1.542,-0.484027796062016
180,1.548,-0.48638944007671
180,1.554,-0.488755343606937
180,1.56,-0.491125716062593
180,1.566,-0.493500787188057
180,1.572,-0.495880806708446
180,1.578,-0.498266044020524
180,1.584,-0.500656787930141
180,1.59,-0.503053346438093
180,1.596,-0.505456046576431
180,1.602,-0.507865234297279
180,1.608,-0.510281274416341
180,1.614,-0.512704550613378
180,1.62,-0.515135465492085
180,1.626,-0.517574440701866
180,1.632,-0.520021917124196
180,1.638,-0.522478355126423
180,1.644,-0.524944234885992
180,1.65,-0.527420056788314
180,1.656,-0.529906341901702
180,1.662,-0.532403632532966
180,1.668,-0.534912492867663
180,1.674,-0.537433509699081
180,1.68,-0.539967293250517
180,1.686,-0.542514478095643
180,1.692,-0.545075724182167
180,1.698,-0.547651717964382
180,1.704,-0.550243173650685
180,1.71,-0.552850834572508
180,1.716,-0.555475474681915
180,1.722,-0.55811790018531
180,1.728,-0.560778951321777
180,1.734,-0.563459504294917
180,1.74,-0.566160473368105
180,1.746,-0.568882813133784
180,1.752,-0.57162752096843
180,1.758,-0.574395639685835
180,1.764,-0.57718826040257
180,1.77,-0.580006525630646
180,1.776,-0.582851632613886
180,1.782,-0.585724836926032
180,1.788,-0.588627456350272
180,1.794,-0.591560875061833
180,1.8,-0.594526548137309
180,1.806,-0.597526006416685
180,1.812,-0.600560861746643
180,1.818,-0.603632812636514
180,1.824,-0.606743650361341
180,1.83,-0.609895265550153
180,1.836,-0.613089655301232
180,1.842,-0.616328930870678
180,1.848,-0.619615325985207
180,1.854,-0.622951205835673
180,1.86,-0.62633907681368
180,1.866,-0.629781597060291
180,1.872,-0.633281587903616
180,1.878,-0.636842046270229
180,1.884,-0.640466158164823
180,1.89,-0.644157313323283
180,1.896,-0.647919121156153
180,1.902,-0.651755428112896
180,1.908,-0.655670336612683
180,1.914,-0.659668225704227
180,1.92,-0.663753773637062
180,1.926,-0.66793198254799
180,1.932,-0.672208205491798
180,1.938,-0.676588176073406
180,1.944,-0.681078040970742
180,1.95,-0.685684395674396
180,1.956,-0.690414323811898
180,1.962,-0.695275440472364
180,1.968,-0.700275940002004
180,1.974,-0.705424648803896
180,1.98,-0.710731083747792
180,1.986,-0.716205516878901
180,1.992,-0.72185904721066
180,1.998,-0.727703680497567
180,2.004,-0.733752418012795
180,2.01,-0.74001935550466
180,2.016,-0.746519793679377
180,2.022,-0.753270361760456
180,2.028,-0.760289155911006
180,2.034,-0.767595894582458
180,2.04,-0.77521209317786
180,2.046,-0.783161260800209
180,2.052,-0.791469122306875
180,2.058,-0.800163869423986
180,2.064,-0.809276445306076
180,2.07,-0.818840867676712
180,2.076,-0.828894596580078
180,2.082,-0.839478953841968
180,2.088,-0.850639602619198
180,2.094,-0.862427096955617
180,2.1,-0.874897513118645
180,2.106,-0.888113176734016
180,2.112,-0.902143502459632
180,2.118,-0.917065966253274
180,2.124,-0.932967234337167
180,2.13,-0.949944477923874
180,2.136,-0.968106908870545
180,2.142,-0.987577578963087
180,2.148,-1.00849549486794
180,2.154,-1.03101811240347
180,2.16,-1.05532428828894
180,2.166,-1.08161778571797
180,2.172,-1.11013145300827
180,2.178,-1.14113222354272
180,2.184,-1.17492712200143
180,2.19,-1.21187050880912
180,2.196,-1.25237285485319
180,2.202,-1.29691141593702
180,2.208,-1.3460432765562
180,2.214,-1.40042136270918
180,2.22,-1.4608141934071
180,2.226,-1.52813036365013
180,2.232,-1.60344904607358
180,2.238,-1.68805818923136
180,2.244,-1.78350261226618
180,2.25,-1.8916448972131
180,2.256,-2.01474293081944
180,2.262,-2.15554924853463
180,2.268,-2.31743913514867
180,2.274,-2.50457697290888
180,2.28,-2.72213397579417
180,2.286,-2.97657584766764
180,2.292,-3.27604719760694
180,2.298,-3.63089290187058
180,2.304,-4.05437932102047
180,2.31,-4.56371932933631
180,2.316,-5.18158404668119
180,2.322,-5.93844571973261
180,2.328,-6.87644870623942
180,2.334,-8.05633091728617
180,2.34,-9.57102199750855
180,2.346,-11.575507116074
180,2.352,-14.3615756607008
180,2.358,-18.5650693305772
180,2.364,-25.0204797876333
180,2.37,-22.953401099683
180,2.376,-17.1476110287485
180,2.382,-13.5268598631934
180,2.388,-11.0656745799397
180,2.394,-9.26862335661237
180,2.4,-7.89852355881391
180,2.406,-6.82443038613811
180,2.412,-5.9658454590972
180,2.418,-5.2693956948878
180,2.424,-4.69777517878229
180,2.43,-4.22392282913635
180,2.436,-3.82767991854247
180,2.442,-3.49373103871298
180,2.448,-3.2102625796049
180,2.454,-2.96804995745192
180,2.46,-2.75981575307782
180,2.466,-2.57976694324851
180,2.472,-2.4232548096605
180,2.478,-2.28652122317231
180,2.484,-2.16650704859666
180,2.49,-2.06070597492246
180,2.496,-1.96705200815435
180,2.502,-1.88383218597996
180,2.508,-1.80961836826825
180,2.514,-1.74321357466703
180,2.52,-1.68360949867182
180,2.526,-1.62995266763561
180,2.532,-1.58151733418431
180,2.538,-1.53768364033651
180,2.544,-1.49791993566732
180,2.55,-1.46176838636011
180,2.556,-1.42883320525364
180,2.562,-1.39877098008509
180,2.568,-1.37128268973965
180,2.574,-1.34610708501084
180,2.58,-1.32301517747419
180,2.586,-1.30180563227922
180,2.592,-1.28230090147892
180,2.598,-1.26434396658188
180,2.604,-1.24779558432236
180,2.61,-1.23253194971232
180,2.616,-1.21844270642227
180,2.622,-1.20542924732101
180,2.628,-1.1934032582714
180,2.634,-1.18228546655787
180,2.64,-1.17200456202411
180,2.646,-1.16249626444545
180,2.652,-1.15370251510283
180,2.658,-1.14557077416161
180,2.664,-1.13805340844545
180,2.67,-1.1311071566571
180,2.676,-1.12469266113398
180,2.682,-1.11877405691502
180,2.688,-1.11331861030045
180,2.694,-1.10829640025945
180,2.7,-1.10368003702198
180,2.706,-1.09944441301584
180,2.712,-1.0955664820035
180,2.718,-1.09202506285906
180,2.724,-1.08880066492142
180,2.73,-1.08587533228012
180,2.736,-1.08323250470818
180,2.742,-1.08085689326107
180,2.748,-1.07873436882174
180,2.754,-1.07685186209468
180,2.76,-1.0751972737439
180,2.766,-1.07375939353437
180,2.772,-1.0725278274787
180,2.778,-1.07149293211392
180,2.784,-1.07064575513882
180,2.79,-1.06997798173552
180,2.796,-1.06948188597832
180,2.802,-1.06915028680295
180,2.808,-1.06897650807019
180,2.814,-1.06895434231104
180,2.82,-1.06907801778722
180,2.826,-1.06934216854136
180,2.832,-1.0697418071475
180,2.838,-1.07027229990377
180,2.844,-1.07092934423705
180,2.85,-1.07170894811398
180,2.856,-1.07260741127432
180,2.862,-1.073621308122
180,2.868,-1.0747474721261
180,2.874,-1.07598298159946
180,2.88,-1.07732514673554
180,2.886,-1.07877149779693
180,2.892,-1.080319774359
180,2.898,-1.08196791552211
180,2.904,-1.08371405101438
180,2.91,-1.0855564931147
180,2.916,-1.08749372933265
180,2.922,-1.08952441578831
180,2.928,-1.09164737124047
180,2.934,-1.09386157171725
180,2.94,-1.09616614570733
180,2.946,-1.09856036987458
180,2.952,-1.10104366526304
180,2.958,-1.1036155939618
180,2.964,-1.10627585620409
180,2.97,-1.10902428787659
180,2.976,-1.11186085841872
180,2.982,-1.11478566909391
180,2.988,-1.11779895161766
180,2.994,-1.12090106712924
180,3,-1.1240925054966
180,3.006,-1.12737388494577
180,3.012,-1.13074595200878
180,3.018,-1.13420958178541
180,3.024,-1.13776577851712
180,3.03,-1.1414156764726
180,3.036,-1.14516054114706
180,3.042,-1.1490017707793
180,3.048,-1.15294089819271
180,3.054,-1.15697959296814
180,3.06,-1.16111966395994
180,3.066,-1.16536306216708
180,3.072,-1.16971188397563
180,3.078,-1.17416837478977
180,3.084,-1.17873493307247
180,3.09,-1.18341411481919
180,3.096,-1.18820863849124
180,3.102,-1.1931213904388
180,3.108,-1.1981554308473
180,3.114,-1.20331400024438
180,3.12,-1.20860052660903
180,3.126,-1.21401863312928
180,3.132,-1.21957214665902
180,3.138,-1.22526510693075
180,3.144,-1.2311017765861
180,3.15,-1.23708665209292
180,3.156,-1.24322447562422
180,3.162,-1.24952024798226
180,3.168,-1.25597924265906
180,3.174,-1.26260702113413
180,3.18,-1.2694094495199
180,3.186,-1.27639271667667
180,3.192,-1.28356335393092
180,3.198,-1.29092825654438
180,3.204,-1.29849470709577
180,3.21,-1.30627040095372
180,3.216,-1.3142634740373
180,3.222,-1.32248253308034
180,3.228,-1.33093668863806
180,3.234,-1.33963559109858
180,3.24,-1.3485894699892
180,3.246,-1.35780917689694
180,3.252,-1.36730623235642
180,3.258,-1.37709287709466
180,3.264,-1.38718212806358
180,3.27,-1.39758783973635
180,3.276,-1.40832477119451
180,3.282,-1.4194086595887
180,3.288,-1.43085630061913
180,3.294,-1.44268563675108
180,3.3,-1.4549158539591
180,3.306,-1.46756748787994
180,3.312,-1.48066254035113
180,3.318,-1.49422460742012
180,3.324,-1.50827902002923
180,3.33,-1.52285299871618
180,3.336,-1.53797582382017
180,3.342,-1.55367902285096
180,3.348,-1.56999657686566
180,3.354,-1.58696514790688
180,3.36,-1.60462432978924
180,3.366,-1.62301692478137
180,3.372,-1.642189249021
180,3.378,-1.66219146982474
180,3.384,-1.68307797841392
180,3.39,-1.70490780198036
180,3.396,-1.72774505946086
180,3.402,-1.75165946588538
180,3.408,-1.77672689071194
180,3.414,-1.80302997616855
180,3.42,-1.83065882229182
180,3.426,-1.85971174608846
180,3.432,-1.89029612305339
180,3.438,-1.9225293201599
180,3.444,-1.95653973039553
180,3.45,-1.99246791995324
180,3.456,-2.03046790029943
180,3.462,-2.0707085385246
180,3.468,-2.11337512063244
180,3.474,-2.15867108372674
180,3.48,-2.2068199343956
180,3.486,-2.25806737194813
180,3.492,-2.31268363649797
180,3.498,-2.37096610317451
180,3.504,-2.43324214493373
180,3.51,-2.49987228748167
180,3.516,-2.57125368066557
180,3.522,-2.64782391127591
180,3.528,-2.73006518250036
180,3.534,-2.81850888526523
180,3.54,-2.91374058643284
180,3.546,-3.01640545842179
180,3.552,-3.12721417454483
180,3.558,-3.24694929469052
180,3.564,-3.37647216768853
180,3.57,-3.51673038100729
180,3.576,-3.66876579715837
180,3.582,-3.83372323196863
180,3.588,-4.01285985648288
180,3.594,-4.20755544688293
180,3.6,-4.41932367256853
210,1.2,-0.363955578229545
210,1.206,-0.365438355457459
210,1.212,-0.366969675505194
210,1.218,-0.36854732741401
210,1.224,-0.370169164332633
210,1.23,-0.371833103271248
210,1.236,-0.373537124796852
210,1.242,-0.375279272672696
210,1.248,-0.377057653444377
210,1.254,-0.378870435975157
210,1.26,-0.380715850933092
210,1.266,-0.382592190232418
210,1.272,-0.384497806431738
210,1.278,-0.386431112091383
210,1.284,-0.388390579092364
210,1.29,-0.390374737919312
210,1.296,-0.392382176909645
210,1.302,-0.394411541471317
210,1.308,-0.396461533271357
210,1.314,-0.398530909397359
210,1.32,-0.400618481494168
210,1.326,-0.40272311487778
210,1.332,-0.404843727628617
210,1.338,-0.406979289666161
210,1.344,-0.409128821806969
210,1.35,-0.411291394808038
210,1.356,-0.41346612839743
210,1.362,-0.415652190294031
210,1.368,-0.417848795218351
210,1.374,-0.420055203896109
210,1.38,-0.422270722056437
210,1.386,-0.424494699426427
210,1.392,-0.426726528723756
210,1.398,-0.428965644649067
210,1.404,-0.431211522879735
210,1.41,-0.433463679066719
210,1.416,-0.435721667836025
210,1.422,-0.437985081796377
210,1.428,-0.440253550554693
210,1.434,-0.442526739740822
210,1.44,-0.444804350043109
210,1.446,-0.447086116256229
210,1.452,-0.449371806342807
210,1.458,-0.451661220510225
210,1.464,-0.453954190304088
210,1.47,-0.456250577719786
210,1.476,-0.45855027433351
210,1.482,-0.460853200454193
210,1.488,-0.463159304297741
210,1.494,-0.465468561184953
210,1.5,-0.467780972764535
210,1.506,-0.470096566262593
210,1.512,-0.472415393760009
210,1.518,-0.474737531499129
210,1.524,-0.477063079221112
210,1.53,-0.479392159535482
210,1.536,-0.48172491732322
210,1.542,-0.484061519174933
210,1.548,-0.486402152865575
210,1.554,-0.488747026867261
210,1.56,-0.49109636990172
210,1.566,-0.493450430533967
210,1.572,-0.495809476808912
210,1.578,-0.498173795932549
210,1.584,-0.500543693999488
210,1.59,-0.502919495768691
210,1.596,-0.505301544489286
210,1.602,-0.507690201778467
210,1.608,-0.51008584755353
210,1.614,-0.512488880020269
210,1.62,-0.51489971571996
210,1.626,-0.517318789637451
210,1.632,-0.519746555372815
210,1.638,-0.522183485379364
210,1.644,-0.524630071270856
210,1.65,-0.527086824200949
210,1.656,-0.529554275318282
210,1.662,-0.532032976300504
210,1.668,-0.534523499971167
210,1.674,-0.537026441003365
210,1.68,-0.539542416714506
210,1.686,-0.542072067956831
210,1.692,-0.544616060108659
210,1.698,-0.547175084171749
210,1.704,-0.549749857980597
210,1.71,-0.552341127529956
210,1.716,-0.554949668427369
210,1.722,-0.557576287478103
210,1.728,-0.560221824410446
210,1.734,-0.562887153750103
210,1.74,-0.565573186853066
210,1.746,-0.568280874107234
210,1.752,-0.571011207313992
210,1.758,-0.573765222261848
210,1.764,-0.576544001505449
210,1.77,-0.579348677364494
210,1.776,-0.582180435158243
210,1.782,-0.585040516693085
210,1.788,-0.587930224021954
210,1.794,-0.590850923496449
210,1.8,-0.593804050134211
210,1.806,-0.596791112326684
210,1.812,-0.599813696914418
210,1.818,-0.602873474660106
210,1.824,-0.605972206152342
210,1.83,-0.609111748176486
210,1.836,-0.612294060592758
210,1.842,-0.615521213765679
210,1.848,-0.618795396593699
210,1.854,-0.622118925192819
210,1.86,-0.625494252293867
210,1.866,-0.62892397741931
210,1.872,-0.632410857912677
210,1.878,-0.635957820901703
210,1.884,-0.639567976285084
210,1.89,-0.643244630843022
210,1.896,-0.646991303582706
210,1.902,-0.650811742442972
210,1.908,-0.654709942496306
210,1.914,-0.658690165802891
210,1.92,-0.662756963089303
210,1.926,-0.666915197445534
210,1.932,-0.671170070257052
210,1.938,-0.675527149615547
210,1.944,-0.679992401482086
210,1.95,-0.684572223910815
210,1.956,-0.68927348468084
210,1.962,-0.694103562728453
210,1.968,-0.699070393823687
210,1.974,-0.704182520993516
210,1.98,-0.70944915026214
210,1.986,-0.71488021235627
210,1.992,-0.720486431113044
210,1.998,-0.72627939943173
210,2.004,-0.732271663730373
210,2.01,-0.738476818007028
210,2.016,-0.744909608767039
210,2.022,-0.7515860522654
210,2.028,-0.758523565732553
210,2.034,-0.765741114508332
210,2.04,-0.773259377309214
210,2.046,-0.781100932206997
210,2.052,-0.789290466312684
210,2.058,-0.797855012650201
210,2.064,-0.806824218285199
210,2.07,-0.816230648463784
210,2.076,-0.826110132335604
210,2.082,-0.836502156814762
210,2.088,-0.847450316302331
210,2.094,-0.859002827399384
210,2.1,-0.871213119430359
210,2.106,-0.884140513637914
210,2.112,-0.897851006382984
210,2.118,-0.912418174687706
210,2.124,-0.927924226121257
210,2.13,-0.944461219508425
210,2.136,-0.962132488440615
210,2.142,-0.981054306344072
210,2.148,-1.00135784023904
210,2.154,-1.02319145072362
210,2.16,-1.04672340867612
210,2.166,-1.07214511538434
210,2.172,-1.09967493317938
210,2.178,-1.12956275934687
210,2.184,-1.16209550864188
210,2.19,-1.19760371115496
210,2.196,-1.2364694852172
210,2.202,-1.27913621300322
210,2.208,-1.32612033416555
210,2.214,-1.37802578646004
210,2.22,-1.4355617702982
210,2.226,-1.49956470783671
210,2.232,-1.57102552201552
210,2.238,-1.65112369800734
210,2.244,-1.7412700380054
210,2.25,-1.84316062083413
210,2.256,-1.95884528804803
210,2.262,-2.09081508079161
210,2.268,-2.24211456877439
210,2.274,-2.41648712978986
210,2.28,-2.61856424848637
210,2.286,-2.8541142920927
210,2.292,-3.13037283535833
210,2.298,-3.45648700595839
210,2.304,-3.844123528448
210,2.31,-4.30832031565701
210,2.316,-4.86871771198899
210,2.322,-5.55141711553437
210,2.328,-6.39195051961066
210,2.334,-7.4403770338123
210,2.34,-8.77082177776951
210,2.346,-10.5012641816639
210,2.352,-12.8399625110461
210,2.358,-16.2107411334343
210,2.364,-21.5733346435486
210,2.37,-26.2830844244616
210,2.376,-19.8720425893196
210,2.382,-15.2437627008191
210,2.388,-12.2656716062891
210,2.394,-10.1624977049119
210,2.4,-8.59071127309456
210,2.406,-7.37435501052287
210,2.412,-6.41085403613737
210,2.418,-5.63465719060193
210,2.424,-5.00110195846966
210,2.43,-4.47836484145639
210,2.436,-4.04304010257118
210,2.442,-3.67751197667315
210,2.448,-3.36829024585527
210,2.454,-3.10490203602405
210,2.46,-2.87912516127018
210,2.466,-2.68444213335024
210,2.472,-2.51564264327721
210,2.478,-2.36852915332241
210,2.484,-2.23969586892144
210,2.49,-2.12636093303515
210,2.496,-2.0262378063426
210,2.502,-1.9374358523193
210,2.508,-1.85838291189827
210,2.514,-1.78776458187095
210,2.52,-1.72447628185927
210,2.526,-1.66758518264587
210,2.532,-1.6162997892697
210,2.538,-1.56994550319542
210,2.544,-1.52794488238851
210,2.55,-1.48980161355899
210,2.556,-1.45508743360655
210,2.562,-1.42343140636254
210,2.568,-1.39451108980258
210,2.574,-1.36804522801862
210,2.58,-1.34378767876388
210,2.586,-1.321522346776
210,2.592,-1.30105893941443
210,2.598,-1.28222939746579
210,2.604,-1.26488488257521
210,2.61,-1.24889322539477
210,2.616,-1.23413675652828
210,2.622,-1.22051045671013
210,2.628,-1.20792037416561
210,2.634,-1.19628226636374
210,2.64,-1.18552043085917
210,2.646,-1.17556669599209
210,2.652,-1.1663595471588
210,2.658,-1.15784336840595
210,2.664,-1.14996778241484
210,2.67,-1.14268707466807
210,2.676,-1.13595968984242
210,2.682,-1.12974779033578
210,2.688,-1.1240168683856
210,2.694,-1.11873540452728
210,2.7,-1.11387456622021
210,2.706,-1.10940794137456
210,2.712,-1.10531130227169
210,2.718,-1.10156239601343
210,2.724,-1.09814075817658
210,2.73,-1.09502754680888
210,2.736,-1.09220539429265
210,2.742,-1.08965827493473
210,2.748,-1.08737138642493
210,2.754,-1.085331043548
210,2.76,-1.08352458274225
210,2.766,-1.08194027627688
210,2.772,-1.08056725497406
210,2.778,-1.07939543853486
210,2.784,-1.07841547264322
210,2.79,-1.07761867212141
210,2.796,-1.07699696949776
210,2.802,-1.07654286842166
210,2.808,-1.07624940142742
210,2.814,-1.07611009160513
210,2.82,-1.0761189177873
210,2.826,-1.07627028290341
210,2.832,-1.07655898519362
210,2.838,-1.07698019200621
210,2.844,-1.07752941593355
210,2.85,-1.07820249306753
210,2.856,-1.07899556317856
210,2.862,-1.07990505164303
210,2.868,-1.08092765296226
210,2.874,-1.08206031573197
210,2.88,-1.0833002289362
210,2.886,-1.08464480945173
210,2.892,-1.08609169066128
210,2.898,-1.08763871208334
210,2.904,-1.08928390993608
210,2.91,-1.09102550856085
210,2.916,-1.09286191263814
210,2.922,-1.09479170013569
210,2.928,-1.09681361593433
210,2.934,-1.09892656608267
210,2.94,-1.1011296126366
210,2.946,-1.10342196904434
210,2.952,-1.10580299604153
210,2.958,-1.10827219802494
210,2.964,-1.11082921987681
210,2.97,-1.11347384421491
210,2.976,-1.1162059890466
210,2.982,-1.11902570580785
210,2.988,-1.12193317777094
210,2.994,-1.12492871880682
210,3,-1.12801277249087
210,3.006,-1.13118591154283
210,3.012,-1.13444883759366
210,3.018,-1.13780238127498
210,3.024,-1.14124750262796
210,3.03,-1.14478529183141
210,3.036,-1.14841697025029
210,3.042,-1.1521438918086
210,3.048,-1.15596754469211
210,3.054,-1.15988955338914
210,3.06,-1.16391168107962
210,3.066,-1.16803583238506
210,3.072,-1.17226405649449
210,3.078,-1.17659855068405
210,3.084,-1.18104166425079
210,3.09,-1.18559590288395
210,3.096,-1.19026393350003
210,3.102,-1.19504858957171
210,3.108,-1.1999528769836
210,3.114,-1.20497998045232
210,3.12,-1.21013327055188
210,3.126,-1.21541631139044
210,3.132,-1.22083286898897
210,3.138,-1.22638692041774
210,3.144,-1.23208266375246
210,3.15,-1.23792452891805
210,3.156,-1.24391718949482
210,3.162,-1.25006557556971
210,3.168,-1.25637488772291
210,3.174,-1.26285061224986
210,3.18,-1.26949853772795
210,3.186,-1.27632477304858
210,3.192,-1.28333576704703
210,3.198,-1.29053832987575
210,3.204,-1.29793965628133
210,3.21,-1.30554735096151
210,3.216,-1.31336945619605
210,3.222,-1.3214144819652
210,3.228,-1.32969143879073
210,3.234,-1.33820987355894
210,3.24,-1.34697990861096
210,3.246,-1.35601228441549
210,3.252,-1.36531840617155
210,3.258,-1.37491039472476
210,3.264,-1.38480114222105
210,3.27,-1.39500437296586
210,3.276,-1.4055347100068
210,3.282,-1.41640774801247
210,3.288,-1.42764013308154
210,3.294,-1.43924965018417
210,3.3,-1.4512553190141
210,3.306,-1.46367749911389
210,3.312,-1.4765380052304
210,3.318,-1.48986023396249
210,3.324,-1.50366930288026
210,3.33,-1.51799220342566
210,3.336,-1.53285796905037
210,3.342,-1.54829786020942
210,3.348,-1.56434556801046
210,3.354,-1.5810374385211
210,3.36,-1.59841271996283
210,3.366,-1.61651383527099
210,3.372,-1.63538668278187
210,3.378,-1.65508096811932
210,3.384,-1.67565057070174
210,3.39,-1.69715394867618
210,3.396,-1.71965458651571
210,3.402,-1.74322148999164
210,3.408,-1.76792973375884
210,3.414,-1.79386106737348
210,3.42,-1.82110458620355
210,3.426,-1.84975747439513
210,3.432,-1.87992582782841
210,3.438,-1.91172556583609
210,3.444,-1.94528344136746
210,3.45,-1.98073816026397
210,3.456,-2.01824162136399
210,3.462,-2.05796029027198
210,3.468,-2.10007672080462
210,3.474,-2.14479123934849
210,3.48,-2.19232380861843
210,3.486,-2.242916088566
210,3.492,-2.29683371342868
210,3.498,-2.35436880509308
210,3.504,-2.4158427440293
210,3.51,-2.48160921998844
210,3.516,-2.55205758539073
210,3.522,-2.62761653481912
210,3.528,-2.70875813423354
210,3.534,-2.79600222342607
210,3.54,-2.88992121488077
210,3.546,-2.99114531170466
210,3.552,-3.10036816690182
210,3.558,-3.21835300640992
210,3.564,-3.34593923972738
210,3.57,-3.48404958574911
210,3.576,-3.63369774927725
210,3.582,-3.79599669800757
210,3.588,-3.97216761405661
210,3.594,-4.16354963304805
210,3.6,-4.37161054391498
240,1.2,-0.362047648163588
240,1.206,-0.363561484988326
240,1.212,-0.365125014023181
240,1.218,-0.366736052777751
240,1.224,-0.368392479567383
240,1.23,-0.370092233334491
240,1.236,-0.371833313412935
240,1.242,-0.373613779237921
240,1.248,-0.375431750003963
240,1.254,-0.377285404273252
240,1.26,-0.379172979536871
240,1.266,-0.38109277173124
240,1.272,-0.383043134712087
240,1.278,-0.385022479688286
240,1.284,-0.387029274617766
240,1.29,-0.389062043567819
240,1.296,-0.391119366041873
240,1.302,-0.393199876275004
240,1.308,-0.395302262500228
240,1.314,-0.397425266187668
240,1.32,-0.399567681258686
240,1.326,-0.401728353276931
240,1.332,-0.40390617861831
240,1.338,-0.4061001036218
240,1.344,-0.408309123723044
240,1.35,-0.410532282572501
240,1.356,-0.412768671140152
240,1.362,-0.415017426808374
240,1.368,-0.417277732454884
240,1.374,-0.419548815527453
240,1.38,-0.421829947112088
240,1.386,-0.424120440996357
240,1.392,-0.426419652729565
240,1.398,-0.428726978681321
240,1.404,-0.43104185510017
240,1.41,-0.433363757173833
240,1.416,-0.435692198092615
240,1.422,-0.43802672811751
240,1.428,-0.440366933654524
240,1.434,-0.442712436336695
240,1.44,-0.44506289211531
240,1.446,-0.44741799036175
240,1.452,-0.449777452981429
240,1.458,-0.452141033541258
240,1.464,-0.454508516412057
240,1.47,-0.456879715927316
240,1.476,-0.459254475559728
240,1.482,-0.461632667116904
240,1.488,-0.464014189957627
240,1.494,-0.466398970230104
240,1.5,-0.468786960133547
240,1.506,-0.471178137204564
240,1.512,-0.47357250362969
240,1.518,-0.475970085585538
240,1.524,-0.478370932607976
240,1.53,-0.480775116991787
240,1.536,-0.483182733222244
240,1.542,-0.485593897440166
240,1.548,-0.488008746941899
240,1.554,-0.490427439715772
240,1.56,-0.492850154016693
240,1.566,-0.49527708798038
240,1.572,-0.497708459279031
240,1.578,-0.500144504820041
240,1.584,-0.502585480489635
240,1.59,-0.505031660943182
240,1.596,-0.507483339444225
240,1.602,-0.509940827754046
240,1.608,-0.512404456074082
240,1.614,-0.514874573043167
240,1.62,-0.51735154579206
240,1.626,-0.519835760057597
240,1.632,-0.522327620359032
240,1.638,-0.524827550239293
240,1.644,-0.527335992574022
240,1.65,-0.529853409951407
240,1.656,-0.532380285126072
240,1.662,-0.534917121550536
240,1.668,-0.53746444398779
240,1.674,-0.540022799209127
240,1.68,-0.542592756781328
240,1.686,-0.545174909947856
240,1.692,-0.547769876608856
240,1.698,-0.550378300405356
240,1.704,-0.553000851913269
240,1.71,-0.55563822995338
240,1.716,-0.558291163023957
240,1.722,-0.560960410863217
240,1.728,-0.563646766149336
240,1.734,-0.566351056346627
240,1.74,-0.569074145706895
240,1.746,-0.571816937436065
240,1.752,-0.574580376036957
240,1.758,-0.577365449839896
240,1.764,-0.580173193734227
240,1.77,-0.583004692114683
240,1.776,-0.585861082057983
240,1.782,-0.588743556746475
240,1.788,-0.591653369157136
240,1.794,-0.594591836036049
240,1.8,-0.597560342180348
240,1.806,-0.600560345051781
240,1.812,-0.603593379748351
240,1.818,-0.606661064363151
240,1.824,-0.609765105762393
240,1.83,-0.612907305817721
240,1.836,-0.616089568131701
240,1.842,-0.619313905299087
240,1.848,-0.622582446751027
240,1.854,-0.625897447234303
240,1.86,-0.629261295983034
240,1.866,-0.632676526646584
240,1.872,-0.636145828044193
240,1.878,-0.639672055824416
240,1.884,-0.643258245116274
240,1.89,-0.646907624268446
240,1.896,-0.650623629783843
240,1.902,-0.654409922568941
240,1.908,-0.658270405631187
240,1.914,-0.66220924337309
240,1.92,-0.666230882649207
240,1.926,-0.670340075772117
240,1.932,-0.674541905675715
240,1.938,-0.678841813469796
240,1.944,-0.683245628648739
240,1.95,-0.687759602250038
240,1.956,-0.692390443295829
240,1.962,-0.697145358893666
240,1.968,-0.702032098421457
240,1.974,-0.707059002277874
240,1.98,-0.712235055743712
240,1.986,-0.717569948573985
240,1.992,-0.723074141025465
240,1.998,-0.728758937123283
240,2.004,-0.734636566083419
240,2.01,-0.740720272940411
240,2.016,-0.747024419581888
240,2.022,-0.753564597570394
240,2.028,-0.760357754339897
240,2.034,-0.767422334597303
240,2.04,-0.774778439043174
240,2.046,-0.782448002859179
240,2.052,-0.790454996802304
240,2.058,-0.798825654208288
240,2.064,-0.807588727753858
240,2.07,-0.816775780476079
240,2.076,-0.826421516317885
240,2.082,-0.836564156387752
240,2.088,-0.847245868219934
240,2.094,-0.858513256637839
240,2.1,-0.870417926406344
240,2.106,-0.883017128767175
240,2.112,-0.896374506260571
240,2.118,-0.9105609530385
240,2.124,-0.925655611286339
240,2.13,-0.941747028538158
240,2.136,-0.958934505781087
240,2.142,-0.97732967253104
240,2.148,-0.997058332826796
240,2.154,-1.01826263571292
240,2.16,-1.0411036357576
240,2.166,-1.06576432411164
240,2.172,-1.09245322937994
240,2.178,-1.12140871121183
240,2.184,-1.15290409941189
240,2.19,-1.18725386935061
240,2.196,-1.22482109291317
240,2.202,-1.26602646633557
240,2.208,-1.31135929625668
240,2.214,-1.36139092878274
240,2.22,-1.41679124086631
240,2.226,-1.47834898901533
240,2.232,-1.54699704107266
240,2.238,-1.6238438213856
240,2.244,-1.71021270404951
240,2.25,-1.80769162909113
240,2.256,-1.91819594313477
240,2.262,-2.0440484517169
240,2.268,-2.18808202077999
240,2.274,-2.35377193890419
240,2.28,-2.54540789698635
240,2.286,-2.76831926100131
240,2.292,-3.02917299517993
240,2.298,-3.3363723812319
240,2.304,-3.70059894183142
240,2.31,-4.13556445096483
240,2.316,-4.65908452879726
240,2.322,-5.29467184557036
240,2.328,-6.0740255195838
240,2.334,-7.04118624408575
240,2.34,-8.26005603782657
240,2.346,-9.82938097262124
240,2.352,-11.9162073127444
240,2.358,-14.841233486141
240,2.364,-19.3149573415738
240,2.37,-25.7887255089677
240,2.376,-22.0929380280732
240,2.382,-16.6143499191798
240,2.388,-13.1859467234871
240,2.394,-10.8286925794244
240,2.4,-9.09525233240936
240,2.406,-7.76753296125795
240,2.412,-6.72325519312988
240,2.418,-5.88641214828271
240,2.424,-5.20621325850467
240,2.43,-4.64695844762621
240,2.436,-4.18264468277905
240,2.442,-3.79384044682488
240,2.448,-3.46574579780641
240,2.454,-3.18692093345388
240,2.46,-2.94841709881591
240,2.466,-2.74316321986011
240,2.472,-2.5655223943232
240,2.478,-2.41096517528075
240,2.484,-2.2758253383056
240,2.49,-2.157115119946
240,2.496,-2.0523840371584
240,2.502,-1.95961006241388
240,2.508,-1.87711508148737
240,2.514,-1.80349874440779
240,2.52,-1.7375863623984
240,2.526,-1.67838761029569
240,2.532,-1.62506359812914
240,2.538,-1.5769004661504
240,2.544,-1.53328809528692
240,2.55,-1.49370285194201
240,2.556,-1.45769353204322
240,2.562,-1.42486985552576
240,2.568,-1.39489300438214
240,2.574,-1.36746780619769
240,2.58,-1.34233624893066
240,2.586,-1.31927207765007
240,2.592,-1.29807627452809
240,2.598,-1.27857326296835
240,2.604,-1.26060770787975
240,2.61,-1.24404180869579
240,2.616,-1.22875300125415
240,2.622,-1.21463200020413
240,2.628,-1.20158112605968
240,2.634,-1.18951287102107
240,2.64,-1.17834866576311
240,2.646,-1.1680178159283
240,2.652,-1.15845658238239
240,2.658,-1.14960738363062
240,2.664,-1.14141810234857
240,2.67,-1.13384148090352
240,2.676,-1.12683459315234
240,2.682,-1.12035838179562
240,2.688,-1.11437725222278
240,2.694,-1.10885871516044
240,2.7,-1.10377307158706
240,2.706,-1.09909313434048
240,2.712,-1.09479398165389
240,2.718,-1.09085273853768
240,2.724,-1.08724838250004
240,2.73,-1.08396157058621
240,2.736,-1.08097448513026
240,2.742,-1.07827069596483
240,2.748,-1.07583503713473
240,2.754,-1.07365349641647
240,2.76,-1.07171311616626
240,2.766,-1.07000190420743
240,2.772,-1.06850875363069
240,2.778,-1.06722337052121
240,2.784,-1.06613620874721
240,2.79,-1.06523841104985
240,2.796,-1.06452175576528
240,2.802,-1.06397860858845
240,2.808,-1.0636018788579
240,2.814,-1.06338497989998
240,2.82,-1.06332179302421
240,2.826,-1.06340663480727
240,2.832,-1.06363422734328
240,2.838,-1.06399967117389
240,2.844,-1.06449842064251
240,2.85,-1.06512626144489
240,2.856,-1.06587929017223
240,2.862,-1.06675389566484
240,2.868,-1.06774674201301
240,2.874,-1.06885475305917
240,2.88,-1.07007509826979
240,2.886,-1.07140517985951
240,2.892,-1.07284262106143
240,2.898,-1.07438525544838
240,2.904,-1.07603111721946
240,2.91,-1.07777843237488
240,2.916,-1.07962561070933
240,2.922,-1.08157123856171
240,2.928,-1.08361407226483
240,2.934,-1.08575303224449
240,2.94,-1.08798719772251
240,2.946,-1.09031580198286
240,2.952,-1.09273822816472
240,2.958,-1.09525400554938
240,2.964,-1.09786280631251
240,2.97,-1.10056444271587
240,2.976,-1.10335886471606
240,2.982,-1.10624615797065
240,2.988,-1.10922654222478
240,2.994,-1.11230037006397
240,3,-1.11546812602106
240,3.006,-1.11873042602809
240,3.012,-1.12208801720555
240,3.018,-1.12554177798425
240,3.024,-1.12909271855671
240,3.03,-1.13274198165762
240,3.036,-1.13649084367481
240,3.042,-1.14034071609438
240,3.048,-1.14429314728573
240,3.054,-1.1483498246351
240,3.06,-1.15251257703764
240,3.066,-1.15678337776135
240,3.072,-1.16116434769809
240,3.078,-1.16565775902022
240,3.084,-1.17026603926354
240,3.09,-1.17499177586081
240,3.096,-1.17983772115309
240,3.102,-1.18480679790946
240,3.108,-1.18990210538988
240,3.114,-1.19512692598921
240,3.12,-1.20048473250547
240,3.126,-1.20597919607962
240,3.132,-1.21161419485941
240,3.138,-1.21739382344534
240,3.144,-1.2233224031831
240,3.15,-1.22940449337272
240,3.156,-1.23564490347284
240,3.162,-1.24204870638568
240,3.168,-1.24862125291727
240,3.174,-1.2553681875171
240,3.18,-1.26229546541141
240,3.186,-1.26940937125638
240,3.192,-1.27671653944973
240,3.198,-1.28422397625345
240,3.204,-1.29193908389565
240,3.21,-1.2998696868365
240,3.216,-1.30802406040232
240,3.222,-1.31641096201226
240,3.228,-1.32503966524526
240,3.234,-1.33391999702034
240,3.24,-1.34306237819176
240,3.246,-1.35247786789139
240,3.252,-1.36217821198611
240,3.258,-1.37217589605582
240,3.264,-1.38248420334138
240,3.27,-1.39311727815881
240,3.276,-1.40409019532969
240,3.282,-1.4154190362363
240,3.288,-1.42712097217637
240,3.294,-1.43921435576519
240,3.3,-1.45171882121507
240,3.306,-1.46465539441292
240,3.312,-1.47804661381885
240,3.318,-1.4919166633223
240,3.324,-1.50629151831895
240,3.33,-1.52119910641357
240,3.336,-1.53666948431201
240,3.342,-1.55273503264291
240,3.348,-1.56943067064654
240,3.354,-1.58679409288966
240,3.36,-1.60486603041106
240,3.366,-1.62369053897814
240,3.372,-1.64331531744162
240,3.378,-1.66379205951807
240,3.384,-1.68517684271159
240,3.39,-1.70753055851047
240,3.396,-1.73091938846768
240,3.402,-1.75541533129766
240,3.408,-1.78109678670377
240,3.414,-1.80804920229315
240,3.42,-1.83636579064493
240,3.426,-1.86614832437776
240,3.432,-1.89750801791691
240,3.438,-1.93056650559473
240,3.444,-1.96545692673059
240,3.45,-2.00232512943085
240,3.456,-2.04133100602202
240,3.462,-2.08264997427731
240,3.468,-2.12647461991
240,3.474,-2.17301651717226
240,3.48,-2.22250824579746
240,3.486,-2.27520562393132
240,3.492,-2.33139017807958
240,3.498,-2.39137187241658
240,3.504,-2.45549212100171
240,3.51,-2.52412710748494
240,3.516,-2.59769143769266
240,3.522,-2.67664215102029
240,3.528,-2.76148311678229
240,3.534,-2.85276984158747
240,3.54,-2.95111471347882
240,3.546,-3.057192708176
240,3.552,-3.17174758261517
240,3.558,-3.2955985816796
240,3.564,-3.42964768649125
240,3.57,-3.57488743833897
240,3.576,-3.73240938340215
240,3.582,-3.90341320299284
240,3.588,-4.08921662646125
240,3.594,-4.29126627522793
240,3.6,-4.51114966483988
270,1.2,-0.363593039504581
270,1.206,-0.365076152233014
270,1.212,-0.366610122727617
270,1.218,-0.368192736840472
270,1.224,-0.369821840663989
270,1.23,-0.371495340454869
270,1.236,-0.373211202497285
270,1.242,-0.37496745290776
270,1.248,-0.376762177384207
270,1.254,-0.378593520901543
270,1.26,-0.38045968735631
270,1.266,-0.382358939162682
270,1.272,-0.384289596802208
270,1.278,-0.386250038329638
270,1.284,-0.388238698837127
270,1.29,-0.390254069879099
270,1.296,-0.392294698859975
270,1.302,-0.394359188387024
270,1.308,-0.396446195590484
270,1.314,-0.398554431413088
270,1.32,-0.40068265987114
270,1.326,-0.402829697289156
270,1.332,-0.404994411510201
270,1.338,-0.407175721083835
270,1.344,-0.409372594433729
270,1.35,-0.41158404900683
270,1.356,-0.413809150406041
270,1.362,-0.416047011508281
270,1.368,-0.418296791569728
270,1.374,-0.420557695320178
270,1.38,-0.422828972048179
270,1.386,-0.425109914678807
270,1.392,-0.427399858845784
270,1.398,-0.429698181959635
270,1.404,-0.432004302273594
270,1.41,-0.4343176779489
270,1.416,-0.436637806121169
270,1.422,-0.43896422196935
270,1.428,-0.441296497789017
270,1.434,-0.443634242071441
270,1.44,-0.445977098590045
270,1.446,-0.448324745495852
270,1.452,-0.450676894423313
270,1.458,-0.453033289608175
270,1.464,-0.455393707018803
270,1.47,-0.457757953502476
270,1.476,-0.46012586594816
270,1.482,-0.462497310467196
270,1.488,-0.464872181593433
270,1.494,-0.46725040150423
270,1.5,-0.469631919263829
270,1.506,-0.472016710090588
270,1.512,-0.474404774649511
270,1.518,-0.476796138371636
270,1.524,-0.479190850801711
270,1.53,-0.481588984975722
270,1.536,-0.483990636829818
270,1.542,-0.486395924642142
270,1.548,-0.488804988509204
270,1.554,-0.491217989858373
270,1.56,-0.493635110998166
270,1.566,-0.496056554708014
270,1.572,-0.498482543869195
270,1.578,-0.500913321138815
270,1.584,-0.503349148668599
270,1.59,-0.505790307870425
270,1.596,-0.508237099230598
270,1.602,-0.510689842174898
270,1.608,-0.513148874986586
270,1.614,-0.515614554779593
270,1.62,-0.51808725752925
270,1.626,-0.520567378163078
270,1.632,-0.5230553307142
270,1.638,-0.525551548540209
270,1.644,-0.528056484610331
270,1.65,-0.530570611864087
270,1.656,-0.533094423644684
270,1.662,-0.535628434210692
270,1.668,-0.538173179329767
270,1.674,-0.540729216958425
270,1.68,-0.543297128012204
270,1.686,-0.545877517230813
270,1.692,-0.548471014143252
270,1.698,-0.551078274138257
270,1.704,-0.553699979645866
270,1.71,-0.556336841436259
270,1.716,-0.558989600042695
270,1.722,-0.561659027315802
270,1.728,-0.564345928117059
270,1.734,-0.567051142160123
270,1.74,-0.569775546009235
270,1.746,-0.572520055244818
270,1.752,-0.575285626807248
270,1.758,-0.578073261530804
270,1.764,-0.580884006880784
270,1.77,-0.58371895990805
270,1.776,-0.586579270436498
270,1.782,-0.589466144500489
270,1.788,-0.592380848050739
270,1.794,-0.59532471094903
270,1.8,-0.598299131273969
270,1.806,-0.601305579962274
270,1.812,-0.604345605812305
270,1.818,-0.607420840879356
270,1.824,-0.610533006294977
270,1.83,-0.613683918546003
270,1.836,-0.616875496252519
270,1.842,-0.620109767487911
270,1.848,-0.623388877688824
270,1.854,-0.626715098207621
270,1.86,-0.63009083556571
270,1.866,-0.633518641472102
270,1.872,-0.637001223678706
270,1.878,-0.640541457751525
270,1.884,-0.644142399845742
270,1.89,-0.647807300582347
270,1.896,-0.651539620135124
270,1.902,-0.655343044648986
270,1.908,-0.659221504124992
270,1.914,-0.663179191922503
270,1.92,-0.667220586047416
270,1.926,-0.671350472415036
270,1.932,-0.675573970299185
270,1.938,-0.679896560205003
270,1.944,-0.684324114432236
270,1.95,-0.688862930629418
270,1.956,-0.693519768677425
270,1.962,-0.698301891284595
270,1.968,-0.703217108725262
270,1.974,-0.70827382821109
270,1.98,-0.713481108449844
270,1.986,-0.718848720021833
270,1.992,-0.724387212291344
270,1.998,-0.730107987670471
270,2.004,-0.736023384169008
270,2.01,-0.742146767298629
270,2.016,-0.748492632555634
270,2.022,-0.755076719888424
270,2.028,-0.761916141768064
270,2.034,-0.769029526727732
270,2.04,-0.776437180527583
270,2.046,-0.784161267442245
270,2.052,-0.792226014569387
270,2.058,-0.800657942531548
270,2.064,-0.809486126503163
270,2.07,-0.818742492159201
270,2.076,-0.828462151931841
270,2.082,-0.838683787903367
270,2.088,-0.849450088789948
270,2.094,-0.860808249821972
270,2.1,-0.872810545951238
270,2.106,-0.88551499077587
270,2.112,-0.898986095946687
270,2.118,-0.91329574869956
270,2.124,-0.92852422866852
270,2.13,-0.944761389424628
270,2.136,-0.962108035449075
270,2.142,-0.980677531728613
270,2.148,-1.00059769116779
270,2.154,-1.02201299494377
270,2.16,-1.04508721329441
270,2.166,-1.07000650968903
270,2.172,-1.09698313073414
270,2.178,-1.12625980862247
270,2.184,-1.15811503389129
270,2.19,-1.19286939561155
270,2.196,-1.23089323638714
270,2.202,-1.27261593401065
270,2.208,-1.31853720470349
270,2.214,-1.36924093044092
270,2.22,-1.42541215282318
270,2.226,-1.48785805895914
270,2.232,-1.55753402534938
270,2.238,-1.63557610357212
270,2.244,-1.72334175394961
270,2.25,-1.8224611982369
270,2.256,-1.93490252320203
270,2.262,-2.06305470038406
270,2.268,-2.20983410561196
270,2.274,-2.37882209443122
270,2.28,-2.57444398160834
270,2.286,-2.80220381864135
270,2.292,-3.06899541111674
270,2.298,-3.38351942893544
270,2.304,-3.75685184661754
270,2.31,-4.20323556555627
270,2.316,-4.74121600590136
270,2.322,-5.39533719368325
270,2.328,-6.19881419307851
270,2.334,-7.1980405363443
270,2.34,-8.46084799663431
270,2.346,-10.0932052388284
270,2.352,-12.2771343966905
270,2.358,-15.3689720114716
270,2.364,-20.1598362991157
270,2.37,-26.1433918277582
270,2.376,-21.0512764535815
270,2.382,-15.9835049236102
270,2.388,-12.7666701894538
270,2.394,-10.5256917788008
270,2.4,-8.86516259930142
270,2.406,-7.58729880905666
270,2.412,-6.57906960927749
270,2.418,-5.76927816050649
270,2.424,-5.1099097295719
270,2.43,-4.5669999109857
270,2.436,-4.11569902620449
270,2.442,-3.73737755955579
270,2.448,-3.41781231386319
270,2.454,-3.1459887460207
270,2.46,-2.91327766702856
270,2.466,-2.71285172982667
270,2.472,-2.53926216379308
270,2.478,-2.38812621409934
270,2.484,-2.25589304663175
270,2.49,-2.13966638300518
270,2.496,-2.03706879674089
270,2.502,-1.94613699262584
270,2.508,-1.86524037138458
270,2.514,-1.7930172531213
270,2.52,-1.72832460006745
270,2.526,-1.67019813405228
270,2.532,-1.61782051198673
270,2.538,-1.57049578737372
270,2.544,-1.52762880485719
270,2.55,-1.48870848813365
270,2.556,-1.45329421748847
270,2.562,-1.4210046720492
270,2.568,-1.39150864821919
270,2.574,-1.36451747034949
270,2.58,-1.3397786903688
270,2.586,-1.31707083562932
270,2.592,-1.29619901295639
270,2.598,-1.27699121505098
270,2.604,-1.25929520541914
270,2.61,-1.24297588173701
270,2.616,-1.2279130364052
270,2.622,-1.21399944807527
270,2.628,-1.20113924996712
270,2.634,-1.18924653047508
270,2.64,-1.17824412937476
270,2.646,-1.16806259927656
270,2.652,-1.15863930712451
270,2.658,-1.1499176547464
270,2.664,-1.14184640090929
270,2.67,-1.13437907016911
270,2.676,-1.12747343614233
270,2.682,-1.12109106876361
270,2.688,-1.11519693670088
270,2.694,-1.10975905743826
270,2.7,-1.1047481886558
270,2.706,-1.1001375554722
270,2.712,-1.09590260890379
270,2.718,-1.09202081155676
270,2.724,-1.08847144712977
270,2.73,-1.08523545077856
270,2.736,-1.08229525779749
270,2.742,-1.0796346684156
270,2.748,-1.0772387267976
270,2.754,-1.07509361259038
270,2.76,-1.07318654357025
270,2.766,-1.07150568813022
270,2.772,-1.07004008650546
270,2.778,-1.06877957977189
270,2.784,-1.0677147457709
270,2.79,-1.06683684121613
270,2.796,-1.06613774932686
270,2.802,-1.06560993240984
270,2.808,-1.06524638887911
270,2.814,-1.06504061426176
270,2.82,-1.06498656578924
270,2.826,-1.06507863021878
270,2.832,-1.06531159456897
270,2.838,-1.06568061948831
270,2.844,-1.06618121500599
270,2.85,-1.06680921844133
270,2.856,-1.06756077427182
270,2.862,-1.06843231578113
270,2.868,-1.0694205483266
270,2.874,-1.07052243408292
270,2.88,-1.07173517813289
270,2.886,-1.07305621578952
270,2.892,-1.07448320104552
270,2.898,-1.07601399605627
270,2.904,-1.07764666157238
270,2.91,-1.07937944824565
270,2.916,-1.08121078874029
270,2.922,-1.08313929058791
270,2.928,-1.08516372973066
270,2.934,-1.08728304470318
270,2.94,-1.08949633140809
270,2.946,-1.09180283844513
270,2.952,-1.094201962958
270,2.958,-1.09669324696677
270,2.964,-1.09927637415711
270,2.97,-1.10195116710132
270,2.976,-1.10471758488883
270,2.982,-1.10757572114671
270,2.988,-1.11052580243354
270,2.994,-1.11356818699265
270,3,-1.11670336385255
270,3.006,-1.11993195226568
270,3.012,-1.12325470147781
270,3.018,-1.12667249082336
270,3.024,-1.13018633014388
270,3.03,-1.13379736052862
270,3.036,-1.13750685537905
270,3.042,-1.14131622180073
270,3.048,-1.1452270023283
270,3.054,-1.14924087699168
270,3.06,-1.15335966573389
270,3.066,-1.15758533119315
270,3.072,-1.16191998186475
270,3.078,-1.1663658756604
270,3.084,-1.17092542388611
270,3.09,-1.17560119566212
270,3.096,-1.18039592281207
270,3.102,-1.18531250525156
270,3.108,-1.19035401691035
270,3.114,-1.19552371222604
270,3.12,-1.20082503325181
270,3.126,-1.20626161742483
270,3.132,-1.21183730604766
270,3.138,-1.21755615354007
270,3.144,-1.22342243752471
270,3.15,-1.22944066981692
270,3.156,-1.23561560839569
270,3.162,-1.24195227044109
270,3.168,-1.24845594653185
270,3.174,-1.25513221610609
270,3.18,-1.26198696429914
270,3.186,-1.26902640028315
270,3.192,-1.27625707724637
270,3.198,-1.28368591416338
270,3.204,-1.29132021952338
270,3.21,-1.29916771720015
270,3.216,-1.30723657466624
270,3.222,-1.31553543377444
270,3.228,-1.32407344435282
270,3.234,-1.3328603008846
270,3.24,-1.34190628257246
270,3.246,-1.35122229711813
270,3.252,-1.36081992858251
270,3.258,-1.3707114897303
270,3.264,-1.38091007930568
270,3.27,-1.39142964473327
270,3.276,-1.40228505079134
270,3.282,-1.41349215486348
270,3.288,-1.42506788944022
270,3.294,-1.4370303526156
270,3.3,-1.44939890740509
270,3.306,-1.4621942908025
270,3.312,-1.47543873359499
270,3.318,-1.48915609206892
270,3.324,-1.50337199286594
270,3.33,-1.5181139923904
270,3.336,-1.53341175232734
270,3.342,-1.549297233007
270,3.348,-1.56580490654951
270,3.354,-1.58297199194406
270,3.36,-1.60083871446347
270,3.366,-1.61944859209021
270,3.372,-1.6388487519376
270,3.378,-1.65909027999276
270,3.384,-1.68022860788964
270,3.39,-1.70232394084674
270,3.396,-1.72544173137692
270,3.402,-1.74965320390278
270,3.408,-1.77503593599375
270,3.414,-1.80167450258563
270,3.42,-1.82966119025525
270,3.426,-1.85909678940494
270,3.432,-1.89009147307008
270,3.438,-1.92276577199954
270,3.444,-1.95725165667619
270,3.45,-1.9936937380438
270,3.456,-2.03225059988447
270,3.462,-2.07309627704398
270,3.468,-2.11642189502113
270,3.474,-2.16243748780836
270,3.48,-2.21137401227463
270,3.486,-2.26348557879234
270,3.492,-2.31905191919287
270,3.498,-2.37838111444713
270,3.504,-2.44181260565992
270,3.51,-2.50972051298012
270,3.516,-2.5825172878047
270,3.522,-2.66065772413658
270,3.528,-2.74464335510239
270,3.534,-2.83502726044222
270,3.54,-2.9324193102999
270,3.546,-3.03749187003272
270,3.552,-3.15098599033969
270,3.558,-3.27371810734718
270,3.564,-3.4065872793137
270,3.57,-3.55058299175678
270,3.576,-3.7067935732043
270,3.582,-3.87641528253308
270,3.588,-4.06076216036279
270,3.594,-4.26127678729159
270,3.6,-4.47954216916604
300,1.2,-0.364142115791653
300,1.206,-0.365572011906551
300,1.212,-0.367051556579171
300,1.218,-0.368578524515892
300,1.224,-0.370150754603693
300,1.23,-0.371766149677498
300,1.236,-0.373422676228076
300,1.242,-0.375118364053206
300,1.248,-0.376851305854687
300,1.254,-0.378619656783869
300,1.26,-0.380421633938253
300,1.266,-0.382255515811641
300,1.272,-0.384119641700478
300,1.278,-0.386012411068672
300,1.284,-0.38793228287349
300,1.29,-0.389877774854793
300,1.296,-0.391847462790002
300,1.302,-0.393839979717125
300,1.308,-0.395854015128054
300,1.314,-0.397888314134402
300,1.32,-0.399941676608041
300,1.326,-0.402012956298486
300,1.332,-0.404101059929208
300,1.338,-0.406204946274985
300,1.344,-0.408323625222252
300,1.35,-0.410456156814465
300,1.356,-0.412601650284418
300,1.362,-0.414759263075411
300,1.368,-0.416928199853142
300,1.374,-0.419107711510117
300,1.38,-0.421297094164484
300,1.386,-0.423495688154882
300,1.392,-0.425702877033194
300,1.398,-0.427918086556822
300,1.404,-0.430140783682135
300,1.41,-0.432370475560789
300,1.416,-0.434606708540471
300,1.422,-0.436849067171682
300,1.428,-0.439097173222104
300,1.434,-0.441350684700088
300,1.44,-0.443609294888743
300,1.446,-0.445872731392196
300,1.452,-0.44814075519539
300,1.458,-0.450413159738969
300,1.464,-0.452689770010595
300,1.47,-0.45497044165424
300,1.476,-0.457255060098739
300,1.482,-0.459543539707098
300,1.488,-0.461835822947936
300,1.494,-0.464131879590434
300,1.5,-0.46643170592419
300,1.506,-0.46873532400539
300,1.512,-0.471042780930671
300,1.518,-0.473354148140108
300,1.524,-0.475669520750676
300,1.53,-0.477989016921685
300,1.536,-0.480312777253606
300,1.542,-0.48264096422171
300,1.548,-0.484973761646095
300,1.554,-0.487311374199523
300,1.56,-0.489654026954712
300,1.566,-0.492001964972608
300,1.572,-0.494355452933316
300,1.578,-0.496714774811385
300,1.584,-0.499080233597169
300,1.59,-0.501452151066117
300,1.596,-0.503830867597844
300,1.602,-0.506216742047028
300,1.608,-0.508610151668114
300,1.614,-0.511011492096045
300,1.62,-0.513421177385325
300,1.626,-0.515839640109733
300,1.632,-0.518267331525343
300,1.638,-0.520704721799478
300,1.644,-0.523152300308443
300,1.65,-0.525610576007192
300,1.656,-0.528080077874049
300,1.662,-0.530561355434019
300,1.668,-0.533054979364445
300,1.674,-0.535561542186904
300,1.68,-0.538081659049694
300,1.686,-0.540615968605477
300,1.692,-0.54316513398905
300,1.698,-0.545729843900553
300,1.704,-0.548310813799935
300,1.71,-0.550908787218855
300,1.716,-0.55352453719679
300,1.722,-0.556158867848671
300,1.728,-0.558812616071912
300,1.734,-0.561486653401516
300,1.74,-0.564181888022523
300,1.746,-0.566899266949991
300,1.752,-0.569639778387608
300,1.758,-0.572404454276868
300,1.764,-0.575194373050109
300,1.77,-0.578010662601569
300,1.776,-0.580854503492267
300,1.782,-0.583727132405697
300,1.788,-0.586629845873138
300,1.794,-0.589564004288979
300,1.8,-0.592531036238629
300,1.806,-0.59553244316349
300,1.812,-0.598569804390114
300,1.818,-0.60164478255319
300,1.824,-0.604759129444963
300,1.83,-0.607914692327037
300,1.836,-0.611113420744065
300,1.842,-0.614357373882942
300,1.848,-0.617648728525561
300,1.854,-0.620989787648314
300,1.86,-0.624382989726958
300,1.866,-0.627830918811947
300,1.872,-0.631336315446083
300,1.878,-0.634902088504456
300,1.884,-0.638531328045083
300,1.89,-0.642227319268862
300,1.896,-0.645993557698335
300,1.902,-0.64983376569722
300,1.908,-0.653751910466802
300,1.914,-0.657752223671104
300,1.92,-0.661839222860522
300,1.926,-0.666017734884188
300,1.932,-0.670292921503781
300,1.938,-0.674670307448135
300,1.944,-0.679155811177023
300,1.95,-0.683755778656604
300,1.956,-0.68847702048728
300,1.962,-0.693326852768362
300,1.968,-0.698313142134632
300,1.974,-0.703444355456672
300,1.98,-0.708729614763548
300,1.986,-0.714178758021652
300,1.992,-0.719802406491409
300,1.998,-0.725612039484178
300,2.004,-0.731620077458442
300,2.01,-0.737839974529591
300,2.016,-0.744286321624668
300,2.022,-0.750974961695945
300,2.028,-0.757923118620512
300,2.034,-0.765149541661785
300,2.04,-0.772674667660669
300,2.046,-0.780520803466416
300,2.052,-0.788712331520139
300,2.058,-0.79727594197959
300,2.064,-0.806240895335876
300,2.07,-0.815639320139586
300,2.076,-0.825506551246873
300,2.082,-0.835881514940831
300,2.088,-0.846807168413891
300,2.094,-0.85833100245172
300,2.1,-0.870505617788687
300,2.106,-0.883389387570482
300,2.112,-0.897047220737825
300,2.118,-0.911551444032559
300,2.124,-0.926982823843621
300,2.13,-0.943431753408162
300,2.136,-0.96099963615292
300,2.142,-0.979800502447122
300,2.148,-0.999962905050429
300,2.154,-1.02163214847358
300,2.16,-1.04497291983443
300,2.166,-1.07017240424456
300,2.172,-1.09744398714872
300,2.178,-1.12703167046592
300,2.184,-1.15921536028628
300,2.19,-1.19431722314963
300,2.196,-1.232709358056
300,2.202,-1.27482309562279
300,2.208,-1.32116031857613
300,2.214,-1.37230730487856
300,2.22,-1.42895173407726
300,2.226,-1.4919036794667
300,2.232,-1.56212164772905
300,2.238,-1.64074504342969
300,2.244,-1.72913485509243
300,2.25,-1.82892492012075
300,2.256,-1.94208688054284
300,2.262,-2.0710129664394
300,2.268,-2.2186221505096
300,2.274,-2.38849717419463
300,2.28,-2.5850627178763
300,2.286,-2.8138190098004
300,2.292,-3.08165119225154
300,2.298,-3.39724415967496
300,2.304,-3.77164798481093
300,2.31,-4.2190657675461
300,2.316,-4.75798499944308
300,2.322,-5.4128701589313
300,2.328,-6.21683602880816
300,2.334,-7.21617144236834
300,2.34,-8.47866746748945
300,2.346,-10.1105780704154
300,2.352,-12.2956669144814
300,2.358,-15.3998303714719
300,2.364,-20.288776363854
300,2.37,-27.1307941599282
300,2.376,-21.5384347718844
300,2.382,-16.2074164551409
300,2.388,-12.9129537950551
300,2.394,-10.6368687750338
300,2.4,-8.95605660845932
300,2.406,-7.66461111201054
300,2.412,-6.6464084005095
300,2.418,-5.82885303400466
300,2.424,-5.16321190703331
300,2.43,-4.61511094599422
300,2.436,-4.15944488762251
300,2.442,-3.77741212351189
300,2.448,-3.45466618902679
300,2.454,-3.18009995030318
300,2.46,-2.94501219961023
300,2.466,-2.74251815695238
300,2.472,-2.56712243212717
300,2.478,-2.41440394367293
300,2.484,-2.28078005078549
300,2.49,-2.16332788702271
300,2.496,-2.05964766935547
300,2.502,-1.96775721007292
300,2.508,-1.88600987396946
300,2.514,-1.81303031459564
300,2.52,-1.74766380249791
300,2.526,-1.68893602088129
300,2.532,-1.63602097706369
300,2.538,-1.58821524632219
300,2.544,-1.54491718625858
300,2.55,-1.50561007500009
300,2.556,-1.46984836391599
300,2.562,-1.43724641546516
300,2.568,-1.40746923402583
300,2.574,-1.3802248028376
300,2.58,-1.35525772139434
300,2.586,-1.33234390060054
300,2.592,-1.31128612208709
300,2.598,-1.29191030652728
300,2.604,-1.27406236604974
300,2.61,-1.25760553976721
300,2.616,-1.24241813043763
300,2.622,-1.22839157542858
300,2.628,-1.2154287972941
300,2.634,-1.20344278903641
300,2.64,-1.19235539700853
300,2.646,-1.18209627080504
300,2.652,-1.17260195468823
300,2.658,-1.16381509934392
300,2.664,-1.15568377624152
300,2.67,-1.14816087973564
300,2.676,-1.14120360440788
300,2.682,-1.1347729871031
300,2.688,-1.12883350473781
300,2.694,-1.12335272031083
300,2.7,-1.11830097067666
300,2.706,-1.11365109058833
300,2.712,-1.10937816831241
300,2.718,-1.10545932878913
300,2.724,-1.10187354087678
300,2.73,-1.09860144569913
300,2.736,-1.09562520352226
300,2.742,-1.09292835693347
300,2.748,-1.09049570839105
300,2.754,-1.08831321046654
300,2.76,-1.08636786731823
300,2.766,-1.08464764612065
300,2.772,-1.08314139733529
300,2.778,-1.08183878284655
300,2.784,-1.08073021110587
300,2.79,-1.07980677853134
300,2.796,-1.07906021649945
300,2.802,-1.07848284334428
300,2.808,-1.07806752084737
300,2.814,-1.07780761476091
300,2.82,-1.07769695895916
300,2.826,-1.07772982285828
300,2.832,-1.07790088178488
300,2.838,-1.07820519000875
300,2.844,-1.0786381561858
300,2.85,-1.07919552098523
300,2.856,-1.07987333669815
300,2.862,-1.08066794864691
300,2.868,-1.08157597823295
300,2.874,-1.08259430747759
300,2.88,-1.08372006492562
300,2.886,-1.08495061279414
300,2.892,-1.08628353526159
300,2.898,-1.08771662780199
300,2.904,-1.08924788747914
300,2.91,-1.09087550412409
300,2.916,-1.09259785232663
300,2.922,-1.09441348417854
300,2.928,-1.09632112271262
300,2.934,-1.09831965598707
300,2.94,-1.10040813176996
300,2.946,-1.10258575278305
300,2.952,-1.10485187246882
300,2.958,-1.10720599124788
300,2.964,-1.10964775323832
300,2.97,-1.11217694341098
300,2.976,-1.11479348515865
300,2.982,-1.11749743825916
300,2.988,-1.12028899721589
300,2.994,-1.12316848996111
300,3,-1.12613637691053
300,3.006,-1.12919325035934
300,3.012,-1.13233983421269
300,3.018,-1.13557698404547
300,3.024,-1.1389056874885
300,3.03,-1.14232706494067
300,3.036,-1.1458423706081
300,3.042,-1.14945299387426
300,3.048,-1.15316046100668
300,3.054,-1.15696643720846
300,3.06,-1.16087272902478
300,3.066,-1.1648812871174
300,3.072,-1.16899420942229
300,3.078,-1.17321374470856
300,3.084,-1.17754229655923
300,3.09,-1.18198242779766
300,3.096,-1.18653686538653
300,3.102,-1.19120850582965
300,3.108,-1.19600042111038
300,3.114,-1.20091586520471
300,3.12,-1.20595828121073
300,3.126,-1.21113130914142
300,3.132,-1.21643879443217
300,3.138,-1.22188479722017
300,3.144,-1.22747360245845
300,3.15,-1.23320973093405
300,3.156,-1.2390979512666
300,3.162,-1.24514329297149
300,3.168,-1.25135106068
300,3.174,-1.25772684961837
300,3.18,-1.26427656245759
300,3.186,-1.27100642765718
300,3.192,-1.27792301943836
300,3.198,-1.28503327953565
300,3.204,-1.29234454089092
300,3.21,-1.29986455347035
300,3.216,-1.30760151240323
300,3.222,-1.31556408866116
300,3.228,-1.3237614625195
300,3.234,-1.33220336006635
300,3.24,-1.34090009305305
300,3.246,-1.34986260240944
300,3.252,-1.35910250578162
300,3.258,-1.36863214948695
300,3.264,-1.37846466532258
300,3.27,-1.38861403271036
300,3.276,-1.3990951467121
300,3.282,-1.40992389250645
300,3.288,-1.42111722698246
300,3.294,-1.43269326817601
300,3.3,-1.44467139335428
300,3.306,-1.45707234664198
300,3.312,-1.4699183571814
300,3.318,-1.48323326892868
300,3.324,-1.49704268331122
300,3.33,-1.51137411610836
300,3.336,-1.52625717007121
300,3.342,-1.54172372496789
300,3.348,-1.55780814693242
300,3.354,-1.57454751920893
300,3.36,-1.59198189662154
300,3.366,-1.61015458636673
300,3.372,-1.62911245802277
300,3.378,-1.64890628600248
300,3.384,-1.66959112804585
300,3.39,-1.69122674376087
300,3.396,-1.71387805767997
300,3.402,-1.73761567180861
300,3.408,-1.76251643320792
300,3.414,-1.788664062779
300,3.42,-1.81614985210787
300,3.426,-1.84507343599073
300,3.432,-1.87554364909617
300,3.438,-1.90767947613402
300,3.444,-1.94161110589678
300,3.45,-1.97748110061731
300,3.456,-2.01544569324658
300,3.462,-2.05567622649431
300,3.468,-2.09836074878744
300,3.474,-2.14370578367428
300,3.48,-2.19193829062245
300,3.486,-2.24330783660203
300,3.492,-2.29808899928504
300,3.498,-2.35658402409096
300,3.504,-2.41912575862394
300,3.51,-2.48608088922972
300,3.516,-2.55785350540163
300,3.522,-2.63488901853361
300,3.528,-2.71767846202374
300,3.534,-2.8067631999713
300,3.54,-2.90274007173538
300,3.546,-3.00626699958409
300,3.552,-3.11806908685459
300,3.558,-3.23894523498422
300,3.564,-3.36977531031524
300,3.57,-3.51152789703118
300,3.576,-3.66526868293096
300,3.582,-3.83216954284677
300,3.588,-4.0135184144361
300,3.594,-4.21073010848309
300,3.6,-4.42535826848307
330,1.2,-0.363612410656657
330,1.206,-0.364926190632073
330,1.212,-0.366296294594071
330,1.218,-0.367720807020319
330,1.224,-0.36919783220689
330,1.23,-0.370725495741621
330,1.236,-0.372301945925544
330,1.242,-0.373925355141664
330,1.248,-0.375593921170446
330,1.254,-0.377305868451531
330,1.26,-0.379059449291189
330,1.266,-0.380852945015287
330,1.272,-0.382684667067456
330,1.278,-0.384552958052351
330,1.284,-0.386456192723976
330,1.29,-0.388392778919114
330,1.296,-0.390361158435941
330,1.302,-0.392359807858137
330,1.308,-0.39438723932469
330,1.314,-0.396442001245855
330,1.32,-0.398522678965663
330,1.326,-0.40062789537155
330,1.332,-0.402756311451684
330,1.338,-0.404906626800702
330,1.344,-0.407077580074551
330,1.35,-0.40926794939529
330,1.356,-0.411476552706714
330,1.362,-0.413702248081706
330,1.368,-0.415943933982388
330,1.374,-0.418200549474033
330,1.38,-0.420471074393931
330,1.386,-0.42275452947634
330,1.392,-0.425049976434716
330,1.398,-0.427356518002558
330,1.404,-0.429673297934107
330,1.41,-0.431999500966321
330,1.416,-0.434334352743516
330,1.422,-0.436677119706126
330,1.428,-0.439027108945081
330,1.434,-0.441383668023353
330,1.44,-0.443746184766231
330,1.446,-0.446114087021971
330,1.452,-0.448486842394455
330,1.458,-0.450863957949591
330,1.464,-0.453244979897133
330,1.47,-0.455629493249775
330,1.476,-0.45801712146125
330,1.482,-0.460407526045343
330,1.488,-0.462800406177661
330,1.494,-0.465195498282125
330,1.5,-0.467592575604087
330,1.506,-0.469991447772156
330,1.512,-0.47239196035066
330,1.518,-0.47479399438496
330,1.524,-0.477197465941611
330,1.53,-0.479602325645632
330,1.536,-0.482008558217026
330,1.542,-0.484416182008858
330,1.548,-0.486825248549212
330,1.554,-0.489235842089312
330,1.56,-0.491648079160321
330,1.566,-0.494062108141268
330,1.572,-0.496478108840595
330,1.578,-0.498896292094028
330,1.584,-0.501316899381385
330,1.59,-0.503740202465158
330,1.596,-0.506166503053638
330,1.602,-0.50859613249161
330,1.608,-0.511029451481638
330,1.614,-0.513466849839068
330,1.62,-0.515908746284054
330,1.626,-0.518355588274058
330,1.632,-0.520807851880216
330,1.638,-0.523266041711473
330,1.644,-0.525730690890166
330,1.65,-0.528202361083231
330,1.656,-0.530681642593162
330,1.662,-0.533169154513306
330,1.668,-0.53566554495206
330,1.674,-0.538171491331004
330,1.68,-0.540687700762182
330,1.686,-0.543214910510044
330,1.692,-0.545753888543986
330,1.698,-0.548305434187637
330,1.704,-0.550870378871698
330,1.71,-0.553449586997259
330,1.716,-0.55604395691731
330,1.722,-0.558654422044509
330,1.728,-0.56128195209392
330,1.734,-0.563927554470087
330,1.74,-0.566592275808471
330,1.746,-0.56927720368217
330,1.752,-0.571983468485511
330,1.758,-0.574712245507234
330,1.764,-0.577464757206968
330,1.77,-0.580242275709747
330,1.776,-0.58304612553471
330,1.782,-0.585877686575512
330,1.788,-0.588738397351446
330,1.794,-0.59162975854991
330,1.8,-0.594553336883086
330,1.806,-0.597510769283257
330,1.812,-0.600503767464
330,1.818,-0.603534122876675
330,1.824,-0.6066037120948
330,1.83,-0.609714502661683
330,1.836,-0.612868559440595
330,1.842,-0.616068051510352
330,1.848,-0.619315259653743
330,1.854,-0.6226125844909
330,1.86,-0.62596255531532
330,1.866,-0.629367839696118
330,1.872,-0.632831253916938
330,1.878,-0.636355774329614
330,1.884,-0.639944549708869
330,1.89,-0.643600914704251
330,1.896,-0.647328404495916
330,1.902,-0.651130770773045
330,1.908,-0.655011999167197
330,1.914,-0.658976328288344
330,1.92,-0.663028270528351
330,1.926,-0.667172634816531
330,1.932,-0.671414551533875
330,1.938,-0.675759499817693
330,1.944,-0.680213337517071
330,1.95,-0.684782334091931
330,1.956,-0.689473206785499
330,1.962,-0.694293160442411
330,1.968,-0.699249931392732
330,1.974,-0.704351835877792
330,1.98,-0.709607823557154
330,1.986,-0.715027536708746
330,1.992,-0.720621375818708
330,1.998,-0.726400572354058
330,2.004,-0.732377269623431
330,2.01,-0.738564612760975
330,2.016,-0.744976849019001
330,2.022,-0.751629439730112
330,2.028,-0.758539185503509
330,2.034,-0.765724366458674
330,2.04,-0.773204899578382
330,2.046,-0.781002515590381
330,2.052,-0.78914095817184
330,2.058,-0.797646208724569
330,2.064,-0.80654674050496
330,2.07,-0.815873806528024
330,2.076,-0.825661766419697
330,2.082,-0.835948458290316
330,2.088,-0.846775622776289
330,2.094,-0.8581893876832
330,2.1,-0.870240823209051
330,2.106,-0.882986579588871
330,2.112,-0.896489621253095
330,2.118,-0.910820074322074
330,2.124,-0.926056207580651
330,2.13,-0.94228557113098
330,2.136,-0.959606321888478
330,2.142,-0.978128771190658
330,2.148,-0.997977197321132
330,2.154,-1.01929197507828
330,2.16,-1.04223208611339
330,2.166,-1.06697808823288
330,2.172,-1.09373563999023
330,2.178,-1.12273969970362
330,2.184,-1.15425954685461
330,2.19,-1.18860481038938
330,2.196,-1.22613273504423
330,2.202,-1.26725697646868
330,2.208,-1.31245829262813
330,2.214,-1.36229759806938
330,2.22,-1.41743197627653
330,2.226,-1.47863441315546
330,2.232,-1.54681823470126
330,2.238,-1.62306752189584
330,2.244,-1.70867516027571
330,2.25,-1.80519069427823
330,2.256,-1.91448084499651
330,2.262,-2.03880648223786
330,2.268,-2.18092111674013
330,2.274,-2.34419774434372
330,2.28,-2.5327933610876
330,2.286,-2.75186404991768
330,2.292,-3.00784885203372
330,2.298,-3.30884882151595
330,2.304,-3.66514088440909
330,2.31,-4.08988868892378
330,2.316,-4.60015351968508
330,2.322,-5.21838714633053
330,2.328,-5.97475008693527
330,2.334,-6.91095238548232
330,2.34,-8.08714632779447
330,2.346,-9.59554421772972
330,2.352,-11.5906428370815
330,2.358,-14.3668266711335
330,2.364,-18.5939582287535
330,2.37,-25.6404435029611
330,2.376,-23.9210627212696
330,2.382,-17.5769408111438
330,2.388,-13.8037279774645
330,2.394,-11.2757392094695
330,2.4,-9.44032919482666
330,2.406,-8.04443742093045
330,2.412,-6.95125906621805
330,2.418,-6.07769416509181
330,2.424,-5.36904695481992
330,2.43,-4.78725998767665
330,2.436,-4.30480234625468
330,2.442,-3.90119692708933
330,2.448,-3.56089828069235
330,2.454,-3.27191841790549
330,2.46,-3.02489599401038
330,2.466,-2.81244379004017
330,2.472,-2.62867920760504
330,2.478,-2.46887963787488
330,2.484,-2.32922551209089
330,2.49,-2.20660629967184
330,2.496,-2.09847248797022
330,2.502,-2.00272161911008
330,2.508,-1.91760984058679
330,2.514,-1.84168275475538
330,2.52,-1.77372098976432
330,2.526,-1.71269708539126
330,2.532,-1.65774113592989
330,2.538,-1.60811325434048
330,2.544,-1.56318138217547
330,2.55,-1.52240331321961
330,2.556,-1.48531205691311
330,2.562,-1.4515038629564
330,2.568,-1.42062837723024
330,2.574,-1.3923805130904
330,2.58,-1.36649370984581
330,2.586,-1.34273431818289
330,2.592,-1.32089690519003
330,2.598,-1.30080031301272
330,2.604,-1.2822843376905
330,2.61,-1.26520692040926
330,2.616,-1.24944176377403
330,2.622,-1.23487630193875
330,2.628,-1.22140996641613
330,2.634,-1.20895269982514
330,2.64,-1.19742367825019
330,2.646,-1.18675020970222
330,2.652,-1.17686678171247
330,2.658,-1.16771423560999
330,2.664,-1.1592390487353
330,2.67,-1.15139270888361
330,2.676,-1.14413116777789
330,2.682,-1.13741436244587
330,2.688,-1.13120579509534
330,2.694,-1.12547216351439
330,2.7,-1.12018303521829
330,2.706,-1.115310559566
330,2.712,-1.11082921290925
330,2.718,-1.10671557254503
330,2.724,-1.10294811583943
330,2.73,-1.09950704139635
330,2.736,-1.0963741095737
330,2.742,-1.09353250001454
330,2.748,-1.09096668417204
330,2.754,-1.0886623110726
330,2.76,-1.08660610479013
330,2.766,-1.08478577229922
330,2.772,-1.08318992054407
330,2.778,-1.08180798170445
330,2.784,-1.08063014576606
330,2.79,-1.07964729961072
330,2.796,-1.07885097193614
330,2.802,-1.07823328339697
330,2.808,-1.07778690143011
330,2.814,-1.07750499928905
330,2.82,-1.07738121886716
330,2.826,-1.07740963693625
330,2.832,-1.07758473446969
330,2.838,-1.07790136875501
330,2.844,-1.07835474803367
330,2.85,-1.078940408434
330,2.856,-1.0796541929882
330,2.862,-1.08049223254691
330,2.868,-1.08145092842383
330,2.874,-1.08252693662096
330,2.88,-1.08371715350007
330,2.886,-1.08501870277993
330,2.892,-1.08642892375114
330,2.898,-1.08794536061118
330,2.904,-1.08956575283231
330,2.91,-1.09128802648369
330,2.916,-1.09311028643668
330,2.922,-1.09503080938985
330,2.928,-1.09704803765614
330,2.934,-1.09916057366081
330,2.94,-1.10136717510357
330,2.946,-1.10366675074335
330,2.952,-1.10605835676854
330,2.958,-1.10854119371907
330,2.964,-1.11111460393068
330,2.97,-1.11377806947486
330,2.976,-1.11653121057122
330,2.982,-1.11937378445135
330,2.988,-1.1223056846567
330,2.994,-1.12532694075475
330,3,-1.12843771846047
330,3.006,-1.13163832015222
330,3.012,-1.13492918577341
330,3.018,-1.13831089411312
330,3.024,-1.14178416446119
330,3.03,-1.14534985863492
330,3.036,-1.14900898337662
330,3.042,-1.15276269312336
330,3.048,-1.15661229315168
330,3.054,-1.16055924310267
330,3.06,-1.16460516089427
330,3.066,-1.16875182703006
330,3.072,-1.17300118931582
330,3.078,-1.17735536799736
330,3.084,-1.18181666133565
330,3.09,-1.18638755163759
330,3.096,-1.19107071176339
330,3.102,-1.19586901213473
330,3.108,-1.20078552827029
330,3.114,-1.20582354887916
330,3.12,-1.21098658454558
330,3.126,-1.21627837704274
330,3.132,-1.22170290931721
330,3.138,-1.22726441619011
330,3.144,-1.23296739582627
330,3.15,-1.23881662202764
330,3.156,-1.24481715741327
330,3.162,-1.25097436755459
330,3.168,-1.25729393614177
330,3.174,-1.2637818812645
330,3.18,-1.27044457289928
330,3.186,-1.27728875170457
330,3.192,-1.28432154923537
330,3.198,-1.29155050970044
330,3.204,-1.29898361339757
330,3.21,-1.30662930197679
330,3.216,-1.31449650569617
330,3.222,-1.32259467285233
330,3.228,-1.3309338015867
330,3.234,-1.33952447428927
330,3.24,-1.34837789484519
330,3.246,-1.35750592899525
330,3.252,-1.36692114811038
330,3.258,-1.37663687671222
330,3.264,-1.38666724410771
330,3.27,-1.39702724054567
330,3.276,-1.40773277834777
330,3.282,-1.41880075851657
330,3.288,-1.4302491433787
330,3.294,-1.44209703588399
330,3.3,-1.4543647662516
330,3.306,-1.46707398673229
330,3.312,-1.4802477753448
330,3.318,-1.4939107495433
330,3.324,-1.50808919088429
330,3.33,-1.52281118188737
330,3.336,-1.53810675642547
330,3.342,-1.55400806514036
330,3.348,-1.57054955755904
330,3.354,-1.58776818279074
330,3.36,-1.60570361091442
330,3.366,-1.6243984774273
330,3.372,-1.64389865342061
330,3.378,-1.66425354448282
330,3.384,-1.68551642171082
330,3.39,-1.70774478864009
330,3.396,-1.73100078839443
330,3.402,-1.75535165591196
330,3.408,-1.78087022073705
330,3.414,-1.80763546658665
330,3.42,-1.83573315471957
330,3.426,-1.86525651906899
330,3.432,-1.89630704216133
330,3.438,-1.92899532205419
330,3.444,-1.96344204190458
330,3.45,-1.99977905534973
330,3.456,-2.03815060267089
330,3.462,-2.07871467474916
330,3.468,-2.12164454414185
330,3.474,-2.16713048524842
330,3.48,-2.21538170853911
330,3.486,-2.26662853723378
330,3.492,-2.3211248586989
330,3.498,-2.37915088723662
330,3.504,-2.44101627994096
330,3.51,-2.50706365297143
330,3.516,-2.57767255203585
330,3.522,-2.65326393819176
330,3.528,-2.7343052584037
330,3.534,-2.82131617980375
330,3.54,-2.91487507751921
330,3.546,-3.01562637856216
330,3.552,-3.12428887905439
330,3.558,-3.24166516961083
330,3.564,-3.36865232494451
330,3.57,-3.50625404004574
330,3.576,-3.65559442866009
330,3.582,-3.81793374328068
330,3.588,-3.99468633401363
330,3.594,-4.18744124322129
330,3.6,-4.39798594379656
360,1.2,-0.362104744920133
360,1.206,-0.36363022823709
360,1.212,-0.36520651906106
360,1.218,-0.366831418482131
360,1.224,-0.368502787867475
360,1.23,-0.370218548712806
360,1.236,-0.371976682436403
360,1.242,-0.373775230118181
360,1.248,-0.375612292186237
360,1.254,-0.377486028053305
360,1.26,-0.379394655705454
360,1.266,-0.381336451245459
360,1.272,-0.383309748393088
360,1.278,-0.385312937944635
360,1.284,-0.387344467193944
360,1.29,-0.389402839317129
360,1.296,-0.39148661272318
360,1.302,-0.393594400372598
360,1.308,-0.395724869066184
360,1.314,-0.397876738706025
360,1.32,-0.400048781530749
360,1.326,-0.402239821327032
360,1.332,-0.404448732619349
360,1.338,-0.406674439839853
360,1.344,-0.408915916480372
360,1.35,-0.411172184228288
360,1.356,-0.41344231208823
360,1.362,-0.41572541549131
360,1.368,-0.418020655393726
360,1.374,-0.420327237366458
360,1.38,-0.422644410677779
360,1.386,-0.424971467370254
360,1.392,-0.427307741333923
360,1.398,-0.429652607377263
360,1.404,-0.43200548029759
360,1.41,-0.434365813952451
360,1.416,-0.436733100333603
360,1.422,-0.439106868645109
360,1.428,-0.441486684387106
360,1.434,-0.443872148446736
360,1.44,-0.446262896197749
360,1.446,-0.448658596610251
360,1.452,-0.451058951372099
360,1.458,-0.453463694023366
360,1.464,-0.455872589105342
360,1.47,-0.458285431325506
360,1.476,-0.460702044739951
360,1.482,-0.463122281954602
360,1.488,-0.46554602334676
360,1.494,-0.467973176308348
360,1.5,-0.470403674512291
360,1.506,-0.472837477203496
360,1.512,-0.475274568515869
360,1.518,-0.477714956816829
360,1.524,-0.480158674080764
360,1.53,-0.482605775292972
360,1.536,-0.485056337885546
360,1.542,-0.487510461206753
360,1.548,-0.489968266025469
360,1.554,-0.492429894072265
360,1.56,-0.494895507618765
360,1.566,-0.497365289096924
360,1.572,-0.499839440760007
360,1.578,-0.502318184386953
360,1.584,-0.504801761032031
360,1.59,-0.507290430821625
360,1.596,-0.509784472800166
360,1.602,-0.512284184827185
360,1.608,-0.51478988352774
360,1.614,-0.517301904298356
360,1.62,-0.51982060137089
360,1.626,-0.522346347936741
360,1.632,-0.524879536334127
360,1.638,-0.527420578301029
360,1.644,-0.529969905296871
360,1.65,-0.532527968895946
360,1.656,-0.535095241255952
360,1.662,-0.537672215665099
360,1.668,-0.540259407171609
360,1.674,-0.542857353299577
360,1.68,-0.545466614855556
360,1.686,-0.548087776830422
360,1.692,-0.550721449401618
360,1.698,-0.553368269040965
360,1.704,-0.556028899733993
360,1.71,-0.558704034316881
360,1.716,-0.561394395937869
360,1.722,-0.564100739650351
360,1.728,-0.566823854145593
360,1.734,-0.569564563633646
360,1.74,-0.572323729881783
360,1.746,-0.575102254420542
360,1.752,-0.577901080928421
360,1.758,-0.580721197807189
360,1.764,-0.583563640960899
360,1.77,-0.586429496792865
360,1.776,-0.589319905436139
360,1.782,-0.592236064234524
360,1.788,-0.595179231492744
360,1.794,-0.598150730516082
360,1.8,-0.601151953961893
360,1.806,-0.604184368527361
360,1.812,-0.607249520000461
360,1.818,-0.610349038703525
360,1.824,-0.613484645361972
360,1.83,-0.616658157433752
360,1.836,-0.619871495938922
360,1.842,-0.623126692832654
360,1.848,-0.626425898969477
360,1.854,-0.629771392711602
360,1.86,-0.633165589239655
360,1.866,-0.636611050630438
360,1.872,-0.640110496773411
360,1.878,-0.643666817204994
360,1.884,-0.647283083949065
360,1.89,-0.65096256546139
360,1.896,-0.654708741786877
360,1.902,-0.658525321051133
360,1.908,-0.66241625742139
360,1.914,-0.666385770687921
360,1.92,-0.670438367634824
360,1.926,-0.674578865388925
360,1.932,-0.678812416958798
360,1.938,-0.683144539201346
360,1.944,-0.687581143483026
360,1.95,-0.692128569336298
360,1.956,-0.696793621449814
360,1.962,-0.701583610374719
360,1.968,-0.706506397378968
360,1.974,-0.711570443938851
360,1.98,-0.716784866422335
360,1.986,-0.722159496594231
360,1.992,-0.727704948659845
360,1.998,-0.733432693664063
360,2.004,-0.739355142178464
360,2.01,-0.745485736343415
360,2.016,-0.751839052487687
360,2.022,-0.758430915729479
360,2.028,-0.765278528174033
360,2.034,-0.772400612569927
360,2.04,-0.779817573575463
360,2.046,-0.78755167912575
360,2.052,-0.795627264791041
360,2.058,-0.804070964487669
360,2.064,-0.812911971460539
360,2.07,-0.822182334116666
360,2.076,-0.83191729207485
360,2.082,-0.84215565873287
360,2.088,-0.852940257772695
360,2.094,-0.864318422366317
360,2.1,-0.876342567457906
360,2.106,-0.889070847443878
360,2.112,-0.9025679139267
360,2.118,-0.916905791075203
360,2.124,-0.932164889603687
360,2.13,-0.948435184633163
360,2.136,-0.965817587910512
360,2.142,-0.98442555127537
360,2.148,-1.00438694618576
360,2.154,-1.02584627393337
360,2.16,-1.04896727339977
360,2.166,-1.07393600847243
360,2.172,-1.1009645363925
360,2.178,-1.13029528243105
360,2.184,-1.16220627680881
360,2.19,-1.19701744854643
360,2.196,-1.23509822040732
360,2.202,-1.27687671251522
360,2.208,-1.32285094389582
360,2.214,-1.37360252685438
360,2.22,-1.42981348646588
360,2.226,-1.49228701692203
360,2.232,-1.56197322215816
360,2.238,-1.6400011993526
360,2.244,-1.72771923710243
360,2.25,-1.82674545227197
360,2.256,-1.93903193274392
360,2.262,-2.06694646218551
360,2.268,-2.21337728683335
360,2.274,-2.381868308223
360,2.28,-2.57679480819796
360,2.286,-2.80359375671142
360,2.292,-3.0690686481466
360,2.298,-3.38179798328361
360,2.304,-3.75269149903639
360,2.31,-4.19576415018528
360,2.316,-4.72924541546474
360,2.322,-5.37723443327085
360,2.328,-6.17230472005877
360,2.334,-7.15989129907412
360,2.34,-8.40631996930143
360,2.346,-10.0150362881245
360,2.352,-12.163580474461
360,2.358,-15.2010581234167
360,2.364,-19.9359963487654
360,2.37,-26.716773502389
360,2.376,-21.7830810269979
360,2.382,-16.3712794760405
360,2.388,-13.0224490137457
360,2.394,-10.7142025762916
360,2.4,-9.01247542861509
360,2.406,-7.70644399169855
360,2.412,-6.67758893782866
360,2.418,-5.85200994331228
360,2.424,-5.18019310942495
360,2.43,-4.62726179716494
360,2.436,-4.167769196589
360,2.442,-3.78267226443867
360,2.448,-3.45744898638712
360,2.454,-3.18086195464618
360,2.46,-2.94411181114735
360,2.466,-2.74023895750858
360,2.472,-2.56369042800817
360,2.478,-2.41000047799644
360,2.484,-2.27555157466134
360,2.49,-2.15739341815714
360,2.496,-2.05310452826885
360,2.502,-1.96068546141426
360,2.508,-1.8784757865675
360,2.514,-1.80508907272132
360,2.52,-1.73936164211105
360,2.526,-1.6803119217014
360,2.532,-1.627108009618
360,2.538,-1.5790416495592
360,2.544,-1.53550723367318
360,2.55,-1.49598477392813
360,2.556,-1.46002602259166
360,2.562,-1.42724310477076
360,2.568,-1.39729916499879
360,2.574,-1.36990063648887
360,2.58,-1.34479082390687
360,2.586,-1.32174455427099
360,2.592,-1.30056370026361
360,2.598,-1.2810734191435
360,2.604,-1.26311898105504
360,2.61,-1.24656308472581
360,2.616,-1.23128357775484
360,2.622,-1.21717151401308
360,2.628,-1.20412949294671
360,2.634,-1.19207023543909
360,2.64,-1.18091535885225
360,2.646,-1.17059432032371
360,2.652,-1.16104350264598
360,2.658,-1.15220542134387
360,2.664,-1.14402803507809
360,2.67,-1.13646414439224
360,2.676,-1.12947086620365
360,2.682,-1.12300917341098
360,2.688,-1.11704349062902
360,2.694,-1.1115413384254
360,2.7,-1.10647301957299
360,2.706,-1.10181134178646
360,2.712,-1.09753137221336
360,2.718,-1.09361021962543
360,2.724,-1.09002684082683
360,2.73,-1.08676186827889
360,2.736,-1.08379745635144
360,2.742,-1.08111714395995
360,2.748,-1.07870573164558
360,2.754,-1.07654917141003
360,2.76,-1.07463446783545
360,2.766,-1.0729495892071
360,2.772,-1.07148338751803
360,2.778,-1.07022552637434
360,2.784,-1.06916641593965
360,2.79,-1.06829715416223
360,2.796,-1.06760947361806
360,2.802,-1.06709569338248
360,2.808,-1.06674867541083
360,2.814,-1.06656178496912
360,2.82,-1.06652885470728
360,2.826,-1.06664415201398
360,2.832,-1.06690234933166
360,2.838,-1.06729849714606
360,2.844,-1.06782799939563
360,2.85,-1.06848659107305
360,2.856,-1.06927031781624
360,2.862,-1.07017551730675
360,2.868,-1.07119880231279
360,2.874,-1.07233704523121
360,2.88,-1.07358736399706
360,2.886,-1.07494710924342
360,2.892,-1.07641385260556
360,2.898,-1.07798537607433
360,2.904,-1.07965966231313
360,2.91,-1.08143488586135
360,2.916,-1.083309405155
360,2.922,-1.08528175530176
360,2.928,-1.08735064155433
360,2.934,-1.08951493343145
360,2.94,-1.09177365944098
360,2.946,-1.09412600236426
360,2.952,-1.0965712950652
360,2.958,-1.09910901679139
360,2.964,-1.10173878993814
360,2.97,-1.10446037724972
360,2.976,-1.10727367943531
360,2.982,-1.1101787331796
360,2.988,-1.11317570953134
360,2.994,-1.11626491265514
360,3,-1.11944677893471
360,3.006,-1.12272187641766
360,3.012,-1.12609090459482
360,3.018,-1.12955469450857
360,3.024,-1.13311420918744
360,3.03,-1.13677054440626
360,3.036,-1.14052492977293
360,3.042,-1.14437873014576
360,3.048,-1.14833344738685
360,3.054,-1.15239072245977
360,3.06,-1.15655233788198
360,3.066,-1.1608202205447
360,3.072,-1.16519644491593
360,3.078,-1.16968323664454
360,3.084,-1.17428297658652
360,3.09,-1.17899820527739
360,3.096,-1.18383162787817
360,3.102,-1.18878611962526
360,3.108,-1.1938647318193
360,3.114,-1.1990706983908
360,3.12,-1.20440744308596
360,3.126,-1.20987858731986
360,3.132,-1.21548795874991
360,3.138,-1.22123960062768
360,3.144,-1.22713778199351
360,3.15,-1.23318700878493
360,3.156,-1.23939203593704
360,3.162,-1.2457578805612
360,3.168,-1.25228983629683
360,3.174,-1.25899348894111
360,3.18,-1.2658747334714
360,3.186,-1.2729397925872
360,3.192,-1.28019523691127
360,3.198,-1.28764800700313
360,3.204,-1.29530543735437
360,3.21,-1.30317528255187
360,3.216,-1.31126574581415
360,3.222,-1.31958551012727
360,3.228,-1.32814377222951
360,3.234,-1.3369502797202
360,3.24,-1.34601537159645
360,3.246,-1.3553500225531
360,3.252,-1.36496589141666
360,3.258,-1.37487537412267
360,3.264,-1.38509166168977
360,3.27,-1.39562880369179
360,3.276,-1.40650177778306
360,3.282,-1.41772656589203
360,3.288,-1.42932023776517
360,3.294,-1.44130104261726
360,3.3,-1.45368850972772
360,3.306,-1.46650355891472
360,3.312,-1.47976862192285
360,3.318,-1.49350777587531
360,3.324,-1.50774689007099
360,3.33,-1.52251378755098
360,3.336,-1.53783842302047
360,3.342,-1.55375307889221
360,3.348,-1.57029258141948
360,3.354,-1.5874945391117
360,3.36,-1.60539960587782
360,3.366,-1.62405177162382
360,3.372,-1.64349868334526
360,3.378,-1.66379200010625
360,3.384,-1.68498778568767
360,3.39,-1.70714694312336
360,3.396,-1.73033569582812
360,3.402,-1.75462612056075
360,3.408,-1.78009673806312
360,3.414,-1.80683316787929
360,3.42,-1.83492885458936
360,3.426,-1.86448587349873
360,3.432,-1.8956158247072
360,3.438,-1.92844082544831
360,3.444,-1.96309461164017
360,3.45,-1.99972376072521
360,3.456,-2.03848904909691
360,3.462,-2.07956695871183
360,3.468,-2.12315134885711
360,3.474,-2.16945531047436
360,3.48,-2.2187132219104
360,3.486,-2.27118302644924
360,3.492,-2.32714875344339
360,3.498,-2.38692330626402
360,3.504,-2.45085154158069
360,3.51,-2.51931366560414
360,3.516,-2.59272897382418
360,3.522,-2.67155996139543
360,3.528,-2.75631683163045
360,3.534,-2.84756243005629
360,3.54,-2.94591763124263
360,3.546,-3.0520672053008
360,3.552,-3.16676619093343
360,3.558,-3.29084680280354
360,3.564,-3.42522590378793
360,3.57,-3.57091307892622
360,3.576,-3.72901935987464
360,3.582,-3.900766669748
360,3.588,-4.08749809309159
360,3.594,-4.29068913088532
360,3.6,-4.51196018485007
