"crack_rot [deg]","Freq [GHz]","dB(S(2,1)) []"
0,1.2,-82.1142326901837
0,1.206,-82.2684562392339
0,1.212,-82.4280637236666
0,1.218,-82.593250840212
0,1.224,-82.7642157805114
0,1.23,-82.9411590594346
0,1.236,-83.1242833698413
0,1.242,-83.3137934730428
0,1.248,-83.5098961350917
0,1.254,-83.7128001198774
0,1.26,-83.9227162508177
0,1.266,-84.1398575537166
0,1.272,-84.364439494117
0,1.278,-84.5966803232129
0,1.284,-84.8368015471474
0,1.29,-85.0850285353132
0,1.296,-85.3415912841729
0,1.302,-85.6067253541549
0,1.308,-85.8806729984578
0,1.314,-86.1636845041932
0,1.32,-86.4560197683303
0,1.326,-86.7579501335159
0,1.332,-87.0697605121909
0,1.338,-87.3917518317129
0,1.344,-87.7242438386597
0,1.35,-88.0675783074241
0,1.356,-88.4221227069849
0,1.362,-88.7882743907829
0,1.368,-89.166465388528
0,1.374,-89.557167896214
0,1.38,-89.9609005825384
0,1.386,-90.3782358575074
0,1.392,-90.8098082837638
0,1.398,-91.2563243551352
0,1.404,-91.7185739226711
0,1.41,-92.1974436194817
0,1.416,-92.693932726558
0,1.422,-93.2091720384007
0,1.428,-93.7444464375089
0,1.434,-94.3012220806024
0,1.44,-94.8811793494706
0,1.446,-95.4862530406306
0,1.452,-96.1186816767998
0,1.458,-96.7810683326747
0,1.464,-97.4764559760826
0,1.47,-98.2084209882564
0,1.476,-98.9811890866298
0,1.482,-99.7997778970754
0,1.488,-100.670168809147
0,1.494,-101.599504778129
0,1.5,-102.596293719527
0,1.506,-103.670552458903
0,1.512,-104.833711992692
0,1.518,-106.097814410743
0,1.524,-107.472795505145
0,1.53,-108.958829220691
0,1.536,-110.526716119814
0,1.542,-112.074113638574
0,1.548,-113.3592768541
0,1.554,-114.013484541774
0,1.56,-113.817303014149
0,1.566,-112.961618572849
0,1.572,-111.817191891807
0,1.578,-110.638982712117
0,1.584,-109.538075994849
0,1.59,-108.54755904887
0,1.596,-107.668704182908
0,1.602,-106.892023482112
0,1.608,-106.205552936577
0,1.614,-105.597819060058
0,1.62,-105.058736670484
0,1.626,-104.579737704938
0,1.632,-104.153637956573
0,1.638,-103.774435625084
0,1.644,-103.437112472624
0,1.65,-103.137460169146
0,1.656,-102.871935983817
0,1.662,-102.637545446642
0,1.668,-102.431747770934
0,1.674,-102.252379769412
0,1.68,-102.097594529826
0,1.686,-101.965811772231
0,1.692,-101.855677417431
0,1.698,-101.766030403655
0,1.704,-101.695875191863
0,1.71,-101.644358710865
0,1.716,-101.610750726825
0,1.722,-101.59442679158
0,1.728,-101.594853041475
0,1.734,-101.611572191003
0,1.74,-101.644190098504
0,1.746,-101.692362276908
0,1.752,-101.755779681201
0,1.758,-101.834153024264
0,1.764,-101.927194750941
0,1.77,-102.034597632959
0,1.776,-102.156008732205
0,1.782,-102.290997218265
0,1.788,-102.439014228767
0,1.794,-102.599342656844
0,1.8,-102.771034501216
0,1.806,-102.952833339577
0,1.812,-103.143079794367
0,1.818,-103.339598893973
0,1.824,-103.539570510202
0,1.83,-103.739388277981
0,1.836,-103.934519372107
0,1.842,-104.11938779696
0,1.848,-104.287317062941
0,1.854,-104.430581757753
0,1.86,-104.540625515852
0,1.866,-104.608495244438
0,1.872,-104.625507025491
0,1.878,-104.584093521127
0,1.884,-104.478699484227
0,1.89,-104.306527261143
0,1.896,-104.067932654486
0,1.902,-103.766354113308
0,1.908,-103.407796574698
0,1.914,-103.000019175224
0,1.92,-102.551634603014
0,1.926,-102.071303947787
0,1.932,-101.567136025016
0,1.938,-101.046319286008
0,1.944,-100.514957541109
0,1.95,-99.9780550794268
0,1.956,-99.4395949020061
0,1.962,-98.9026643022356
0,1.968,-98.3695959838723
0,1.974,-97.8421054019525
0,1.98,-97.3214143000351
0,1.986,-96.8083565024305
0,1.992,-96.3034655905609
0,1.998,-95.8070459375169
0,2.004,-95.3192293465482
0,2.01,-94.8400197007909
0,2.016,-94.3693278814301
0,2.022,-93.906998927849
0,2.028,-93.4528330948038
0,2.034,-93.0066021580774
0,2.04,-92.5680620529234
0,2.046,-92.1369627049815
0,2.052,-91.7130557295448
0,2.058,-91.2961005268956
0,2.064,-90.8858691824586
0,2.07,-90.4821504840544
0,2.076,-90.0847532879556
0,2.082,-89.6935093940005
0,2.088,-89.3082760203209
0,2.094,-88.9289378913451
0,2.1,-88.5554088566678
0,2.106,-88.1876328258704
0,2.112,-87.8255836091559
0,2.118,-87.4692629545578
0,2.124,-87.1186956035073
0,2.13,-86.7739194408218
0,2.136,-86.4349676179107
0,2.142,-86.1018375923802
0,2.148,-85.7744388826452
0,2.154,-85.4525062165063
0,2.16,-85.1354564355096
0,2.166,-84.8221541360696
0,2.172,-84.5105300011421
0,2.178,-84.1969643658171
0,2.184,-83.8753066507172
0,2.19,-83.5353605367414
0,2.196,-83.1606730600787
0,2.202,-82.7256591967759
0,2.208,-82.1927596197077
0,2.214,-81.5118180835632
0,2.22,-80.6258583341644
0,2.226,-79.4873879930579
0,2.232,-78.0830651915755
0,2.238,-76.4541751794321
0,2.244,-74.6989855852339
0,2.25,-72.9544247782895
0,2.256,-71.3617767772284
0,2.262,-70.0225142081828
0,2.268,-68.9639600195753
0,2.274,-68.1418099098099
0,2.28,-67.4761121604585
0,2.286,-66.8878915645788
0,2.292,-66.316109332342
0,2.298,-65.71843514847
0,2.304,-65.0657341627955
0,2.31,-64.3360361460233
0,2.316,-63.5096224404465
0,2.322,-62.5650113361736
0,2.328,-61.4750275248088
0,2.334,-60.2018218175714
0,2.34,-58.689077608702
0,2.346,-56.8481711738741
0,2.352,-54.5325588774094
0,2.358,-51.5011183746372
0,2.364,-47.5589364814766
0,2.37,-44.9755278777029
0,2.376,-48.0891106639673
0,2.382,-51.9093669640243
0,2.388,-54.8125789721574
0,2.394,-57.04230789584
0,2.4,-58.8275985199963
0,2.406,-60.3069073225706
0,2.412,-61.5649826780844
0,2.418,-62.6564034754471
0,2.424,-63.6180828789942
0,2.43,-64.4760492717736
0,2.436,-65.2493047140704
0,2.442,-65.9521296773446
0,2.448,-66.5955211352789
0,2.454,-67.1881247574645
0,2.46,-67.7368594998879
0,2.466,-68.2473483137604
0,2.472,-68.7242227239724
0,2.478,-69.1713430326219
0,2.484,-69.5919606690246
0,2.49,-69.9888399900873
0,2.496,-70.3643510954493
0,2.502,-70.7205415546218
0,2.508,-71.0591925451039
0,2.514,-71.3818632986473
0,2.52,-71.6899266623145
0,2.526,-71.9845978254379
0,2.532,-72.2669577317076
0,2.538,-72.5379723156425
0,2.544,-72.7985084275438
0,2.55,-73.0493471092755
0,2.556,-73.2911947335497
0,2.562,-73.52469240717
0,2.568,-73.7504239536837
0,2.574,-73.9689227259022
0,2.58,-74.1806774486235
0,2.586,-74.3861372529031
0,2.592,-74.585716032666
0,2.598,-74.7797962303265
0,2.604,-74.9687321389018
0,2.61,-75.1528527927525
0,2.616,-75.3324645067241
0,2.622,-75.5078531134408
0,2.628,-75.6792859403421
0,2.634,-75.8470135613592
0,2.64,-76.0112713526121
0,2.646,-76.1722808769372
0,2.652,-76.330251118245
0,2.658,-76.485379583512
0,2.664,-76.6378532875184
0,2.67,-76.7878496331551
0,2.676,-76.9355371981725
0,2.682,-77.0810764375552
0,2.688,-77.2246203092507
0,2.694,-77.366314829693
0,2.7,-77.5062995644266
0,2.706,-77.6447080581164
0,2.712,-77.7816682072959
0,2.718,-77.91730257835
0,2.724,-78.0517286724188
0,2.73,-78.1850591381378
0,2.736,-78.317401932377
0,2.742,-78.448860428399
0,2.748,-78.5795334701046
0,2.754,-78.7095153702728
0,2.76,-78.8388958499056
0,2.766,-78.9677599149619
0,2.772,-79.0961876658883
0,2.778,-79.2242540344223
0,2.784,-79.3520284411558
0,2.79,-79.4795743662815
0,2.796,-79.6069488248182
0,2.802,-79.7342017364076
0,2.808,-79.8613751785023
0,2.814,-79.9885025104419
0,2.82,-80.1156073545373
0,2.826,-80.2427024189041
0,2.832,-80.3697881454238
0,2.838,-80.4968511649361
0,2.844,-80.6238625406518
0,2.85,-80.7507757799251
0,2.856,-80.8775245940849
0,2.862,-81.0040203861655
0,2.868,-81.13014944733
0,2.874,-81.2557698448256
0,2.88,-81.3807079877811
0,2.886,-81.5047548624575
0,2.892,-81.6276619361446
0,2.898,-81.7491367392545
0,2.904,-81.8688381488019
0,2.91,-81.986371413845
0,2.916,-82.1012829849343
0,2.922,-82.2130552352837
0,2.928,-82.3211011909283
0,2.934,-82.4247594196651
0,2.94,-82.52328926227
0,2.946,-82.6158666214044
0,2.952,-82.7015805493379
0,2.958,-82.7794308890427
0,2.964,-82.8483272165334
0,2.97,-82.9070892961984
0,2.976,-82.9544491850803
0,2.982,-82.9890549966726
0,2.988,-83.0094761519459
0,2.994,-83.0142097014754
0,3,-83.0016870012023
0,3.006,-82.9702796785216
0,3.012,-82.9183034597435
0,3.018,-82.8440180824064
0,3.024,-82.7456212394844
0,3.03,-82.6212343705045
0,3.036,-82.4688782354476
0,3.042,-82.2864367632983
0,3.048,-82.0716090042814
0,3.054,-81.8218518421557
0,3.06,-81.5343219433797
0,3.066,-81.2058374646467
0,3.072,-80.8329053099048
0,3.078,-80.4119134727916
0,3.084,-79.9397033979316
0,3.09,-79.4149849718395
0,3.096,-78.8415757112155
0,3.102,-78.2354437909576
0,3.108,-77.6389668064764
0,3.114,-77.1455164936577
0,3.12,-76.9256454955062
0,3.126,-77.2082619824854
0,3.132,-78.157410245536
0,3.138,-79.7384359733322
0,3.144,-81.7695780556544
0,3.15,-84.078775261216
0,3.156,-86.5743550458698
0,3.162,-89.2256481710748
0,3.168,-91.9991358485144
0,3.174,-94.7148860025809
0,3.18,-96.7732685367481
0,3.186,-97.3228547577832
0,3.192,-96.4967066035397
0,3.198,-95.1893282186126
0,3.204,-93.9117041535733
0,3.21,-92.7978963875998
0,3.216,-91.8520636446992
0,3.222,-91.0488913773904
0,3.228,-90.3613930927055
0,3.234,-89.7670034345655
0,3.24,-89.2479985761503
0,3.246,-88.7906659057649
0,3.252,-88.3843782585056
0,3.258,-88.0208317707051
0,3.264,-87.693468349494
0,3.27,-87.3970493739592
0,3.276,-87.1273426736947
0,3.282,-86.8808918246128
0,3.288,-86.6548447893847
0,3.294,-86.4468254211042
0,3.3,-86.2548361274344
0,3.306,-86.0771833841872
0,3.312,-85.9124201647747
0,3.318,-85.7593010162188
0,3.324,-85.6167466821935
0,3.33,-85.483816001529
0,3.336,-85.3596834015587
0,3.342,-85.243620731273
0,3.348,-85.1349824885899
0,3.354,-85.0331937229493
0,3.36,-84.9377400623724
0,3.366,-84.8481594394859
0,3.372,-84.7640351853698
0,3.378,-84.6849902316844
0,3.384,-84.6106822162605
0,3.39,-84.5407993294845
0,3.396,-84.4750567714841
0,3.402,-84.4131937156259
0,3.408,-84.3549706938598
0,3.414,-84.3001673352718
0,3.42,-84.2485804017744
0,3.426,-84.2000220749092
0,3.432,-84.1543184557984
0,3.438,-84.1113082467932
0,3.444,-84.0708415886412
0,3.45,-84.0327790312974
0,3.456,-83.9969906200191
0,3.462,-83.9633550812762
0,3.468,-83.9317590953943
0,3.474,-83.9020966448233
0,3.48,-83.8742684285663
0,3.486,-83.848181334678
0,3.492,-83.8237479638867
0,3.498,-83.8008861983639
0,3.504,-83.7795188104772
0,3.51,-83.7595731070537
0,3.516,-83.7409806052661
0,3.522,-83.7236767367513
0,3.528,-83.7076005770007
0,3.534,-83.6926945974221
0,3.54,-83.6789044377916
0,3.546,-83.6661786970817
0,3.552,-83.6544687408867
0,3.558,-83.6437285238689
0,3.564,-83.6339144258271
0,3.57,-83.6249851001398
0,3.576,-83.6169013334717
0,3.582,-83.6096259157499
0,3.588,-83.6031235195179
0,3.594,-83.5973605878676
0,3.6,-83.5923052302291
30,1.2,-87.5113078372104
30,1.206,-87.4358829670113
30,1.212,-87.3614184920748
30,1.218,-87.2882902130313
30,1.224,-87.2169343987849
30,1.23,-87.1478554717103
30,1.236,-87.0816341959997
30,1.242,-87.0189362228487
30,1.248,-86.9605207646066
30,1.254,-86.9072490673346
30,1.26,-86.8600922269465
30,1.266,-86.8201377506232
30,1.272,-86.7885941093664
30,1.278,-86.7667923725918
30,1.284,-86.7561838829426
30,1.29,-86.7583328496556
30,1.296,-86.7749027512436
30,1.302,-86.8076355877639
30,1.308,-86.8583233524332
30,1.314,-86.9287716309598
30,1.32,-87.0207559846973
30,1.326,-87.135972685676
30,1.332,-87.2759863476421
30,1.338,-87.4421778844129
30,1.344,-87.6356968401326
30,1.35,-87.857422298362
30,1.356,-88.1079361708031
30,1.362,-88.3875116802924
30,1.368,-88.6961184032417
30,1.374,-89.0334435533298
30,1.38,-89.3989275597621
30,1.386,-89.7918106937753
30,1.392,-90.2111867164247
30,1.398,-90.6560593251353
30,1.404,-91.1253975076209
30,1.41,-91.6181866199516
30,1.416,-92.1334729002158
30,1.422,-92.6704000267268
30,1.428,-93.2282370853693
30,1.434,-93.8063978304255
30,1.44,-94.4044513578446
30,1.446,-95.022124238167
30,1.452,-95.6592937633672
30,1.458,-96.315971217404
30,1.464,-96.9922729177529
30,1.47,-97.6883750730429
30,1.476,-98.4044460674004
30,1.482,-99.1405463452394
30,1.488,-99.8964813083258
30,1.494,-100.671586284112
30,1.5,-101.464414789426
30,1.506,-102.272293262221
30,1.512,-103.090701292995
30,1.518,-103.912446377944
30,1.524,-104.726647484737
30,1.53,-105.517657686321
30,1.536,-106.264281785342
30,1.542,-106.939969582146
30,1.548,-107.514909157275
30,1.554,-107.960658886247
30,1.56,-108.256684681282
30,1.566,-108.39630840846
30,1.572,-108.388868676869
30,1.578,-108.256766846295
30,1.584,-108.029189863411
30,1.59,-107.735757292879
30,1.596,-107.402303764634
30,1.602,-107.049153902364
30,1.608,-106.691144248932
30,1.614,-106.338486312271
30,1.62,-105.997845449712
30,1.626,-105.673324837794
30,1.632,-105.367249826358
30,1.638,-105.080749501901
30,1.644,-104.814169770053
30,1.65,-104.567358898903
30,1.656,-104.339861258013
30,1.662,-104.131046871965
30,1.668,-103.940196869975
30,1.674,-103.766558946939
30,1.68,-103.609382565293
30,1.686,-103.467940526292
30,1.692,-103.341541393659
30,1.698,-103.229535784601
30,1.704,-103.131318543832
30,1.71,-103.046328136332
30,1.716,-102.974044130372
30,1.722,-102.913983323127
30,1.728,-102.865694838943
30,1.734,-102.828754372527
30,1.74,-102.802757634047
30,1.746,-102.787312965586
30,1.752,-102.782033028676
30,1.758,-102.786525404407
30,1.764,-102.800381897173
30,1.77,-102.823166289194
30,1.776,-102.854400256575
30,1.782,-102.893547132559
30,1.788,-102.939993197254
30,1.794,-102.993026196931
30,1.8,-103.051810867882
30,1.806,-103.115361384347
30,1.812,-103.182510900104
30,1.818,-103.251878749677
30,1.824,-103.321836462951
30,1.83,-103.390474567705
30,1.836,-103.45557322894
30,1.842,-103.514581073403
30,1.848,-103.564607954191
30,1.854,-103.602438666705
30,1.86,-103.624575299912
30,1.866,-103.627315390685
30,1.872,-103.606870667698
30,1.878,-103.559526415629
30,1.884,-103.481834387162
30,1.89,-103.37082368603
30,1.896,-103.224206155574
30,1.902,-103.040548254031
30,1.908,-102.819382627061
30,1.914,-102.561240510632
30,1.92,-102.267599251168
30,1.926,-101.94075404026
30,1.932,-101.583635148137
30,1.938,-101.199598332932
30,1.944,-100.792215819458
30,1.95,-100.365089656448
30,1.956,-99.9217009983675
30,1.962,-99.4653005389895
30,1.968,-98.9988387247407
30,1.974,-98.52493020041
30,1.98,-98.0458450524303
30,1.986,-97.5635192379767
30,1.992,-97.0795774461503
30,1.998,-96.595362961009
30,2.004,-96.1119704946965
30,2.01,-95.6302792122551
30,2.016,-95.1509841848812
30,2.022,-94.674625271766
30,2.028,-94.2016129699454
30,2.034,-93.7322511302766
30,2.04,-93.2667566605167
30,2.046,-92.8052764626218
30,2.052,-92.3479019118586
30,2.058,-91.8946812032489
30,2.064,-91.4456298825377
30,2.07,-91.0007398551114
30,2.076,-90.5599871337021
30,2.082,-90.1233385476484
30,2.088,-89.6907575935633
30,2.094,-89.2622095575785
30,2.1,-88.8376659780708
30,2.106,-88.4171084362038
30,2.112,-88.0005315451663
30,2.118,-87.5879448336836
30,2.124,-87.1793729458702
30,2.13,-86.7748531426614
30,2.136,-86.3744283812742
30,2.142,-85.978133085858
30,2.148,-85.5859667959917
30,2.154,-85.1978476665459
30,2.16,-84.8135324073727
30,2.166,-84.4324802154544
30,2.172,-84.0536231701453
30,2.178,-83.6749808182937
30,2.184,-83.2930177025634
30,2.19,-82.90158667414
30,2.196,-82.49023841077
30,2.202,-82.0416668666
30,2.208,-81.5282917191232
30,2.214,-80.9089053773988
30,2.22,-80.1285747702482
30,2.226,-79.1281931862199
30,2.232,-77.8697504302238
30,2.238,-76.3717713700797
30,2.244,-74.7307194086393
30,2.25,-73.1026313917903
30,2.256,-71.6441497802707
30,2.262,-70.4449698562781
30,2.268,-69.5007208391542
30,2.274,-68.7430277575407
30,2.28,-68.088854602249
30,2.286,-67.4700894542562
30,2.292,-66.8395636206202
30,2.298,-66.1661607766652
30,2.304,-65.4281360881043
30,2.31,-64.6076895161521
30,2.316,-63.6869013903615
30,2.322,-62.6442879851444
30,2.328,-61.4510260699304
30,2.334,-60.0655944685773
30,2.34,-58.4247159897676
30,2.346,-56.4263576114307
30,2.352,-53.8964983709728
30,2.358,-50.539056608259
30,2.364,-46.1879353211063
30,2.37,-44.5481589772905
30,2.376,-48.5653217206652
30,2.382,-52.2883435698582
30,2.388,-55.0323852958992
30,2.394,-57.135765071386
30,2.4,-58.8222163698849
30,2.406,-60.2214933453177
30,2.412,-61.4125719740265
30,2.418,-62.4464263847528
30,2.424,-63.3576716811296
30,2.43,-64.1708196096173
30,2.436,-64.9038360330697
30,2.442,-65.5702710094163
30,2.448,-66.1805924523161
30,2.454,-66.7430537847013
30,2.46,-67.26427734865
30,2.466,-67.7496580515901
30,2.472,-68.2036496759474
30,2.478,-68.6299724465724
30,2.484,-69.0317664460703
30,2.49,-69.4117069702167
30,2.496,-69.772092608798
30,2.502,-70.1149134368216
30,2.508,-70.4419044711707
30,2.514,-70.7545880545914
30,2.52,-71.0543078098165
30,2.526,-71.3422560989832
30,2.532,-71.6194964242528
30,2.538,-71.8869818481565
30,2.544,-72.1455702529036
30,2.55,-72.3960370674267
30,2.556,-72.6390859494057
30,2.562,-72.875357803218
30,2.568,-73.1054384341179
30,2.574,-73.3298650772001
30,2.58,-73.5491319919937
30,2.586,-73.763695276371
30,2.592,-73.9739770242749
30,2.598,-74.1803689286831
30,2.604,-74.3832354128261
30,2.61,-74.5829163579125
30,2.616,-74.779729483675
30,2.622,-74.9739724283356
30,2.628,-75.1659245666249
30,2.634,-75.3558485979071
30,2.64,-75.5439919309894
30,2.646,-75.7305878875883
30,2.652,-75.9158567425344
30,2.658,-76.1000066154466
30,2.664,-76.2832342257202
30,2.67,-76.4657255201195
30,2.676,-76.6476561800036
30,2.682,-76.829192013151
30,2.688,-77.0104892332578
30,2.694,-77.1916946283982
30,2.7,-77.372945618041
30,2.706,-77.5543701965575
30,2.712,-77.7360867595338
30,2.718,-77.9182038075686
30,2.724,-78.1008195206087
30,2.73,-78.2840211942147
30,2.736,-78.4678845274829
30,2.742,-78.6524727506689
30,2.748,-78.8378355788986
30,2.754,-79.0240079767461
30,2.76,-79.2110087169695
30,2.766,-79.3988387154161
30,2.772,-79.5874791231514
30,2.778,-79.776889156414
30,2.784,-79.9670036452551
30,2.79,-80.1577302829909
30,2.796,-80.3489465612293
30,2.802,-80.5404963796963
30,2.808,-80.7321863269279
30,2.814,-80.9237816377696
30,2.82,-81.1150018472928
30,2.826,-81.305516179009
30,2.832,-81.4949387289866
30,2.838,-81.6828235374205
30,2.844,-81.8686596759359
30,2.85,-82.0518665225678
30,2.856,-82.2317894464162
30,2.862,-82.4076961788215
30,2.868,-82.578774204495
30,2.874,-82.7441295593957
30,2.88,-82.9027874650464
30,2.886,-83.053695251743
30,2.892,-83.1957280138569
30,2.898,-83.3276973858844
30,2.904,-83.4483637150691
30,2.91,-83.5564517251548
30,2.916,-83.6506695121824
30,2.922,-83.7297303931941
30,2.928,-83.7923767612756
30,2.934,-83.8374047189951
30,2.94,-83.8636879130456
30,2.946,-83.8701987286959
30,2.952,-83.8560248735637
30,2.958,-83.8203794213197
30,2.964,-83.7626026056315
30,2.97,-83.6821540271128
30,2.976,-83.578594400416
30,2.982,-83.4515564363068
30,2.988,-83.3007048214524
30,2.994,-83.1256854240801
30,3,-82.9260637255331
30,3.006,-82.7012519788972
30,3.012,-82.4504236530711
30,3.018,-82.1724122405724
30,3.024,-81.8655893365281
30,3.03,-81.5277137597519
30,3.036,-81.1557388930218
30,3.042,-80.7455585040637
30,3.048,-80.2916605638177
30,3.054,-79.7866413777145
30,3.06,-79.2205041162796
30,3.066,-78.5796187487592
30,3.072,-77.845142024251
30,3.078,-76.9905722658278
30,3.084,-75.9779603788763
30,3.09,-74.7523683464034
30,3.096,-73.2362078281195
30,3.102,-71.3403986643827
30,3.108,-69.1088681980443
30,3.114,-67.5098263370945
30,3.12,-68.8306709789698
30,3.126,-72.2153549199276
30,3.132,-75.6587463419752
30,3.138,-78.7528387153881
30,3.144,-81.5646646352912
30,3.15,-84.1970658812616
30,3.156,-86.7209349188797
30,3.162,-89.15571164063
30,3.168,-91.4319573433723
30,3.174,-93.3326567651456
30,3.18,-94.5158641697494
30,3.186,-94.7912473087112
30,3.192,-94.363677659842
30,3.198,-93.6035948659536
30,3.204,-92.7658902407753
30,3.21,-91.9648858503878
30,3.216,-91.2380217064471
30,3.222,-90.5907054214064
30,3.228,-90.0170055632048
30,3.234,-89.5079345878713
30,3.24,-89.0545015757431
30,3.246,-88.6487004250102
30,3.252,-88.2837142872083
30,3.258,-87.9538419360349
30,3.264,-87.6543427647264
30,3.27,-87.3812742552231
30,3.276,-87.131346981166
30,3.282,-86.9018031644063
30,3.288,-86.6903177824691
30,3.294,-86.4949190320276
30,3.3,-86.3139246394764
30,3.306,-86.1458908613475
30,3.312,-85.9895715450474
30,3.318,-85.8438851373548
30,3.324,-85.7078879729502
30,3.33,-85.580752536946
30,3.336,-85.4617496814082
30,3.342,-85.3502339988976
30,3.348,-85.2456317288824
30,3.354,-85.1474307065116
30,3.36,-85.0551719666473
30,3.366,-84.9684426962573
30,3.372,-84.8868702906802
30,3.378,-84.810117318041
30,3.384,-84.7378772343618
30,3.39,-84.6698707220814
30,3.396,-84.6058425485955
30,3.402,-84.5455588604478
30,3.408,-84.4888048440131
30,3.414,-84.4353826957255
30,3.42,-84.3851098547703
30,3.426,-84.3378174591457
30,3.432,-84.2933489925085
30,3.438,-84.2515590945368
30,3.444,-84.2123125119083
30,3.45,-84.1754831705906
30,3.456,-84.1409533531176
30,3.462,-84.1086129669954
30,3.468,-84.0783588924422
30,3.474,-84.0500943993874
30,3.48,-84.0237286251002
30,3.486,-83.9991761050328
30,3.492,-83.9763563504918
30,3.498,-83.9551934676189
30,3.504,-83.9356158128996
30,3.51,-83.9175556810513
30,3.516,-83.9009490216744
30,3.522,-83.8857351815137
30,3.528,-83.8718566695704
30,3.534,-83.8592589426459
30,3.54,-83.8478902091909
30,3.546,-83.8377012495888
30,3.552,-83.8286452512205
30,3.558,-83.8206776568491
30,3.564,-83.8137560250316
30,3.57,-83.8078399014054
30,3.576,-83.8028906998301
30,3.582,-83.7988715924713
30,3.588,-83.7957474080136
30,3.594,-83.7934845372754
30,3.6,-83.7920508455725
60,1.2,-90.3972231600255
60,1.206,-90.3722857463859
60,1.212,-90.345684696275
60,1.218,-90.3172880851012
60,1.224,-90.2869515061183
60,1.23,-90.2545166513219
60,1.236,-90.2198097029557
60,1.242,-90.1826395070342
60,1.248,-90.1427954956571
60,1.254,-90.100045319531
60,1.26,-90.0541321459618
60,1.266,-90.0047715705867
60,1.272,-89.9516480832926
60,1.278,-89.8944110202202
60,1.284,-89.832669924785
60,1.29,-89.7659892318545
60,1.296,-89.6938821817626
60,1.302,-89.6158038667627
60,1.308,-89.5311433154032
60,1.314,-89.4392145362679
60,1.32,-89.3392464819704
60,1.326,-89.2303719748049
60,1.332,-89.1116157868304
60,1.338,-88.9818823398676
60,1.344,-88.8399439709333
60,1.35,-88.6844315431968
60,1.356,-88.5138306249425
60,1.362,-88.3264889472432
60,1.368,-88.1206451442414
60,1.374,-87.8944961912929
60,1.38,-87.6463337330433
60,1.386,-87.3748013767856
60,1.392,-87.0793618589582
60,1.398,-86.7611225639236
60,1.404,-86.4242558990262
60,1.41,-86.0783535912665
60,1.416,-85.7420820536388
60,1.422,-85.4481633493569
60,1.428,-85.2483203957352
60,1.434,-85.2136798430922
60,1.44,-85.4228273735654
60,1.446,-85.93385761389
60,1.452,-86.7544203414776
60,1.458,-87.8359008606408
60,1.464,-89.0972709361271
60,1.47,-90.455400060171
60,1.476,-91.8415327473915
60,1.482,-93.203243747558
60,1.488,-94.4999653227886
60,1.494,-95.6983468779667
60,1.5,-96.7701345328699
60,1.506,-97.6929968474883
60,1.512,-98.4532879413021
60,1.518,-99.0487454714865
60,1.524,-99.4890718082865
60,1.53,-99.7936064961681
60,1.536,-99.9870433347878
60,1.542,-100.095000054233
60,1.548,-100.140807263667
60,1.554,-100.143897723293
60,1.56,-100.119468584349
60,1.566,-100.078878578322
60,1.572,-100.030338657424
60,1.578,-99.979631680452
60,1.584,-99.9307400447057
60,1.59,-99.8863458516412
60,1.596,-99.848209324457
60,1.602,-99.8174461919243
60,1.608,-99.7947270099636
60,1.614,-99.7804185611705
60,1.62,-99.7746832887932
60,1.626,-99.777548748831
60,1.632,-99.7889558082608
60,1.638,-99.8087918310997
60,1.644,-99.8369132665631
60,1.65,-99.8731607390562
60,1.656,-99.9173688051373
60,1.662,-99.9693718815455
60,1.668,-100.029007380967
60,1.674,-100.096116760381
60,1.68,-100.170544949234
60,1.686,-100.252138452245
60,1.692,-100.340742293838
60,1.698,-100.436195873952
60,1.704,-100.538327728275
60,1.71,-100.646949123375
60,1.716,-100.761846364362
60,1.722,-100.882771647689
60,1.728,-101.009432254172
60,1.734,-101.141477849377
60,1.74,-101.278485644639
60,1.746,-101.419943179894
60,1.752,-101.565228531216
60,1.758,-101.713587838235
60,1.764,-101.864110212586
60,1.77,-102.015700356952
60,1.776,-102.167049629024
60,1.782,-102.316606859581
60,1.788,-102.462551003985
60,1.794,-102.602768670873
60,1.8,-102.73484067881
60,1.806,-102.856042904608
60,1.812,-102.963367550607
60,1.818,-103.053571180658
60,1.824,-103.123254955742
60,1.83,-103.168979941222
60,1.836,-103.18741587388
60,1.842,-103.175515585217
60,1.848,-103.130700347081
60,1.854,-103.051035477276
60,1.86,-102.935372740291
60,1.866,-102.783438108303
60,1.872,-102.595850692066
60,1.878,-102.374069676639
60,1.884,-102.120277996968
60,1.89,-101.83722100121
60,1.896,-101.528023171488
60,1.902,-101.196005548675
60,1.908,-100.844521953583
60,1.914,-100.476825434609
60,1.92,-100.095969620422
60,1.926,-99.7047442087977
60,1.932,-99.305640267963
60,1.938,-98.9008393051571
60,1.944,-98.4922197489846
60,1.95,-98.0813750778196
60,1.956,-97.6696388498735
60,1.962,-97.2581130249565
60,1.968,-96.847697018621
60,1.974,-96.4391158046197
60,1.98,-96.0329460577686
60,1.986,-95.6296398205839
60,1.992,-95.2295455144332
60,1.998,-94.8329263341837
60,2.004,-94.4399761964625
60,2.01,-94.050833482056
60,2.016,-93.6655928431025
60,2.022,-93.2843153505307
60,2.028,-92.9070372472412
60,2.034,-92.5337775549821
60,2.04,-92.1645447624496
60,2.046,-91.7993428017863
60,2.052,-91.4381765020916
60,2.058,-91.0810566927053
60,2.064,-90.7280051161523
60,2.07,-90.3790593005759
60,2.076,-90.0342775335276
60,2.082,-89.6937440718065
60,2.088,-89.3575747133006
60,2.094,-89.0259228425083
60,2.1,-88.6989860347768
60,2.106,-88.3770132536272
60,2.112,-88.0603125806964
60,2.118,-87.7492592439331
60,2.124,-87.4443033958428
60,2.13,-87.1459765327788
60,2.136,-86.8548944488219
60,2.142,-86.5717528445951
60,2.148,-86.2973085511902
60,2.154,-86.0323336731307
60,2.16,-85.7775197833236
60,2.166,-85.5332909593803
60,2.172,-85.2994514322536
60,2.178,-85.0745349389033
60,2.184,-84.8546222436824
60,2.19,-84.6312353507338
60,2.196,-84.3877232220933
60,2.202,-84.093513879594
60,2.208,-83.6964198135772
60,2.214,-83.1164601048924
60,2.22,-82.2515394120378
60,2.226,-81.0090309651117
60,2.232,-79.3587253960651
60,2.238,-77.3676897988093
60,2.244,-75.1874282160557
60,2.25,-73.016507686467
60,2.256,-71.0624101165276
60,2.262,-69.486096709351
60,2.268,-68.3351876895814
60,2.274,-67.5334853577508
60,2.28,-66.94732653029
60,2.286,-66.4556252591929
60,2.292,-65.9752917319681
60,2.298,-65.4558958740943
60,2.304,-64.8669948545365
60,2.31,-64.1878046096772
60,2.316,-63.4002690782252
60,2.322,-62.4841802644088
60,2.328,-61.4127841573331
60,2.334,-60.1472402820711
60,2.34,-58.6275465983885
60,2.346,-56.7550582735637
60,2.352,-54.3546854729378
60,2.358,-51.0876542246492
60,2.364,-46.3483232858947
60,2.37,-42.4164974592684
60,2.376,-47.1191610862131
60,2.382,-51.6104121749448
60,2.388,-54.7228193841039
60,2.394,-57.0382252463656
60,2.4,-58.8660890205484
60,2.406,-60.3693002085262
60,2.412,-61.6418295456078
60,2.418,-62.7423342740094
60,2.424,-63.7097577340156
60,2.43,-64.571236396323
60,2.436,-65.3464237800759
60,2.442,-66.0500077843066
60,2.448,-66.6932539810955
60,2.454,-67.2849934075808
60,2.46,-67.8322782047934
60,2.466,-68.3408304993069
60,2.472,-68.8153580597034
60,2.478,-69.2597814981062
60,2.484,-69.6774011826791
60,2.49,-70.0710220979122
60,2.496,-70.4430487650576
60,2.502,-70.7955584518941
60,2.508,-71.1303583775559
60,2.514,-71.4490309416597
60,2.52,-71.7529698706797
60,2.526,-72.0434093902824
60,2.532,-72.3214479820474
60,2.538,-72.5880678909912
60,2.544,-72.8441512671383
60,2.55,-73.0904936171949
60,2.556,-73.3278150889784
60,2.562,-73.55676999642
60,2.568,-73.777954906114
60,2.574,-73.9919155400746
60,2.58,-74.1991526982841
60,2.586,-74.4001273649357
60,2.592,-74.595265131208
60,2.598,-74.7849600429119
60,2.604,-74.9695779618906
60,2.61,-75.1494595145032
60,2.616,-75.3249226880112
60,2.622,-75.4962651255667
60,2.628,-75.6637661622695
60,2.634,-75.8276886380216
60,2.64,-75.9882805173773
60,2.646,-76.1457763420079
60,2.652,-76.3003985376067
60,2.658,-76.4523585938951
60,2.664,-76.6018581337311
60,2.67,-76.749089885095
60,2.676,-76.8942385678257
60,2.682,-77.0374817053775
60,2.688,-77.1789903704792
60,2.694,-77.3189298723837
60,2.7,-77.4574603923544
60,2.706,-77.5947375731062
60,2.712,-77.7309130670909
60,2.718,-77.8661350477508
60,2.724,-78.000548687145
60,2.73,-78.134296602653
60,2.736,-78.2675192747566
60,2.742,-78.4003554371656
60,2.748,-78.5329424397594
60,2.754,-78.6654165839231
60,2.76,-78.7979134288296
60,2.766,-78.930568065993
60,2.772,-79.0635153579464
60,2.778,-79.1968901350695
60,2.784,-79.3308273423288
60,2.79,-79.4654621248309
60,2.796,-79.6009298374676
60,2.802,-79.7373659592979
60,2.808,-79.874905887372
60,2.814,-80.0136845770322
60,2.82,-80.1538359858076
60,2.826,-80.2954922651168
60,2.832,-80.4387826271854
60,2.838,-80.5838317925856
60,2.844,-80.7307578949616
60,2.85,-80.8796696815512
60,2.856,-81.0306627980783
60,2.862,-81.1838148804875
60,2.868,-81.3391790885258
60,2.874,-81.4967756003804
60,2.88,-81.6565804343258
60,2.886,-81.8185107608612
60,2.892,-81.982405602376
60,2.898,-82.1480004690877
60,2.904,-82.3148940297155
60,2.91,-82.482504343276
60,2.916,-82.650011471433
60,2.922,-82.8162824561067
60,2.928,-82.9797737378648
60,2.934,-83.1384052538571
60,2.94,-83.2894000101743
60,2.946,-83.429083490073
60,2.952,-83.5526399148326
60,2.958,-83.6538288092957
60,2.964,-83.7246778131442
60,2.97,-83.7551884688024
60,2.976,-83.7331211584206
60,2.982,-83.6439581010332
60,2.988,-83.4711630959161
60,2.994,-83.1968340040876
60,3,-82.8027461365673
60,3.006,-82.2716071732466
60,3.012,-81.5881513204492
60,3.018,-80.7396309933462
60,3.024,-79.7154657009217
60,3.03,-78.5063673540341
60,3.036,-77.1043387483966
60,3.042,-75.5073486520395
60,3.048,-73.7388980582733
60,3.054,-71.9074638613067
60,3.06,-70.3335120680066
60,3.066,-69.5956928925029
60,3.072,-70.0298248195956
60,3.078,-71.2505168505489
60,3.084,-72.7066944466494
60,3.09,-74.1193901914682
60,3.096,-75.4075337410221
60,3.102,-76.5666158271872
60,3.108,-77.6142137167302
60,3.114,-78.5715177501885
60,3.12,-79.4579602545006
60,3.126,-80.2901187741558
60,3.132,-81.0819077017013
60,3.138,-81.8450864599751
60,3.144,-82.5897833095306
60,3.15,-83.3249558947787
60,3.156,-84.0587812086852
60,3.162,-84.7989884052442
60,3.168,-85.5531515216386
60,3.174,-86.3289567944578
60,3.18,-87.1344535104711
60,3.186,-87.9782864293939
60,3.192,-88.8698849790623
60,3.198,-89.8195329819292
60,3.204,-90.8381228679377
60,3.21,-91.9361154812787
60,3.216,-93.1205615290054
60,3.222,-94.3875446183151
60,3.228,-95.7045596618426
60,3.234,-96.9750554116691
60,3.24,-97.9917480413654
60,3.246,-98.4551807555959
60,3.252,-98.1767501238105
60,3.258,-97.2810932544909
60,3.264,-96.0676498767037
60,3.27,-94.7732103514505
60,3.276,-93.5172950637899
60,3.282,-92.3444186634511
60,3.288,-91.2641522101675
60,3.294,-90.272264137139
60,3.3,-89.3600271361841
60,3.306,-88.517977633632
60,3.312,-87.7373045780974
60,3.318,-87.0102658221052
60,3.324,-86.3302223465612
60,3.33,-85.6915356720919
60,3.336,-85.089428590332
60,3.342,-84.5198482545186
60,3.348,-83.9793450764312
60,3.354,-83.4649703866827
60,3.36,-82.9741917754051
60,3.366,-82.5048237226943
60,3.372,-82.054970940729
60,3.378,-81.6229820832955
60,3.384,-81.2074118353546
60,3.39,-80.8069897539209
60,3.396,-80.4205945480683
60,3.402,-80.0472327495795
60,3.408,-79.6860209391437
60,3.414,-79.3361708630806
60,3.42,-78.996976910102
60,3.426,-78.6678055237328
60,3.432,-78.3480862096703
60,3.438,-78.037303863436
60,3.444,-77.734992195976
60,3.45,-77.4407280764265
60,3.456,-77.1541266443986
60,3.462,-76.8748370706688
60,3.468,-76.6025388665006
60,3.474,-76.3369386590497
60,3.48,-76.077767364281
60,3.486,-75.8247777002064
60,3.492,-75.5777419925599
60,3.498,-75.3364502326741
60,3.504,-75.1007083536192
60,3.51,-74.8703366958896
60,3.516,-74.6451686382494
60,3.522,-74.4250493729663
60,3.528,-74.2098348076828
60,3.534,-73.9993905787117
60,3.54,-73.793591162677
60,3.546,-73.5923190752264
60,3.552,-73.3954641470665
60,3.558,-73.2029228688693
60,3.564,-73.0145977977012
60,3.57,-72.8303970185667
60,3.576,-72.6502336554639
60,3.582,-72.4740254270364
60,3.588,-72.3016942425001
60,3.594,-72.1331658340291
60,3.6,-71.9683694222237
90,1.2,-86.3364828550206
90,1.206,-86.3488864138841
90,1.212,-86.3638362692241
90,1.218,-86.3815984757265
90,1.224,-86.4024637062564
90,1.23,-86.4267490489922
90,1.236,-86.4547998170468
90,1.242,-86.4869913376145
90,1.248,-86.5237306795064
90,1.254,-86.565458268952
90,1.26,-86.6126493339927
90,1.266,-86.6658151080406
90,1.272,-86.7255037137894
90,1.278,-86.7923006403938
90,1.284,-86.8668287206597
90,1.29,-86.949747512113
90,1.296,-87.0417519876258
90,1.302,-87.1435704492851
90,1.308,-87.2559615949036
90,1.314,-87.3797106913178
90,1.32,-87.5156248433329
90,1.326,-87.6645273921044
90,1.332,-87.8272515311956
90,1.338,-88.004633290636
90,1.344,-88.1975041057993
90,1.35,-88.4066832542966
90,1.356,-88.6329705047336
90,1.362,-88.8771393699285
90,1.368,-89.139931387994
90,1.374,-89.42205186252
90,1.38,-89.7241674748418
90,1.386,-90.0469061365462
90,1.392,-90.3908593814928
90,1.398,-90.7565875091384
90,1.404,-91.1446275925556
90,1.41,-91.5555043640023
90,1.416,-91.9897438965195
90,1.422,-92.4478899178103
90,1.428,-92.9305225243449
90,1.434,-93.438279004702
90,1.44,-93.9718764181485
90,1.446,-94.5321354813747
90,1.452,-95.1200051482999
90,1.458,-95.7365869503104
90,1.464,-96.3831575728334
90,1.47,-97.06118706902
90,1.476,-97.7723481934673
90,1.482,-98.5185089567527
90,1.488,-99.3016945725147
90,1.494,-100.123994611042
90,1.5,-100.987373162524
90,1.506,-101.893308830996
90,1.512,-102.842139414996
90,1.518,-103.831903805557
90,1.524,-104.856359795573
90,1.53,-105.901754662103
90,1.536,-106.942028107925
90,1.542,-107.932981307737
90,1.548,-108.808511437387
90,1.554,-109.486280504081
90,1.56,-109.89078567507
90,1.566,-109.988069807892
90,1.572,-109.805107699443
90,1.578,-109.41411515307
90,1.584,-108.897972895049
90,1.59,-108.325041301914
90,1.596,-107.74175937926
90,1.602,-107.175764433821
90,1.608,-106.641711763975
90,1.614,-106.146248903754
90,1.62,-105.691417640324
90,1.626,-105.276758589931
90,1.632,-104.900546472934
90,1.638,-104.560491827489
90,1.644,-104.254128663366
90,1.65,-103.979021217425
90,1.656,-103.732867897662
90,1.662,-103.513547503638
90,1.668,-103.319133571303
90,1.674,-103.147891593205
90,1.68,-102.998267482135
90,1.686,-102.8688719712
90,1.692,-102.75846352257
90,1.698,-102.665931090636
90,1.704,-102.590277374749
90,1.71,-102.530602784345
90,1.716,-102.486090098797
90,1.722,-102.455989662303
90,1.728,-102.439604867254
90,1.734,-102.436277622693
90,1.74,-102.445373463205
90,1.746,-102.466265920101
90,1.752,-102.498319748165
90,1.758,-102.540872578305
90,1.764,-102.593214553941
90,1.77,-102.654565515918
90,1.776,-102.724049342162
90,1.782,-102.800665146121
90,1.788,-102.88325522344
90,1.794,-102.970469950376
90,1.8,-103.060730330691
90,1.806,-103.152189615536
90,1.812,-103.242696431565
90,1.818,-103.329763164376
90,1.824,-103.410544907027
90,1.83,-103.481835923478
90,1.836,-103.540091937425
90,1.842,-103.581487057035
90,1.848,-103.602013010895
90,1.854,-103.597624800298
90,1.86,-103.564430395197
90,1.866,-103.498913063715
90,1.872,-103.398164922331
90,1.878,-103.260102167194
90,1.884,-103.083629537257
90,1.89,-102.868726264866
90,1.896,-102.616438053191
90,1.902,-102.328776468016
90,1.908,-102.008543559784
90,1.914,-101.659110741858
90,1.92,-101.284184374425
90,1.926,-100.887586562255
90,1.932,-100.473071025458
90,1.938,-100.044183890074
90,1.944,-99.6041705418472
90,1.95,-99.1559236728518
90,1.956,-98.7019645107496
90,1.962,-98.2444483990747
90,1.968,-97.7851865796489
90,1.974,-97.3256774641171
90,1.98,-96.8671423256328
90,1.986,-96.4105618696945
90,1.992,-95.9567114052984
90,1.998,-95.5061932975628
90,2.004,-95.0594660659277
90,2.01,-94.616869948524
90,2.016,-94.1786490384617
90,2.022,-93.7449702607547
90,2.028,-93.3159395389201
90,2.034,-92.8916155275601
90,2.04,-92.4720212825702
90,2.046,-92.0571542183415
90,2.052,-91.6469946708042
90,2.058,-91.2415133521565
90,2.064,-90.840677950896
90,2.07,-90.4444591008324
90,2.076,-90.0528359152859
90,2.082,-89.6658012567376
90,2.088,-89.2833668856361
90,2.094,-88.9055686010976
90,2.1,-88.5324714446016
90,2.106,-88.1641749751137
90,2.112,-87.800818523161
90,2.118,-87.442586163308
90,2.124,-87.0897108601477
90,2.13,-86.7424767581835
90,2.136,-86.4012177552379
90,2.142,-86.0663090680946
90,2.148,-85.7381460205922
90,2.154,-85.4170999662662
90,2.16,-85.1034336943755
90,2.166,-84.7971453787987
90,2.172,-84.497686818779
90,2.178,-84.203461309155
90,2.184,-83.910938635037
90,2.19,-83.613119263237
90,2.196,-83.2969461032
90,2.202,-82.9391981653782
90,2.208,-82.5007788533893
90,2.214,-81.9210784481943
90,2.22,-81.1184632445983
90,2.226,-80.0080283418634
90,2.232,-78.5424464668128
90,2.238,-76.7567167030488
90,2.244,-74.7810011790858
90,2.25,-72.8111269692684
90,2.256,-71.051052102189
90,2.262,-69.6387570721575
90,2.268,-68.592091855128
90,2.274,-67.8265018766389
90,2.28,-67.2240674343581
90,2.286,-66.6858300132471
90,2.292,-66.1453272760854
90,2.298,-65.5616084713169
90,2.304,-64.9087273001397
90,2.31,-64.1675679216252
90,2.316,-63.3202423409486
90,2.322,-62.3458738426485
90,2.328,-61.216446205291
90,2.334,-59.8912207550055
90,2.34,-58.3073534302525
90,2.346,-56.3618093243593
90,2.352,-53.8731942444541
90,2.358,-50.5030119787352
90,2.364,-45.8031671798692
90,2.37,-43.2169306112021
90,2.376,-47.7993667925642
90,2.382,-51.8934328637225
90,2.388,-54.8096226936422
90,2.394,-57.0120651093772
90,2.4,-58.7653106065206
90,2.406,-60.2144295249043
90,2.412,-61.4451942622118
90,2.418,-62.5120105410904
90,2.424,-63.4514049497013
90,2.43,-64.2890384309858
90,2.436,-65.0436109565743
90,2.442,-65.7291651289226
90,2.448,-66.3565129104765
90,2.454,-66.9341561976601
90,2.46,-67.4689018392097
90,2.466,-67.9662849717337
90,2.472,-68.4308680483928
90,2.478,-68.8664568884208
90,2.484,-69.2762599105196
90,2.49,-69.6630075805547
90,2.496,-70.0290434366493
90,2.502,-70.3763944426433
90,2.508,-70.7068260628785
90,2.514,-71.0218858784217
90,2.52,-71.3229384950238
90,2.526,-71.6111937524333
90,2.532,-71.8877297234913
90,2.538,-72.1535116192156
90,2.544,-72.4094074465818
90,2.55,-72.6562010681239
90,2.556,-72.8946031659
90,2.562,-73.125260502457
90,2.568,-73.348763788174
90,2.574,-73.5656544006993
90,2.58,-73.7764301530886
90,2.586,-73.9815502690528
90,2.592,-74.1814396937828
90,2.598,-74.3764928451742
90,2.604,-74.5670768914717
90,2.61,-74.75353462631
90,2.616,-74.9361869999999
90,2.622,-75.1153353560925
90,2.628,-75.2912634142414
90,2.634,-75.4642390338213
90,2.64,-75.6345157873448
90,2.646,-75.8023343682299
90,2.652,-75.9679238537194
90,2.658,-76.1315028406045
90,2.664,-76.2932804687384
90,2.67,-76.4534573450462
90,2.676,-76.6122263787778
90,2.682,-76.7697735370301
90,2.688,-76.9262785280534
90,2.694,-77.08191541848
90,2.7,-77.2368531893581
90,2.706,-77.3912562346773
90,2.712,-77.5452848049176
90,2.718,-77.6990953969956
90,2.724,-77.8528410907811
90,2.73,-78.0066718310883
90,2.736,-78.160734652645
90,2.742,-78.3151738439805
90,2.748,-78.4701310443742
90,2.754,-78.6257452659107
90,2.76,-78.7821528302101
90,2.766,-78.9394872064346
90,2.772,-79.0978787335995
90,2.778,-79.2574542058766
90,2.784,-79.4183362942827
90,2.79,-79.580642771667
90,2.796,-79.7444854999552
90,2.802,-79.9099691288172
90,2.808,-80.0771894428829
90,2.814,-80.2462312797847
90,2.82,-80.4171659230416
90,2.826,-80.590047851348
90,2.832,-80.7649106983083
90,2.838,-80.9417622430609
90,2.844,-81.1205782114626
90,2.85,-81.3012946184454
90,2.856,-81.4837983238263
90,2.862,-81.6679154056772
90,2.868,-81.8533968776176
90,2.874,-82.0399011909889
90,2.88,-82.2269728745209
90,2.886,-82.4140165821694
90,2.892,-82.600265760976
90,2.898,-82.7847451428124
90,2.904,-82.9662263503327
90,2.91,-83.1431761534025
90,2.916,-83.3136974089572
90,2.922,-83.47546358316
90,2.928,-83.6256491261798
90,2.934,-83.7608599707879
90,2.94,-83.8770711016203
90,2.946,-83.9695813423008
90,2.952,-84.0329987179162
90,2.958,-84.0612719067401
90,2.964,-84.0477826974878
90,2.97,-83.985508893391
90,2.976,-83.8672549495447
90,2.982,-83.6859286318695
90,2.988,-83.4348190397952
90,2.994,-83.1078107792517
90,3,-82.6994587675452
90,3.006,-82.204853128263
90,3.012,-81.6192213789813
90,3.018,-80.9372337760314
90,3.024,-80.1519786311929
90,3.03,-79.2535362382201
90,3.036,-78.2269775421995
90,3.042,-77.0494048569687
90,3.048,-75.6852458383998
90,3.054,-74.0782141256424
90,3.06,-72.1368888499958
90,3.066,-69.7099149804983
90,3.072,-66.5694177400742
90,3.078,-62.7704122711847
90,3.084,-61.5385376788307
90,3.09,-65.0412667229032
90,3.096,-68.6409858277212
90,3.102,-71.4572793535418
90,3.108,-73.7144585098988
90,3.114,-75.6058254887297
90,3.12,-77.2526855821267
90,3.126,-78.7325019944966
90,3.132,-80.0975730607282
90,3.138,-81.3854031408645
90,3.144,-82.6245667078969
90,3.15,-83.8382020256625
90,3.156,-85.0462186468277
90,3.162,-86.2667623405396
90,3.168,-87.5171805390036
90,3.174,-88.8144980583572
90,3.18,-90.175092726799
90,3.186,-91.6126024070583
90,3.192,-93.1315728774701
90,3.198,-94.7110724205768
90,3.204,-96.2679270802046
90,3.21,-97.5974900492987
90,3.216,-98.3640460064901
90,3.222,-98.3128862160943
90,3.228,-97.5542836908308
90,3.234,-96.4323983418681
90,3.24,-95.222101368887
90,3.246,-94.0568149449984
90,3.252,-92.9827782824765
90,3.258,-92.0078345615743
90,3.264,-91.125690727441
90,3.27,-90.3259817121879
90,3.276,-89.5980817535684
90,3.282,-88.932389642245
90,3.288,-88.3206362546512
90,3.294,-87.7558352692144
90,3.3,-87.2321220554974
90,3.306,-86.7445746416683
90,3.312,-86.2890500133888
90,3.318,-85.8620449397815
90,3.324,-85.4605813842159
90,3.33,-85.0821134909701
90,3.336,-84.7244524860178
90,3.342,-84.3857060727604
90,3.348,-84.0642294179824
90,3.354,-83.7585853638162
90,3.36,-83.467511981101
90,3.366,-83.1898959764579
90,3.372,-82.9247507830912
90,3.378,-82.6711984153173
90,3.384,-82.4284543619784
90,3.39,-82.1958149457811
90,3.396,-81.9726466938154
90,3.402,-81.7583773567003
90,3.408,-81.5524882859149
90,3.414,-81.3545079355114
90,3.42,-81.1640062990649
90,3.426,-80.9805901281047
90,3.432,-80.8038988064404
90,3.438,-80.6336007773205
90,3.444,-80.4693904384668
90,3.45,-80.3109854346407
90,3.456,-80.1581242892501
90,3.462,-80.0105643261586
90,3.468,-79.86807984076
90,3.474,-79.7304604858693
90,3.48,-79.5975098433369
90,3.486,-79.4690441567257
90,3.492,-79.3448912040795
90,3.498,-79.2248892928865
90,3.504,-79.10888636192
90,3.51,-78.9967391768025
90,3.516,-78.8883126079679
90,3.522,-78.7834789812387
90,3.528,-78.6821174925488
90,3.534,-78.5841136794563
90,3.54,-78.489358943045
90,3.546,-78.3977501146287
90,3.552,-78.30918906237
90,3.558,-78.2235823335327
90,3.564,-78.1408408286021
90,3.57,-78.0608795039607
90,3.576,-77.9836171001946
90,3.582,-77.9089758934464
90,3.588,-77.8368814675243
90,3.594,-77.7672625047375
90,3.6,-77.7000505936486
120,1.2,-84.665820804237
120,1.206,-84.7289052701804
120,1.212,-84.7985479500431
120,1.218,-84.8751653626291
120,1.224,-84.9591832992373
120,1.23,-85.0510345411001
120,1.236,-85.1511562698911
120,1.242,-85.2599871979892
120,1.248,-85.3779644596433
120,1.254,-85.5055203193644
120,1.26,-85.6430787690308
120,1.266,-85.7910520994186
120,1.272,-85.9498375441596
120,1.278,-86.1198141034538
120,1.284,-86.3013396602628
120,1.29,-86.4947485024051
120,1.296,-86.7003493594544
120,1.302,-86.9184240534677
120,1.308,-87.1492268476196
120,1.314,-87.3929845574943
120,1.32,-87.6498974671846
120,1.326,-87.920141067887
120,1.332,-88.2038686119254
120,1.338,-88.5012144517296
120,1.344,-88.8122981126977
120,1.35,-89.137229032325
120,1.356,-89.4761118862939
120,1.362,-89.8290524157716
120,1.368,-90.1961636688102
120,1.374,-90.5775725718806
120,1.38,-90.9734267540881
120,1.386,-91.3839015549874
120,1.392,-91.809207155124
120,1.398,-92.249595773967
120,1.404,-92.7053688795185
120,1.41,-93.1768843433209
120,1.416,-93.6645634479344
120,1.422,-94.1688976027703
120,1.428,-94.6904545359264
120,1.434,-95.2298835854909
120,1.44,-95.7879194847433
120,1.446,-96.3653836771285
120,1.452,-96.9631816395928
120,1.458,-97.5822938293646
120,1.464,-98.2237565330643
120,1.47,-98.8886268322441
120,1.476,-99.5779227191597
120,1.482,-100.292524533961
120,1.488,-101.033016569878
120,1.494,-101.799436972079
120,1.5,-102.590889209507
120,1.506,-103.404950085032
120,1.512,-104.23679266069
120,1.518,-105.077944516019
120,1.524,-105.914664370305
120,1.53,-106.726125709463
120,1.536,-107.483054306819
120,1.542,-108.148181160437
120,1.548,-108.6803852647
120,1.554,-109.043499848182
120,1.56,-109.217463969502
120,1.566,-109.205808014369
120,1.572,-109.034274354552
120,1.578,-108.741587640127
120,1.584,-108.368480562161
120,1.59,-107.950170735551
120,1.596,-107.513454234592
120,1.602,-107.076953771201
120,1.608,-106.652715103668
120,1.614,-106.248007662391
120,1.62,-105.866844358006
120,1.626,-105.511111878473
120,1.632,-105.181356502293
120,1.638,-104.877309302001
120,1.644,-104.598228450553
120,1.65,-104.343118239632
120,1.656,-104.110866855544
120,1.662,-103.900331321579
120,1.668,-103.710388361103
120,1.674,-103.539963404915
120,1.68,-103.388045651863
120,1.686,-103.253694274561
120,1.692,-103.136039031434
120,1.698,-103.034277357166
120,1.704,-102.947669228853
120,1.71,-102.875530597403
120,1.716,-102.817225837606
120,1.722,-102.772159444431
120,1.728,-102.739767047846
120,1.734,-102.719505708209
120,1.74,-102.710843372826
120,1.746,-102.713247311534
120,1.752,-102.726171299624
120,1.758,-102.749041278263
120,1.764,-102.781239197095
120,1.77,-102.822084736125
120,1.776,-102.870814623398
120,1.782,-102.92655932596
120,1.788,-102.988317014613
120,1.794,-103.054924915791
120,1.8,-103.125028500913
120,1.806,-103.197049463676
120,1.812,-103.269154135838
120,1.818,-103.339224913876
120,1.824,-103.404838396862
120,1.83,-103.463255184091
120,1.836,-103.511427452943
120,1.842,-103.546031190131
120,1.848,-103.5635297874
120,1.854,-103.560274050722
120,1.86,-103.532640006703
120,1.866,-103.477200088862
120,1.872,-103.390915924332
120,1.878,-103.271333507504
120,1.884,-103.116756282242
120,1.89,-102.926370872892
120,1.896,-102.700305250239
120,1.902,-102.439609462846
120,1.908,-102.146162165085
120,1.914,-101.822518359429
120,1.92,-101.47172175103
120,1.926,-101.097107272099
120,1.932,-100.702116127055
120,1.938,-100.290139087582
120,1.944,-99.864396124177
120,1.95,-99.4278537265414
120,1.956,-98.9831764773798
120,1.962,-98.5327067960071
120,1.968,-98.0784659054422
120,1.974,-97.6221694272318
120,1.98,-97.1652520163589
120,1.986,-96.7088966900745
120,1.992,-96.2540657106598
120,1.998,-95.801530915266
120,2.004,-95.3519021990129
120,2.01,-94.9056534564504
120,2.016,-94.4631457026631
120,2.022,-94.0246473678895
120,2.028,-93.5903519259942
120,2.034,-93.1603931090999
120,2.04,-92.7348580028228
120,2.046,-92.3137983270808
120,2.052,-91.8972401991914
120,2.058,-91.4851926576282
120,2.064,-91.0776552018829
120,2.07,-90.6746245796272
120,2.076,-90.2761010282683
120,2.082,-89.8820941540801
120,2.088,-89.4926286069924
120,2.094,-89.1077496797268
120,2.1,-88.7275289206854
120,2.106,-88.35206979133
120,2.112,-87.9815133046662
120,2.118,-87.6160434247514
120,2.124,-87.2558917416367
120,2.13,-86.9013404823688
120,2.136,-86.5527221388255
120,2.142,-86.2104126460796
120,2.148,-85.8748127052419
120,2.154,-85.5463077567595
120,2.16,-85.2251899281747
120,2.166,-84.9115126163201
120,2.172,-84.6048260507545
120,2.178,-84.3037032616917
120,2.184,-84.0048998998906
120,2.19,-83.7018870605175
120,2.196,-83.3823585379548
120,2.202,-83.0242276822028
120,2.208,-82.5899388738736
120,2.214,-82.0205463639725
120,2.22,-81.2352954127263
120,2.226,-80.1480076166705
120,2.232,-78.7076686472693
120,2.238,-76.9456811877333
120,2.244,-74.99180008663
120,2.25,-73.0439289229238
120,2.256,-71.3062969722135
120,2.262,-69.9128872298207
120,2.268,-68.8766383653832
120,2.274,-68.1118737568106
120,2.28,-67.5032278099757
120,2.286,-66.9551036506132
120,2.292,-66.4035199469817
120,2.298,-65.80894775401
120,2.304,-65.1461458851148
120,2.31,-64.396319399651
120,2.316,-63.5417329333225
120,2.322,-62.5616229165187
120,2.328,-61.4281335815394
120,2.334,-60.1008173991824
120,2.34,-58.5173716247606
120,2.346,-56.5757590901657
120,2.352,-54.0963154360744
120,2.358,-50.7418144848669
120,2.364,-46.0338673100434
120,2.37,-43.1817912569878
120,2.376,-47.7567312776703
120,2.382,-51.9111738524209
120,2.388,-54.8571313370585
120,2.394,-57.0751209488067
120,2.4,-58.8372187113902
120,2.406,-60.2916732296802
120,2.412,-61.5257615544781
120,2.418,-62.5946786714031
120,2.424,-63.535399839167
120,2.43,-64.3738575363323
120,2.436,-65.1289243894455
120,2.442,-65.8147572152843
120,2.448,-66.4422460011408
120,2.454,-67.0199473748676
120,2.46,-67.5547074301186
120,2.466,-68.0520899657902
120,2.472,-68.5166786940601
120,2.478,-68.9522954083615
120,2.484,-69.3621606623966
120,2.49,-69.7490142251949
120,2.496,-70.1152068213007
120,2.502,-70.4627710002925
120,2.508,-70.7934765895302
120,2.514,-71.1088745909047
120,2.52,-71.4103322995289
120,2.526,-71.6990616731026
120,2.532,-71.9761424538032
120,2.538,-72.242541168465
120,2.544,-72.4991268606557
120,2.55,-72.7466842088043
120,2.556,-72.9859245366438
120,2.562,-73.217495111377
120,2.568,-73.4419870410287
120,2.574,-73.6599420182881
120,2.58,-73.8718581086622
120,2.586,-74.0781947422886
120,2.592,-74.2793770386058
120,2.598,-74.4757995692738
120,2.604,-74.6678296458223
120,2.61,-74.8558102033576
120,2.616,-75.0400623394691
120,2.622,-75.2208875575966
120,2.628,-75.398569756068
120,2.634,-75.5733769974171
120,2.64,-75.7455630871471
120,2.646,-75.9153689865939
120,2.652,-76.0830240807713
120,2.658,-76.2487473189161
120,2.664,-76.4127482427671
120,2.67,-76.5752279153235
120,2.676,-76.736379760848
120,2.682,-76.8963903251532
120,2.688,-77.0554399636752
120,2.694,-77.2137034634508
120,2.7,-77.3713506038332
120,2.706,-77.5285466595626
120,2.712,-77.6854528486231
120,2.718,-77.8422267261171
120,2.724,-77.999022524146
120,2.73,-78.1559914363518
120,2.736,-78.3132818443009
120,2.742,-78.4710394812328
120,2.748,-78.6294075267747
120,2.754,-78.78852662398
120,2.76,-78.9485348073694
120,2.766,-79.1095673274486
120,2.772,-79.2717563532869
120,2.778,-79.4352305300078
120,2.784,-79.6001143622457
120,2.79,-79.7665273875081
120,2.796,-79.9345830946162
120,2.802,-80.1043875315906
120,2.808,-80.2760375339997
120,2.814,-80.4496184883193
120,2.82,-80.6252015245197
120,2.826,-80.8028400070689
120,2.832,-80.982565162796
120,2.838,-81.1643806464916
120,2.844,-81.3482557994854
120,2.85,-81.5341173015516
120,2.856,-81.721838851307
120,2.862,-81.9112284343334
120,2.868,-82.1020126521987
120,2.874,-82.2938174921032
120,2.88,-82.4861448223203
120,2.886,-82.6783438150905
120,2.892,-82.8695764474873
120,2.898,-83.0587762470682
120,2.904,-83.2445995874282
120,2.91,-83.4253691794484
120,2.916,-83.5990100579554
120,2.922,-83.7629794705757
120,2.928,-83.914193788284
120,2.934,-84.0489579952488
120,2.94,-84.1629064736939
120,2.946,-84.2509673934416
120,2.952,-84.30736627708
120,2.958,-84.3256857998598
120,2.964,-84.298996484842
120,2.97,-84.2200643296698
120,2.976,-84.0816251055927
120,2.982,-83.8766921939596
120,2.988,-83.5988403068007
120,2.994,-83.242389524307
120,3,-82.8024108646578
120,3.006,-82.2744885306065
120,3.012,-81.6541976742862
120,3.018,-80.9362731927903
120,3.024,-80.1134329640346
120,3.03,-79.1747541045301
120,3.036,-78.1033493703933
120,3.042,-76.8727786947421
120,3.048,-75.4409619332909
120,3.054,-73.7387781223081
120,3.06,-71.6463590390027
120,3.066,-68.9378933291177
120,3.072,-65.1431160348212
120,3.078,-59.50079176219
120,3.084,-58.4629611798948
120,3.09,-64.3936556811643
120,3.096,-68.5435118978754
120,3.102,-71.4921424664067
120,3.108,-73.783611105288
120,3.114,-75.6796636225941
120,3.12,-77.3204953172924
120,3.126,-78.7897281466493
120,3.132,-80.1417964592525
120,3.138,-81.414845318041
120,3.144,-82.6374343787661
120,3.15,-83.8323243239237
120,3.156,-85.0187683414166
120,3.162,-86.2139621015096
120,3.168,-87.4339308128153
120,3.174,-88.6938760216904
120,3.18,-90.0076984851692
120,3.186,-91.3858480857591
120,3.192,-92.8294634817673
120,3.198,-94.3164863670116
120,3.204,-95.7730001858968
120,3.21,-97.0306069568571
120,3.216,-97.8196206171005
120,3.222,-97.9122173312451
120,3.228,-97.3448222521326
120,3.234,-96.379253376369
120,3.24,-95.2704875401549
120,3.246,-94.1649220977557
120,3.252,-93.1244594796438
120,3.258,-92.1676644729212
120,3.264,-91.2946283420857
120,3.27,-90.4986620098943
120,3.276,-89.7712633721662
120,3.282,-89.1040785313802
120,3.288,-88.4895859241406
120,3.294,-87.9212562504721
120,3.3,-87.3935092665849
120,3.306,-86.9016025854719
120,3.312,-86.4415078851607
120,3.318,-86.0097957372297
120,3.324,-85.6035357544308
120,3.33,-85.2202127976657
120,3.336,-84.8576577440579
120,3.342,-84.5139906724146
120,3.348,-84.1875743287643
120,3.354,-83.8769759783681
120,3.36,-83.580936053336
120,3.366,-83.298342294539
120,3.372,-83.0282083378479
120,3.378,-82.7696559030628
120,3.384,-82.521899912488
120,3.39,-82.284236000825
120,3.396,-82.0560299850249
120,3.402,-81.836708947485
120,3.408,-81.6257536530977
120,3.414,-81.4226920739175
120,3.42,-81.2270938375703
120,3.426,-81.0385654493301
120,3.432,-80.8567461648552
120,3.438,-80.6813044123359
120,3.444,-80.5119346803699
120,3.45,-80.3483548021137
120,3.456,-80.1903035778417
120,3.462,-80.0375386875081
120,3.468,-79.8898348526667
120,3.474,-79.7469822135017
120,3.48,-79.6087848919994
120,3.486,-79.4750597166848
120,3.492,-79.3456350879909
120,3.498,-79.2203499663864
120,3.504,-79.0990529679443
120,3.51,-78.9816015541888
120,3.516,-78.8678613048756
120,3.522,-78.7577052639005
120,3.528,-78.6510133498401
120,3.534,-78.5476718237406
120,3.54,-78.4475728077239
120,3.546,-78.350613848797
120,3.552,-78.2566975229471
120,3.558,-78.1657310752134
120,3.564,-78.0776260919445
120,3.57,-77.9922982019008
120,3.576,-77.9096668032546
120,3.582,-77.8296548138804
120,3.588,-77.7521884426223
120,3.594,-77.6771969794878
120,3.6,-77.6046126029412
150,1.2,-86.0315509372201
150,1.206,-85.9688476100273
150,1.212,-85.920719887666
150,1.218,-85.8888316851731
150,1.224,-85.8748127677172
150,1.23,-85.8802086817749
150,1.236,-85.9064270225691
150,1.242,-85.9546834012077
150,1.248,-86.0259511497122
150,1.254,-86.1209190393731
150,1.26,-86.2399609559308
150,1.266,-86.3831205455333
150,1.272,-86.5501124204885
150,1.278,-86.7403398158074
150,1.284,-86.9529269086042
150,1.29,-87.1867626397955
150,1.296,-87.4405520204199
150,1.302,-87.7128706487497
150,1.308,-88.0022184656009
150,1.314,-88.3070694924574
150,1.32,-88.6259152420923
150,1.326,-88.9573004805545
150,1.332,-89.2998509095618
150,1.338,-89.6522930429577
150,1.344,-90.0134670380571
150,1.35,-90.382333522375
150,1.356,-90.7579755636174
150,1.362,-91.1395969113637
150,1.368,-91.5265175373925
150,1.374,-91.918167355997
150,1.38,-92.3140788444293
150,1.386,-92.7138791259967
150,1.392,-93.1172819356391
150,1.398,-93.5240797654073
150,1.404,-93.9341363863823
150,1.41,-94.3473798629567
150,1.416,-94.7637961123378
150,1.422,-95.1834230133506
150,1.428,-95.6063450306883
150,1.434,-96.0326882903601
150,1.44,-96.4626160161484
150,1.446,-96.896324212474
150,1.452,-97.3340374534014
150,1.458,-97.7760046077663
150,1.464,-98.2224942935475
150,1.47,-98.6737898072647
150,1.476,-99.1301832123921
150,1.482,-99.5919681897873
150,1.488,-100.059431147275
150,1.494,-100.532839948066
150,1.5,-101.012429441024
150,1.506,-101.498382752029
150,1.512,-101.990807017986
150,1.518,-102.489701910912
150,1.524,-102.994918916394
150,1.53,-103.506108926785
150,1.536,-104.022655351707
150,1.542,-104.543589772073
150,1.548,-105.067487416453
150,1.554,-105.592340839132
150,1.56,-106.115412780185
150,1.566,-106.633074201844
150,1.572,-107.140641990473
150,1.578,-107.632243601195
150,1.584,-108.100752589938
150,1.59,-108.537856216212
150,1.596,-108.934325941221
150,1.602,-109.280550150416
150,1.608,-109.567341139027
150,1.614,-109.786941266732
150,1.62,-109.934048167539
150,1.626,-110.00660789337
150,1.632,-110.006144973622
150,1.638,-109.937525030769
150,1.644,-109.808225440208
150,1.65,-109.627330614728
150,1.656,-109.404507223391
150,1.662,-109.149155487939
150,1.668,-108.869829136618
150,1.674,-108.573924033078
150,1.68,-108.267581266798
150,1.686,-107.955733902649
150,1.692,-107.64223374222
150,1.698,-107.330011137283
150,1.704,-107.021237999469
150,1.71,-106.717477672546
150,1.716,-106.419814510325
150,1.722,-106.128961526173
150,1.728,-105.845347415192
150,1.734,-105.56918554882
150,1.74,-105.300527900473
150,1.746,-105.039306733757
150,1.752,-104.785366543808
150,1.758,-104.538488337966
150,1.764,-104.298407950305
150,1.77,-104.06482973867
150,1.776,-103.837436722866
150,1.782,-103.615897987111
150,1.788,-103.399873982523
150,1.794,-103.189020218395
150,1.8,-102.982989716808
150,1.806,-102.781434516907
150,1.812,-102.584006447343
150,1.818,-102.390357333468
150,1.824,-102.200138766152
150,1.83,-102.013001528879
150,1.836,-101.828594756864
150,1.842,-101.646564884634
150,1.848,-101.466554425645
150,1.854,-101.288200618062
150,1.86,-101.111133964074
150,1.866,-100.9349766856
150,1.872,-100.759341116475
150,1.878,-100.58382804989
150,1.884,-100.408025059849
150,1.89,-100.231504816399
150,1.896,-100.053823416297
150,1.902,-99.8745187534354
150,1.908,-99.6931089565743
150,1.914,-99.5090909255541
150,1.92,-99.3219390009443
150,1.926,-99.1311038057255
150,1.932,-98.9360113007646
150,1.938,-98.7360620980531
150,1.944,-98.5306310764493
150,1.95,-98.3190673433668
150,1.956,-98.1006945818739
150,1.962,-97.8748118152846
150,1.968,-97.6406946099448
150,1.974,-97.3975967209431
150,1.98,-97.1447521645746
150,1.986,-96.8813776754016
150,1.992,-96.606675474995
150,1.998,-96.3198362444841
150,2.004,-96.0200421550971
150,2.01,-95.7064697714102
150,2.016,-95.3782926029624
150,2.022,-95.0346830432323
150,2.028,-94.6748134026271
150,2.034,-94.2978557155173
150,2.04,-93.902979981099
150,2.046,-93.4893504833033
150,2.052,-93.0561198239637
150,2.058,-92.6024202919429
150,2.064,-92.1273521729246
150,2.07,-91.6299685718999
150,2.076,-91.1092562626942
150,2.082,-90.564111983255
150,2.088,-89.993313446096
150,2.094,-89.3954841105662
150,2.1,-88.7690504424426
150,2.106,-88.1121899341288
150,2.112,-87.4227675322894
150,2.118,-86.6982572621662
150,2.124,-85.9356446769095
150,2.13,-85.1313042135364
150,2.136,-84.280843538172
150,2.142,-83.3789045480675
150,2.148,-82.4189082574423
150,2.154,-81.3927297848257
150,2.16,-80.2902945973796
150,2.166,-79.099111314383
150,2.172,-77.8038383721048
150,2.178,-76.3862358161296
150,2.184,-74.8266224308794
150,2.19,-73.1102710705005
150,2.196,-71.248843968088
150,2.202,-69.3423437510678
150,2.208,-67.7091842615063
150,2.214,-66.9272646723734
150,2.22,-67.3138975471207
150,2.226,-68.4610114829377
150,2.232,-69.8137008633133
150,2.238,-71.0956102162961
150,2.244,-72.2263872704715
150,2.25,-73.2005549221922
150,2.256,-74.034011475873
150,2.262,-74.7459701258406
150,2.268,-75.3536807794826
150,2.274,-75.8712991201584
150,2.28,-76.3099941798933
150,2.286,-76.6783473085735
150,2.292,-76.9827459058785
150,2.298,-77.2276888561652
150,2.304,-77.4159876579188
150,2.31,-77.5488643751865
150,2.316,-77.6259472295768
150,2.322,-77.6451574960735
150,2.328,-77.6024700037451
150,2.334,-77.4915130644117
150,2.34,-77.302948374403
150,2.346,-77.0235294264193
150,2.352,-76.6346613683163
150,2.358,-76.1101380675873
150,2.364,-75.4124214066564
150,2.37,-74.4861117016462
150,2.376,-73.2454345269671
150,2.382,-71.5473288056178
150,2.388,-69.124169567703
150,2.394,-65.3802054312758
150,2.4,-58.8104836932878
150,2.406,-57.8274917553737
150,2.412,-65.0915785588808
150,2.418,-69.3105051446408
150,2.424,-72.0666039684223
150,2.43,-74.0270493723858
150,2.436,-75.4851009160785
150,2.442,-76.5970479384652
150,2.448,-77.4579603692749
150,2.454,-78.1308917523989
150,2.46,-78.66003189045
150,2.466,-79.0774502669044
150,2.472,-79.4069527030876
150,2.478,-79.666487602204
150,2.484,-79.8697457510441
150,2.49,-80.0272707582693
150,2.496,-80.1472517419423
150,2.502,-80.236099668076
150,2.508,-80.2988717116829
150,2.514,-80.3395866879983
150,2.52,-80.3614613584291
150,2.526,-80.3670887109793
150,2.532,-80.3585733689021
150,2.538,-80.3376351188347
150,2.544,-80.3056885901859
150,2.55,-80.2639049918731
150,2.556,-80.213260274575
150,2.562,-80.154572967505
150,2.568,-80.0885341201069
150,2.574,-80.0157311774115
150,2.58,-79.9366671734755
150,2.586,-79.8517762976538
150,2.592,-79.7614366427229
150,2.598,-79.6659807598577
150,2.604,-79.5657045070696
150,2.61,-79.460874573196
150,2.616,-79.35173498028
150,2.622,-79.2385128068641
150,2.628,-79.1214233286321
150,2.634,-79.0006747374492
150,2.64,-78.8764725724921
150,2.646,-78.7490239757695
150,2.652,-78.6185418672624
150,2.658,-78.485249120818
150,2.664,-78.3493828096498
150,2.67,-78.2111985787622
150,2.676,-78.0709751898117
150,2.682,-77.9290192707984
150,2.688,-77.7856702874608
150,2.694,-77.6413057341677
150,2.7,-77.4963465182398
150,2.706,-77.3512624817559
150,2.712,-77.2065779678269
150,2.718,-77.0628772931104
150,2.724,-76.920809934509
150,2.73,-76.7810951758695
150,2.736,-76.6445258916637
150,2.742,-76.5119710724571
150,2.748,-76.3843766272289
150,2.754,-76.2627639389453
150,2.76,-76.1482256140435
150,2.766,-76.0419178684315
150,2.772,-75.9450490489228
150,2.778,-75.8588639161515
150,2.784,-75.7846235257391
150,2.79,-75.7235808433938
150,2.796,-75.676952608102
150,2.802,-75.6458883895342
150,2.808,-75.6314382259582
150,2.814,-75.6345206154758
150,2.82,-75.6558928959945
150,2.826,-75.6961261226639
150,2.832,-75.7555863912751
150,2.838,-75.8344241537268
150,2.844,-75.932572462134
150,2.85,-76.0497543376598
150,2.856,-76.1854986923567
150,2.862,-76.3391635467482
150,2.868,-76.5099647745927
150,2.874,-76.6970083255772
150,2.88,-76.8993238390606
150,2.886,-77.1158977391653
150,2.892,-77.3457042364875
150,2.898,-77.5877330846205
150,2.904,-77.8410133831411
150,2.91,-78.1046331284678
150,2.916,-78.3777545543823
150,2.922,-78.6596255579519
150,2.928,-78.949587672469
150,2.934,-79.2470811356668
150,2.94,-79.5516476232545
150,2.946,-79.862931190483
150,2.952,-80.1806779021844
150,2.958,-80.5047345452813
150,2.964,-80.8350467134812
150,2.97,-81.1716564330616
150,2.976,-81.5146993570162
150,2.982,-81.8644013815
150,2.988,-82.2210743142086
150,2.994,-82.5851099182538
150,3,-82.9569712197414
150,3.006,-83.3371793301748
150,3.012,-83.7262930861956
150,3.018,-84.1248773836785
150,3.024,-84.5334539350824
150,3.03,-84.952424952535
150,3.036,-85.3819554652256
150,3.042,-85.8217930138906
150,3.048,-86.2709937648072
150,3.054,-86.727511663843
150,3.06,-87.1875941342867
150,3.066,-87.6449213983006
150,3.072,-88.0894461787548
150,3.078,-88.5059777964628
150,3.084,-88.8727782650903
150,3.09,-89.1608608968313
150,3.096,-89.3352206549272
150,3.102,-89.3593854296905
150,3.108,-89.2035283958316
150,3.114,-88.853615964619
150,3.12,-88.3167539715151
150,3.126,-87.6193747426624
150,3.132,-86.7997778411567
150,3.138,-85.8998594432465
150,3.144,-84.9598259897495
150,3.15,-84.0166253441979
150,3.156,-83.1047715701629
150,3.162,-82.2577344841358
150,3.168,-81.5083161537524
150,3.174,-80.8869714170713
150,3.18,-80.4179764503301
150,3.186,-80.1147649643892
150,3.192,-79.9768669678712
150,3.198,-79.9904468005592
150,3.204,-80.1323683327091
150,3.21,-80.3757536653173
150,3.216,-80.694745630945
150,3.222,-81.0673348118813
150,3.228,-81.4763431698468
150,3.234,-81.909221551623
150,3.24,-82.3573098251728
150,3.246,-82.8149811719064
150,3.252,-83.278875797212
150,3.258,-83.7472925177663
150,3.264,-84.2197392818774
150,3.27,-84.6966184347936
150,3.276,-85.1790180547791
150,3.282,-85.668584586941
150,3.288,-86.1674583390884
150,3.294,-86.6782598054241
150,3.3,-87.2041206270416
150,3.306,-87.7487584613092
150,3.312,-88.3166006973118
150,3.318,-88.9129687335745
150,3.324,-89.5443438264191
150,3.33,-90.218749630728
150,3.336,-90.9463095875558
150,3.342,-91.7400769804994
150,3.348,-92.6173070380221
150,3.354,-93.601475388736
150,3.36,-94.7256128637469
150,3.366,-96.0380692650173
150,3.372,-97.6129323546118
150,3.378,-99.569286611172
150,3.384,-102.10244801917
150,3.39,-105.460149286423
150,3.396,-108.855631559248
150,3.402,-107.408547218911
150,3.408,-103.224641009804
150,3.414,-99.7398965770694
150,3.42,-96.9833176261793
150,3.426,-94.7056161808651
150,3.432,-92.7428410057425
150,3.438,-90.9936133475618
150,3.444,-89.3920904090433
150,3.45,-87.8927199407942
150,3.456,-86.4618729714762
150,3.462,-85.0730104924856
150,3.468,-83.703672237528
150,3.474,-82.3334077004614
150,3.48,-80.942165236472
150,3.486,-79.5088443533656
150,3.492,-78.0098176483901
150,3.498,-76.4173359660358
150,3.504,-74.6980337025446
150,3.51,-72.812897844306
150,3.516,-70.7245290551413
150,3.522,-68.4345788022422
150,3.528,-66.1273996347536
150,3.534,-64.5005738545725
150,3.54,-64.5318408994297
150,3.546,-65.9449096724253
150,3.552,-67.7170527699412
150,3.558,-69.3627269926404
150,3.564,-70.7859856022933
150,3.57,-72.0035989508174
150,3.576,-73.051692253915
150,3.582,-73.9633965740156
150,3.588,-74.7652053694292
150,3.594,-75.4776118325622
150,3.6,-76.1164222894953
180,1.2,-86.4333567822306
180,1.206,-86.6085364620625
180,1.212,-86.7880794259406
180,1.218,-86.9720513864065
180,1.224,-87.1605197923181
180,1.23,-87.3535541173327
180,1.236,-87.5512261715065
180,1.242,-87.7536104369183
180,1.248,-87.9607844283376
180,1.254,-88.1728290800826
180,1.26,-88.3898291603684
180,1.266,-88.6118737146155
180,1.272,-88.8390565393865
180,1.278,-89.0714766888385
180,1.284,-89.3092390158194
180,1.29,-89.5524547499944
180,1.296,-89.8012421156742
180,1.302,-90.0557269923029
180,1.308,-90.3160436208664
180,1.314,-90.5823353597776
180,1.32,-90.8547554940734
180,1.326,-91.1334681020034
180,1.332,-91.4186489832655
180,1.338,-91.7104866532193
180,1.344,-92.0091834073172
180,1.35,-92.3149564596702
180,1.356,-92.6280391589887
180,1.362,-92.9486822839667
180,1.368,-93.2771554182936
180,1.374,-93.6137484025857
180,1.38,-93.9587728562194
180,1.386,-94.3125637557416
180,1.392,-94.6754810474141
180,1.398,-95.0479112583884
180,1.404,-95.4302690523948
180,1.41,-95.8229986493969
180,1.416,-96.2265749912093
180,1.422,-96.6415044820434
180,1.428,-97.0683250578629
180,1.434,-97.5076052320947
180,1.44,-97.9599416145382
180,1.446,-98.4259541866458
180,1.452,-98.9062783133765
180,1.458,-99.4015520426354
180,1.464,-99.9123966368493
180,1.47,-100.439387428606
180,1.476,-100.983010904435
180,1.482,-101.543602291287
180,1.488,-102.121255742239
180,1.494,-102.715696434172
180,1.5,-103.326100614009
180,1.506,-103.950846407777
180,1.512,-104.587176533137
180,1.518,-105.2307572807
180,1.524,-105.875132774991
180,1.53,-106.511110458616
180,1.536,-107.126186968297
180,1.542,-107.704241198768
180,1.548,-108.225860801623
180,1.554,-108.669737071105
180,1.56,-109.015385991289
180,1.566,-109.24688432734
180,1.572,-109.356506082132
180,1.578,-109.346716453074
180,1.584,-109.229533167748
180,1.59,-109.023582224574
180,1.596,-108.750230828484
180,1.602,-108.430236042419
180,1.608,-108.081648960912
180,1.614,-107.718970127552
180,1.62,-107.353172387002
180,1.626,-106.992169875065
180,1.632,-106.64143099718
180,1.638,-106.304568802212
180,1.644,-105.983839164524
180,1.65,-105.680531722931
180,1.656,-105.395263404026
180,1.662,-105.128192591736
180,1.668,-104.879172353652
180,1.674,-104.647858456881
180,1.68,-104.433784542988
180,1.686,-104.236413748253
180,1.692,-104.055173550256
180,1.698,-103.88947870634
180,1.704,-103.738745733658
180,1.71,-103.602401353891
180,1.716,-103.479886589057
180,1.722,-103.370657668334
180,1.728,-103.274184529514
180,1.734,-103.189947428523
180,1.74,-103.117431975241
180,1.746,-103.05612277151
180,1.752,-103.005495723015
180,1.758,-102.965009020753
180,1.764,-102.934092734679
180,1.77,-102.912136929484
180,1.776,-102.898478201363
180,1.782,-102.892384548979
180,1.788,-102.893038538813
180,1.794,-102.899518815087
180,1.8,-102.910780150977
180,1.806,-102.925632457021
180,1.812,-102.942719470709
180,1.818,-102.960498261727
180,1.824,-102.977221203363
180,1.83,-102.990922665743
180,1.836,-102.999413330798
180,1.842,-103.000285613308
180,1.848,-102.990934037213
180,1.854,-102.968594340609
180,1.86,-102.930404309221
180,1.866,-102.873487635804
180,1.872,-102.795059371965
180,1.878,-102.692547938065
180,1.884,-102.563724704578
180,1.89,-102.406828729913
180,1.896,-102.220672395276
180,1.902,-102.004714316737
180,1.908,-101.759089374508
180,1.914,-101.484591483901
180,1.92,-101.182611568285
180,1.926,-100.855039435048
180,1.932,-100.504142467416
180,1.938,-100.132435488497
180,1.944,-99.7425549438134
180,1.95,-99.3371474635139
180,1.956,-98.9187789605103
180,1.962,-98.4898666500458
180,1.968,-98.052633366645
180,1.974,-97.6090815601529
180,1.98,-97.160983334399
180,1.986,-96.7098826442652
180,1.992,-96.2571060316099
180,1.998,-95.803778822355
180,2.004,-95.3508443480846
180,2.01,-94.89908438049
180,2.016,-94.449139513742
180,2.022,-94.0015286739391
180,2.028,-93.5566672753938
180,2.034,-93.1148837922424
180,2.04,-92.6764346873017
180,2.046,-92.2415177553226
180,2.052,-91.8102840101211
180,2.058,-91.3828482871516
180,2.064,-90.9592987547756
180,2.07,-90.5397055360735
180,2.076,-90.1241286436739
180,2.082,-89.7126254260247
180,2.088,-89.3052577164274
180,2.094,-88.9020988660019
180,2.1,-88.5032408264875
180,2.106,-88.1088014235723
180,2.112,-87.718931916797
180,2.118,-87.3338248608584
180,2.124,-86.9537221346322
180,2.13,-86.5789227337659
180,2.136,-86.209789432166
180,2.142,-85.8467525300242
180,2.148,-85.4903072981406
180,2.154,-85.1409988052339
180,2.16,-84.7993824706547
180,2.166,-84.4659388496148
180,2.172,-84.1409029539339
180,2.178,-83.823934648534
180,2.184,-83.513494465192
180,2.19,-83.2056775125149
180,2.196,-82.8920711318536
180,2.202,-82.5559431019542
180,2.208,-82.165919722573
180,2.214,-81.6670988616518
180,2.22,-80.9734868425647
180,2.226,-79.9751213025338
180,2.232,-78.5802065704931
180,2.238,-76.7883027033302
180,2.244,-74.7383712196039
180,2.25,-72.680642741129
180,2.256,-70.8821734562228
180,2.262,-69.5043649256279
180,2.268,-68.5351462269765
180,2.274,-67.8451913890666
180,2.28,-67.2925230573646
180,2.286,-66.7754208644566
180,2.292,-66.233447597717
180,2.298,-65.6324643345647
180,2.304,-64.9515110283069
180,2.31,-64.174381235707
180,2.316,-63.2843336842874
180,2.322,-62.2600901317396
180,2.328,-61.0715542700119
180,2.334,-59.6734996122058
180,2.34,-57.994211702864
180,2.346,-55.9122211431965
180,2.352,-53.2031289966322
180,2.358,-49.4132816092464
180,2.364,-43.9173151606545
180,2.37,-43.0095189577026
180,2.376,-48.5768779552113
180,2.382,-52.5327340786134
180,2.388,-55.3081400893337
180,2.394,-57.4114995648341
180,2.4,-59.0938943818941
180,2.406,-60.4902518507445
180,2.412,-61.6803125618297
180,2.418,-62.7148579953834
180,2.424,-63.6281453726753
180,2.43,-64.4443525811787
180,2.436,-65.1811723334858
180,2.442,-65.8519397902023
180,2.448,-66.4669554466624
180,2.454,-67.0343420529716
180,2.46,-67.5606192459878
180,2.466,-68.0511004607343
180,2.472,-68.5101741900424
180,2.478,-68.9415077895923
180,2.484,-69.3481980871216
180,2.49,-69.7328846351932
180,2.496,-70.0978362066652
180,2.502,-70.4450177824689
180,2.508,-70.776143088719
180,2.514,-71.0927162738527
180,2.52,-71.396065316687
180,2.526,-71.6873690624563
180,2.532,-71.9676792946144
180,2.538,-72.2379389000277
180,2.544,-72.4989969311836
180,2.55,-72.751621182464
180,2.556,-72.9965087588959
180,2.562,-73.2342950116632
180,2.568,-73.4655611356655
180,2.574,-73.6908406639175
180,2.58,-73.9106250468511
180,2.586,-74.1253684681867
180,2.592,-74.3354920204701
180,2.598,-74.5413873407818
180,2.604,-74.7434197891388
180,2.61,-74.9419312376865
180,2.616,-75.1372425271485
180,2.622,-75.3296556375516
180,2.628,-75.5194556125256
180,2.634,-75.7069122701282
180,2.64,-75.8922817278889
180,2.646,-76.0758077653808
180,2.652,-76.2577230439451
180,2.658,-76.4382502000638
180,2.664,-76.617602826193
180,2.67,-76.7959863505418
180,2.676,-76.9735988252175
180,2.682,-77.1506316303121
180,2.688,-77.3272700997974
180,2.694,-77.5036940734875
180,2.7,-77.6800783777641
180,2.706,-77.8565932361878
180,2.712,-78.0334046094957
180,2.718,-78.2106744627557
180,2.724,-78.3885609555467
180,2.73,-78.5672185489081
180,2.736,-78.7467980203638
180,2.742,-78.9274463754939
180,2.748,-79.1093066411924
180,2.754,-79.2925175217855
180,2.76,-79.477212894445
180,2.766,-79.6635211146245
180,2.772,-79.8515640953651
180,2.778,-80.0414561159932
180,2.784,-80.2333023056628
180,2.79,-80.4271967350113
180,2.796,-80.6232200344915
180,2.802,-80.8214364402349
180,2.808,-81.0218901470886
180,2.814,-81.224600823221
180,2.82,-81.4295581109339
180,2.826,-81.6367149036939
180,2.832,-81.8459791498656
180,2.838,-82.0572038896805
180,2.844,-82.2701751850762
180,2.85,-82.4845975551834
180,2.856,-82.7000764888954
180,2.862,-82.9160975792558
180,2.868,-83.1320018268898
180,2.874,-83.3469567134205
180,2.88,-83.5599227827409
180,2.886,-83.7696157322447
180,2.892,-83.974464464733
180,2.898,-84.1725662520208
180,2.904,-84.3616411809945
180,2.91,-84.5389894378515
180,2.916,-84.7014567197748
180,2.922,-84.8454150032092
180,2.928,-84.9667676968736
180,2.934,-85.0609892414399
180,2.94,-85.1232085780074
180,2.946,-85.1483425454079
180,2.952,-85.1312783716433
180,2.958,-85.0670940338111
180,2.964,-84.9512928881616
180,2.97,-84.780017816308
180,2.976,-84.5502043600514
180,2.982,-84.2596353105051
180,2.988,-83.9068715077879
180,2.994,-83.4910517995424
180,3,-83.011572819623
180,3.006,-82.4676697543349
180,3.012,-81.8579181718043
180,3.018,-81.1796632341628
180,3.024,-80.4283571939834
180,3.03,-79.5967493729583
180,3.036,-78.673821728006
180,3.042,-77.6432892077674
180,3.048,-76.4813761469239
180,3.054,-75.1534494194096
180,3.06,-73.6091242631265
180,3.066,-71.7769200249911
180,3.072,-69.5702241118157
180,3.078,-66.9839573493887
180,3.084,-64.6706958572671
180,3.09,-64.762963338674
180,3.096,-67.3031537509441
180,3.102,-70.1504902808845
180,3.108,-72.6308938391817
180,3.114,-74.7489493723908
180,3.12,-76.5955863248607
180,3.126,-78.2474297430142
180,3.132,-79.7602727106271
180,3.138,-81.1743482540996
180,3.144,-82.519124016226
180,3.15,-83.8164027720619
180,3.156,-85.0819935951824
180,3.162,-86.326195967951
180,3.168,-87.5531187063653
180,3.174,-88.7586639929805
180,3.18,-89.9269898981962
180,3.186,-91.0257923167271
180,3.192,-92.0025306666237
180,3.198,-92.7870697521332
180,3.204,-93.3080672350918
180,3.21,-93.5225039933991
180,3.216,-93.4395626235366
180,3.222,-93.1166366604425
180,3.228,-92.631572981308
180,3.234,-92.0556133837096
180,3.24,-91.4412141489984
180,3.246,-90.8219798708319
180,3.252,-90.2173284161191
180,3.258,-89.6373845419325
180,3.264,-89.0866461067752
180,3.27,-88.5663809788323
180,3.276,-88.0760918681379
180,3.282,-87.6143784877824
180,3.288,-87.1794322570598
180,3.294,-86.7693134153124
180,3.3,-86.3821013091457
180,3.306,-86.0159715429709
180,3.312,-85.6692314196642
180,3.318,-85.3403319813422
180,3.324,-85.0278672874077
180,3.33,-84.7305670846224
180,3.336,-84.4472864024594
180,3.342,-84.1769940716926
180,3.348,-83.9187612650288
180,3.354,-83.6717506335479
180,3.36,-83.4352063085218
180,3.366,-83.208444864663
180,3.372,-82.990847244661
180,3.378,-82.7818515942733
180,3.384,-82.580946933295
180,3.39,-82.3876675791231
180,3.396,-82.2015882395727
180,3.402,-82.0223196960744
180,3.408,-81.8495050050034
180,3.414,-81.6828161522924
180,3.42,-81.5219511038859
180,3.426,-81.3666312015963
180,3.432,-81.2165988603244
180,3.438,-81.0716155283402
180,3.444,-80.9314598773782
180,3.45,-80.7959261937314
180,3.456,-80.6648229453754
180,3.462,-80.5379715034866
180,3.468,-80.4152049995965
180,3.474,-80.296367302103
180,3.48,-80.1813120979982
180,3.486,-80.0699020675111
180,3.492,-79.9620081409506
180,3.498,-79.8575088284004
180,3.504,-79.7562896140969
180,3.51,-79.6582424083413
180,3.516,-79.5632650506768
180,3.522,-79.4712608588266
180,3.528,-79.3821382185494
180,3.534,-79.2958102101449
180,3.54,-79.2121942678425
180,3.546,-79.1312118687412
180,3.552,-79.05278824835
180,3.558,-78.976852140113
180,3.564,-78.9033355365896
180,3.57,-78.8321734702219
180,3.576,-78.7633038118418
180,3.582,-78.6966670852684
180,3.588,-78.6322062965228
180,3.594,-78.5698667763381
180,3.6,-78.5095960347805
210,1.2,-85.4526267231417
210,1.206,-85.4977829518425
210,1.212,-85.547716621767
210,1.218,-85.6028028348949
210,1.224,-85.663437740943
210,1.23,-85.7300382831253
210,1.236,-85.8030416505586
210,1.242,-85.8829044012106
210,1.248,-85.9701012228672
210,1.254,-86.0651233055625
210,1.26,-86.1684763075839
210,1.266,-86.2806779087517
210,1.272,-86.4022549592228
210,1.278,-86.5337402494326
210,1.284,-86.6756689465313
210,1.29,-86.82857476409
210,1.296,-86.9929859539058
210,1.302,-87.169421230133
210,1.308,-87.3583857551841
210,1.314,-87.5603673322443
210,1.32,-87.7758329592602
210,1.326,-88.0052259025009
210,1.332,-88.2489634432795
210,1.338,-88.5074354387155
210,1.344,-88.7810038167238
210,1.35,-89.0700030976044
210,1.356,-89.3747420011904
210,1.362,-89.6955061614236
210,1.368,-90.0325619316493
210,1.374,-90.3861612259434
210,1.38,-90.7565473060725
210,1.386,-91.1439613911809
210,1.392,-91.5486499378397
210,1.398,-91.9708724101519
210,1.404,-92.4109093299164
210,1.41,-92.8690703599855
210,1.416,-93.3457021217089
210,1.422,-93.8411953677659
210,1.428,-94.3559910074731
210,1.434,-94.890584287719
210,1.44,-95.4455261323049
210,1.446,-96.0214201814247
210,1.452,-96.6189133708856
210,1.458,-97.2386768283654
210,1.464,-97.8813722669805
210,1.47,-98.5475966745778
210,1.476,-99.2377945877398
210,1.482,-99.952122173428
210,1.488,-100.690240286998
210,1.494,-101.451004492005
210,1.5,-102.232009654898
210,1.506,-103.028939038794
210,1.512,-103.834673400221
210,1.518,-104.638158026537
210,1.524,-105.423147718754
210,1.53,-106.167205607366
210,1.536,-106.841728379971
210,1.542,-107.414115528397
210,1.548,-107.852941494367
210,1.554,-108.135488780366
210,1.56,-108.25466677907
210,1.566,-108.22140813792
210,1.572,-108.060994480483
210,1.578,-107.805646579664
210,1.584,-107.487339710007
210,1.59,-107.133319517984
210,1.596,-106.764509594712
210,1.602,-106.395803122587
210,1.608,-106.037171011747
210,1.614,-105.69490973594
210,1.62,-105.37272376653
210,1.626,-105.072559605792
210,1.632,-104.795208034665
210,1.638,-104.54072242775
210,1.644,-104.308702141292
210,1.65,-104.09848109225
210,1.656,-103.909251347076
210,1.662,-103.740142800898
210,1.668,-103.590273438873
210,1.674,-103.458779980616
210,1.68,-103.344835469469
210,1.686,-103.247658167322
210,1.692,-103.166514631143
210,1.698,-103.100718847392
210,1.704,-103.049628624672
210,1.71,-103.012639984292
210,1.716,-102.98917996987
210,1.722,-102.978698071972
210,1.728,-102.980656299885
210,1.734,-102.994517808969
210,1.74,-103.019733895588
210,1.746,-103.055729095389
210,1.752,-103.101884062746
210,1.758,-103.157515872744
210,1.764,-103.221855380949
210,1.77,-103.294021316238
210,1.776,-103.372990892398
210,1.782,-103.457566939447
210,1.788,-103.546341920926
210,1.794,-103.637659773211
210,1.8,-103.729577334063
210,1.806,-103.819828264251
210,1.812,-103.905793810137
210,1.818,-103.98448642117
210,1.824,-104.05255389013
210,1.83,-104.106312881722
210,1.836,-104.141820777085
210,1.842,-104.154992843495
210,1.848,-104.141767068329
210,1.854,-104.098311306711
210,1.86,-104.02125744806
210,1.866,-103.907937248388
210,1.872,-103.756587576234
210,1.878,-103.566492412797
210,1.884,-103.338036781589
210,1.89,-103.072662697539
210,1.896,-102.772735130322
210,1.902,-102.441341460984
210,1.908,-102.082056636885
210,1.914,-101.698706684539
210,1.92,-101.295156903269
210,1.926,-100.875141177245
210,1.932,-100.442138756718
210,1.938,-99.9992968617284
210,1.944,-99.5493924590569
210,1.95,-99.0948243759396
210,1.956,-98.637626801274
210,1.962,-98.1794963352263
210,1.968,-97.7218263776635
210,1.974,-97.2657443250378
210,1.98,-96.8121485199617
210,1.986,-96.3617430691994
210,1.992,-95.9150695093412
210,1.998,-95.4725348963327
210,2.004,-95.0344362820741
210,2.01,-94.600981774054
210,2.016,-94.1723084994942
210,2.022,-93.7484978502283
210,2.028,-93.3295883951911
210,2.034,-92.9155868325312
210,2.04,-92.5064773253816
210,2.046,-92.1022295321837
210,2.052,-91.7028056089559
210,2.058,-91.3081664297626
210,2.064,-90.9182772441031
210,2.07,-90.5331129662974
210,2.076,-90.1526632716639
210,2.082,-89.7769376560758
210,2.088,-89.4059705970956
210,2.094,-89.0398269325519
210,2.1,-88.6786075399784
210,2.106,-88.3224553474509
210,2.112,-87.9715616156373
210,2.118,-87.6261722726376
210,2.124,-87.2865938063165
210,2.13,-86.9531977345719
210,2.136,-86.6264218266924
210,2.142,-86.3067647633559
210,2.148,-85.994768307839
210,2.154,-85.6909764345064
210,2.16,-85.3958526324735
210,2.166,-85.1096219148922
210,2.172,-84.8319778647056
210,2.178,-84.5615487799301
210,2.184,-84.2949376493906
210,2.19,-84.0250242074094
210,2.196,-83.7380507976518
210,2.202,-83.4089206686905
210,2.208,-82.994576178567
210,2.214,-82.4274901884187
210,2.22,-81.6166928658336
210,2.226,-80.4695241014438
210,2.232,-78.9388157848374
210,2.238,-77.0689846265762
210,2.244,-75.00199565865
210,2.25,-72.9425387783076
210,2.256,-71.1033643723372
210,2.262,-69.6335827218815
210,2.268,-68.5580701615262
210,2.274,-67.7891483642425
210,2.28,-67.1996309175025
210,2.286,-66.6820083139249
210,2.292,-66.1645467594106
210,2.298,-65.6037350654536
210,2.304,-64.9726336466266
210,2.31,-64.2519049577883
210,2.316,-63.4237908967597
210,2.322,-62.4677063648458
210,2.328,-61.3560204979273
210,2.334,-60.0484707878594
210,2.34,-58.4828111889728
210,2.346,-56.5567255980991
210,2.352,-54.0891776509401
210,2.358,-50.7367292390156
210,2.364,-45.9856029220884
210,2.37,-43.0255149064071
210,2.376,-47.7200140126553
210,2.382,-51.9303836824633
210,2.388,-54.9022706776387
210,2.394,-57.1370178876746
210,2.4,-58.912037825008
210,2.406,-60.377364143384
210,2.412,-61.6210172874984
210,2.418,-62.6985559592951
210,2.424,-63.6471564646553
210,2.43,-64.4928734795743
210,2.436,-65.2546596736195
210,2.442,-65.9467274851907
210,2.448,-66.5800073883869
210,2.454,-67.1630865638427
210,2.46,-67.7028348080232
210,2.466,-68.2048346943341
210,2.472,-68.6736850315674
210,2.478,-69.11321987714
210,2.484,-69.5266698070835
210,2.49,-69.9167827967778
210,2.496,-70.2859162759127
210,2.502,-70.6361082362258
210,2.508,-70.9691328682369
210,2.514,-71.2865446026571
210,2.52,-71.5897133446142
210,2.526,-71.8798529365646
210,2.532,-72.1580443568473
210,2.538,-72.4252547833634
210,2.544,-72.6823533787522
210,2.55,-72.9301244533018
210,2.556,-73.1692785134626
210,2.562,-73.4004615926154
210,2.568,-73.6242631765513
210,2.574,-73.841222971759
210,2.58,-74.0518367149919
210,2.586,-74.2565611840025
210,2.592,-74.4558185390989
210,2.598,-74.6500001013111
210,2.604,-74.8394696539921
210,2.61,-75.0245663394977
210,2.616,-75.2056072103797
210,2.622,-75.3828894846297
210,2.628,-75.556692546456
210,2.634,-75.727279727479
210,2.64,-75.8948998977939
210,2.646,-76.0597888918567
210,2.652,-76.2221707904017
210,2.658,-76.3822590764689
210,2.664,-76.5402576809761
210,2.67,-76.6963619310373
210,2.676,-76.8507594123145
210,2.682,-77.0036307550394
210,2.688,-77.1551503519075
210,2.694,-77.3054870147715
210,2.7,-77.4548045759201
210,2.706,-77.6032624386758
210,2.712,-77.7510160810599
210,2.718,-77.8982175153109
210,2.724,-78.0450157050888
210,2.73,-78.1915569412038
210,2.736,-78.3379851756492
210,2.742,-78.484442312551
210,2.748,-78.6310684533218
210,2.754,-78.7780020917673
210,2.76,-78.9253802530779
210,2.766,-79.0733385684455
210,2.772,-79.2220112743902
210,2.778,-79.3715311226092
210,2.784,-79.5220291821157
210,2.79,-79.6736345103973
210,2.796,-79.8264736640252
210,2.802,-79.9806700112226
210,2.808,-80.1363427989353
210,2.814,-80.2936059143389
210,2.82,-80.4525662647637
210,2.826,-80.6133216797852
210,2.832,-80.7759582135251
210,2.838,-80.9405466925703
210,2.844,-81.1071383134434
210,2.85,-81.2757590409392
210,2.856,-81.4464024920277
210,2.862,-81.6190209060048
210,2.868,-81.793513696264
210,2.874,-81.9697129482197
210,2.88,-82.1473650675334
210,2.886,-82.3261075900247
210,2.892,-82.505439939806
210,2.898,-82.6846866721151
210,2.904,-82.8629514812326
210,2.91,-83.0390600326557
210,2.916,-83.2114895691815
210,2.922,-83.3782833756834
210,2.928,-83.5369487815025
210,2.934,-83.6843387529576
210,2.94,-83.8165197152767
210,2.946,-83.9286325435737
210,2.952,-84.0147600763185
210,2.958,-84.0678229533679
210,2.964,-84.0795348455811
210,2.97,-84.040455006238
210,2.976,-83.9401747368122
210,2.982,-83.7676572046543
210,2.988,-83.5117110842835
210,2.994,-83.1615195939861
210,3,-82.7070831263343
210,3.006,-82.1393930166321
210,3.012,-81.4501605310826
210,3.018,-80.6309800357199
210,3.024,-79.6718784635132
210,3.03,-78.5592548941947
210,3.036,-77.2732518384314
210,3.042,-75.7848138821777
210,3.048,-74.0539628075569
210,3.054,-72.0370887467139
210,3.06,-69.7398445004604
210,3.066,-67.4569539884865
210,3.072,-66.2985365309321
210,3.078,-67.2956501713746
210,3.084,-69.4311606569655
210,3.09,-71.598310753539
210,3.096,-73.5078009008263
210,3.102,-75.1619745389309
210,3.108,-76.6136891617403
210,3.114,-77.9129873440678
210,3.12,-79.0995277496557
210,3.126,-80.2039227380174
210,3.132,-81.250149357645
210,3.138,-82.2575723702197
210,3.144,-83.2424569561437
210,3.15,-84.2190901506095
210,3.156,-85.2006383752609
210,3.162,-86.1998353378071
210,3.168,-87.2295571029425
210,3.174,-88.3032956719707
210,3.18,-89.4354631813229
210,3.186,-90.6412805938409
210,3.192,-91.9355621008554
210,3.198,-93.3285825812199
210,3.204,-94.8144716281573
210,3.21,-96.3420580533736
210,3.216,-97.7551242167067
210,3.222,-98.7317422928972
210,3.228,-98.9027539214666
210,3.234,-98.2247985140991
210,3.24,-97.0368748885362
210,3.246,-95.6907203174963
210,3.252,-94.3730277760954
210,3.258,-93.1512786250379
210,3.264,-92.0390775070901
210,3.27,-91.030356557389
210,3.276,-90.1133957288868
210,3.282,-89.2759844531112
210,3.288,-88.5071074574358
210,3.294,-87.7973326627178
210,3.3,-87.1387439495729
210,3.306,-86.5247388984199
210,3.312,-85.9498092085005
210,3.318,-85.4093432770806
210,3.324,-84.8994606342217
210,3.33,-84.4168771763359
210,3.336,-83.9587968368921
210,3.342,-83.5228248520496
210,3.348,-83.106898273635
210,3.354,-82.7092301250913
210,3.36,-82.3282643183211
210,3.366,-81.9626390658127
210,3.372,-81.6111570200042
210,3.378,-81.2727607628049
210,3.384,-80.9465125714361
210,3.39,-80.6315776206734
210,3.396,-80.3272099618182
210,3.402,-80.0327407578027
210,3.408,-79.7475683614798
210,3.414,-79.4711499077906
210,3.42,-79.202994155803
210,3.426,-78.9426553678358
210,3.432,-78.6897280532726
210,3.438,-78.4438424366818
210,3.444,-78.2046605353558
210,3.45,-77.9718727518009
210,3.456,-77.745194903138
210,3.462,-77.5243656226547
210,3.468,-77.3091440795405
210,3.474,-77.0993079716435
210,3.48,-76.8946517533019
210,3.486,-76.6949850662462
210,3.492,-76.5001313464791
210,3.498,-76.3099265841158
210,3.504,-76.1242182165602
210,3.51,-75.9428641382357
210,3.516,-75.765731812468
210,3.522,-75.5926974731255
210,3.528,-75.4236454053189
210,3.534,-75.2584672958964
210,3.54,-75.0970616456965
210,3.546,-74.9393332365599
210,3.552,-74.7851926469955
210,3.558,-74.6345558111619
210,3.564,-74.4873436164822
210,3.57,-74.3434815357807
210,3.576,-74.2028992903199
210,3.582,-74.065530540545
210,3.588,-73.9313126017117
210,3.594,-73.8001861819002
210,3.6,-73.6720951401968
240,1.2,-86.9975793032885
240,1.206,-86.9750709930675
240,1.212,-86.9532653516602
240,1.218,-86.932348106991
240,1.224,-86.9125331730068
240,1.23,-86.8940664786842
240,1.236,-86.8772302420192
240,1.242,-86.8623477138646
240,1.248,-86.8497884071411
240,1.254,-86.8399738126289
240,1.26,-86.8333835817979
240,1.266,-86.8305621283184
240,1.272,-86.8321255612201
240,1.278,-86.838768812436
240,1.284,-86.8512727582378
240,1.29,-86.8705110572056
240,1.296,-86.8974563375496
240,1.302,-86.9331852666958
240,1.308,-86.9788819320636
240,1.314,-87.0358388641005
240,1.32,-87.1054549561312
240,1.326,-87.1892295010017
240,1.332,-87.2887515970216
240,1.338,-87.4056843025772
240,1.344,-87.5417431647041
240,1.35,-87.698669126947
240,1.356,-87.8781963328528
240,1.362,-88.082015953532
240,1.368,-88.3117378189195
240,1.374,-88.5688522300908
240,1.38,-88.854694762186
240,1.386,-89.1704170238328
240,1.392,-89.5169661385879
240,1.398,-89.8950751318633
240,1.404,-90.3052654894263
240,1.41,-90.7478620148232
240,1.416,-91.2230189097688
240,1.422,-91.7307548930332
240,1.428,-92.2709942774371
240,1.434,-92.8436102820986
240,1.44,-93.4484664127833
240,1.446,-94.0854513425367
240,1.452,-94.7545021180757
240,1.458,-95.4556093589867
240,1.464,-96.1887959463814
240,1.47,-96.9540568985018
240,1.476,-97.7512418735319
240,1.482,-98.5798519625139
240,1.488,-99.438708010137
240,1.494,-100.325428195204
240,1.5,-101.235630602142
240,1.506,-102.161763533784
240,1.512,-103.091495392325
240,1.518,-104.005741657031
240,1.524,-104.876794372292
240,1.53,-105.667747945762
240,1.536,-106.335235832402
240,1.542,-106.837300730385
240,1.548,-107.145414680811
240,1.554,-107.254946935302
240,1.56,-107.186976768901
240,1.566,-106.980069588108
240,1.572,-106.677927898332
240,1.578,-106.319785101767
240,1.584,-105.936069797712
240,1.59,-105.548114127524
240,1.596,-105.169759153692
240,1.602,-104.809366211526
240,1.608,-104.47156288715
240,1.614,-104.158550746234
240,1.62,-103.871013026737
240,1.626,-103.608717770746
240,1.632,-103.370907771648
240,1.638,-103.156547759204
240,1.644,-102.964478309625
240,1.65,-102.793509679001
240,1.656,-102.642477288083
240,1.662,-102.510272890369
240,1.668,-102.395860418092
240,1.674,-102.298282243624
240,1.68,-102.216659498394
240,1.686,-102.15018874418
240,1.692,-102.098136423217
240,1.698,-102.059831950812
240,1.704,-102.034659946257
240,1.71,-102.022051853972
240,1.716,-102.021477041542
240,1.722,-102.032433345574
240,1.728,-102.054436951394
240,1.734,-102.087011426771
240,1.74,-102.129675676135
240,1.746,-102.181930536681
240,1.752,-102.243243701101
240,1.758,-102.313032626299
240,1.764,-102.390645079983
240,1.77,-102.475336998686
240,1.776,-102.566247398865
240,1.782,-102.662370221663
240,1.788,-102.762523234687
240,1.794,-102.865314501925
240,1.8,-102.969107512336
240,1.806,-103.071986872757
240,1.812,-103.171727546876
240,1.818,-103.265771937408
240,1.824,-103.351220553477
240,1.83,-103.42484333124
240,1.836,-103.483119453808
240,1.842,-103.522313135241
240,1.848,-103.53859059175
240,1.854,-103.52817876354
240,1.86,-103.487559233893
240,1.866,-103.41368210417
240,1.872,-103.304176325177
240,1.878,-103.157527943225
240,1.884,-102.973198492596
240,1.89,-102.751663452044
240,1.896,-102.494363945327
240,1.902,-102.203580115761
240,1.908,-101.882247403224
240,1.914,-101.533743905273
240,1.92,-101.161677055201
240,1.926,-100.769692318346
240,1.932,-100.361318176045
240,1.938,-99.9398530715283
240,1.944,-99.5082931182952
240,1.95,-99.0692949886525
240,1.956,-98.6251663922901
240,1.962,-98.1778763325236
240,1.968,-97.7290781913945
240,1.974,-97.2801400503947
240,1.98,-96.8321780927544
240,1.986,-96.3860902251894
240,1.992,-95.942588103864
240,1.998,-95.5022265362973
240,2.004,-95.0654297865056
240,2.01,-94.632514679884
240,2.016,-94.2037106336174
240,2.022,-93.779176868337
240,2.028,-93.3590171195663
240,2.034,-92.9432921873267
240,2.04,-92.5320306562278
240,2.046,-92.1252380981125
240,2.052,-91.7229050424799
240,2.058,-91.3250139711304
240,2.064,-90.931545565396
240,2.07,-90.5424844080421
240,2.076,-90.1578243174062
240,2.082,-89.7775734674678
240,2.088,-89.4017594219794
240,2.094,-89.03043417947
240,2.1,-88.6636792821648
240,2.106,-88.3016109745599
240,2.112,-87.9443852881366
240,2.118,-87.5922027466347
240,2.124,-87.2453120791151
240,2.13,-86.9040118063722
240,2.136,-86.5686476759415
240,2.142,-86.239602393845
240,2.148,-85.9172714674285
240,2.154,-85.6020144055817
240,2.16,-85.2940625618034
240,2.166,-84.9933510016095
240,2.172,-84.6992175751027
240,2.178,-84.4098708696151
240,2.184,-84.1214601754379
240,2.19,-83.8264771634321
240,2.196,-83.5110968492614
240,2.202,-83.1510394016576
240,2.208,-82.7060051268481
240,2.214,-82.1146427745842
240,2.22,-81.296346833099
240,2.226,-80.1704211550825
240,2.232,-78.6962767481468
240,2.238,-76.9140935279691
240,2.244,-74.9533017880415
240,2.25,-73.0026569397777
240,2.256,-71.2564002171867
240,2.262,-69.8462835459169
240,2.268,-68.7915665188373
240,2.274,-68.0139526805183
240,2.28,-67.400892034102
240,2.286,-66.8557380207473
240,2.292,-66.3122507349881
240,2.298,-65.7289396463286
240,2.304,-65.0792735582081
240,2.31,-64.3437666919369
240,2.316,-63.5044498246358
240,2.322,-62.5406963134142
240,2.328,-61.4251660423
240,2.334,-60.1184518352761
240,2.34,-58.5602267169971
240,2.346,-56.652425982509
240,2.352,-54.2243221628936
240,2.358,-50.9615864097235
240,2.364,-46.4299525234782
240,2.37,-43.380448360059
240,2.376,-47.5946372837109
240,2.382,-51.7558153898169
240,2.388,-54.7320808318027
240,2.394,-56.9738748929799
240,2.4,-58.7537662814827
240,2.406,-60.221858233436
240,2.412,-61.4667118165944
240,2.418,-62.5443366647769
240,2.424,-63.4922324824876
240,2.43,-64.3366806101336
240,2.436,-65.0967938394959
240,2.442,-65.78689966645
240,2.448,-66.4180128742917
240,2.454,-66.9987836613143
240,2.46,-67.5361298517303
240,2.466,-68.0356713192309
240,2.472,-68.5020363774202
240,2.478,-68.9390828441682
240,2.484,-69.3500607699062
240,2.49,-69.737734371097
240,2.496,-70.1044748560181
240,2.502,-70.452332104381
240,2.508,-70.7830907335664
240,2.514,-71.0983144662787
240,2.52,-71.3993816152097
240,2.526,-71.6875137400942
240,2.532,-71.9637989981494
240,2.538,-72.2292113276005
240,2.544,-72.4846263281744
240,2.55,-72.7308345003824
240,2.556,-72.9685523556361
240,2.562,-73.1984317970089
240,2.568,-73.4210680854974
240,2.574,-73.6370066417167
240,2.58,-73.8467488829113
240,2.586,-74.0507572562579
240,2.592,-74.2494595989516
240,2.598,-74.4432529315098
240,2.604,-74.6325067716088
240,2.61,-74.8175660404697
240,2.616,-74.9987536214961
240,2.622,-75.1763726208918
240,2.628,-75.3507083718576
240,2.634,-75.5220302173096
240,2.64,-75.6905931005684
240,2.646,-75.8566389889224
240,2.652,-76.0203981511726
240,2.658,-76.1820903070791
240,2.664,-76.341925663939
240,2.67,-76.5001058532291
240,2.676,-76.6568247782715
240,2.682,-76.8122693821592
240,2.688,-76.9666203436653
240,2.694,-77.1200527074901
240,2.7,-77.2727364539595
240,2.706,-77.4248370121094
240,2.712,-77.5765157189664
240,2.718,-77.7279302267065
240,2.724,-77.8792348582291
240,2.73,-78.0305809104573
240,2.736,-78.18211690336
240,2.742,-78.3339887712029
240,2.748,-78.4863399908531
240,2.754,-78.6393116399925
240,2.76,-78.7930423757771
240,2.766,-78.9476683217139
240,2.772,-79.1033228471875
240,2.778,-79.260136220025
240,2.784,-79.4182351075509
240,2.79,-79.5777418955396
240,2.796,-79.7387737870487
240,2.802,-79.9014416339778
240,2.808,-80.0658484429281
240,2.814,-80.2320874830478
240,2.82,-80.400239906409
240,2.826,-80.5703717703579
240,2.832,-80.7425303253306
240,2.838,-80.916739399844
240,2.844,-81.0929936756274
240,2.85,-81.2712515989865
240,2.856,-81.4514266183462
240,2.862,-81.6333763716691
240,2.868,-81.8168893708692
240,2.874,-82.0016686445567
240,2.88,-82.1873117088967
240,2.886,-82.373286146445
240,2.892,-82.558899998342
240,2.898,-82.7432661398408
240,2.904,-82.9252598510055
240,2.91,-83.1034689719361
240,2.916,-83.276136429474
240,2.922,-83.441095653868
240,2.928,-83.5957006083481
240,2.934,-83.7367539747634
240,2.94,-83.8604395681034
240,2.946,-83.9622682348421
240,2.952,-84.0370499567304
240,2.958,-84.0789077545915
240,2.964,-84.0813497239368
240,2.97,-84.0374120068552
240,2.976,-83.9398755582996
240,2.982,-83.7815422272383
240,2.988,-83.5555327414154
240,2.994,-83.2555462131462
240,3,-82.8760060311662
240,3.006,-82.4120176070125
240,3.012,-81.8590802326989
240,3.018,-81.2125197031277
240,3.024,-80.4666241700912
240,3.03,-79.6134547482251
240,3.036,-78.6412492986033
240,3.042,-77.5322303289107
240,3.048,-76.2594590369811
240,3.054,-74.7821920488622
240,3.06,-73.039422956368
240,3.066,-70.9448460906559
240,3.072,-68.4127733267575
240,3.078,-65.6124457614522
240,3.084,-64.0598885173267
240,3.09,-65.6938266928408
240,3.096,-68.6036571842815
240,3.102,-71.2623437481331
240,3.108,-73.5017348919987
240,3.114,-75.4141077832629
240,3.12,-77.0937380497547
240,3.126,-78.6104683677825
240,3.132,-80.014803568873
240,3.138,-81.3444703602846
240,3.144,-82.6291250665775
240,3.15,-83.8935241098479
240,3.156,-85.1597203373665
240,3.162,-86.4486727101117
240,3.168,-87.7814677786515
240,3.174,-89.180131831887
240,3.18,-90.6675907194113
240,3.186,-92.2652384945025
240,3.192,-93.9835070534496
240,3.198,-95.7927879564917
240,3.204,-97.5483299924414
240,3.21,-98.8707955342765
240,3.216,-99.2296240376007
240,3.222,-98.5199687156211
240,3.228,-97.2180353492973
240,3.234,-95.7840177019949
240,3.24,-94.4252773011727
240,3.246,-93.1991909875441
240,3.252,-92.1070900454241
240,3.258,-91.1341292943558
240,3.264,-90.2629698722698
240,3.27,-89.4778811421482
240,3.276,-88.7656282238347
240,3.282,-88.1153576946464
240,3.288,-87.5182274643153
240,3.294,-86.9670220331137
240,3.3,-86.4558214521758
240,3.306,-85.9797345190692
240,3.312,-85.5346891367272
240,3.318,-85.1172689892571
240,3.324,-84.7245863649318
240,3.33,-84.3541827719377
240,3.336,-84.0039508328479
240,3.342,-83.6720724907654
240,3.348,-83.3569697718033
240,3.354,-83.0572652687627
240,3.36,-82.7717502004031
240,3.366,-82.4993584150995
240,3.372,-82.2391450915932
240,3.378,-81.9902691769934
240,3.384,-81.7519788184532
240,3.39,-81.5235992085844
240,3.396,-81.304522389274
240,3.402,-81.0941986540469
240,3.408,-80.8921292627625
240,3.414,-80.6978602396088
240,3.42,-80.5109770700174
240,3.426,-80.3311001472326
240,3.432,-80.1578808470317
240,3.438,-79.9909981311734
240,3.444,-79.8301555978096
240,3.45,-79.6750789113007
240,3.456,-79.5255135553479
240,3.462,-79.3812228626795
240,3.468,-79.2419862821399
240,3.474,-79.1075978502632
240,3.48,-78.9778648395558
240,3.486,-78.8526065599567
240,3.492,-78.7316532934753
240,3.498,-78.614845344945
240,3.504,-78.5020321942944
240,3.51,-78.3930717378013
240,3.516,-78.2878296075398
240,3.522,-78.1861785597025
240,3.528,-78.0879979237274
240,3.534,-77.9931731052257
240,3.54,-77.9015951366126
240,3.546,-77.8131602701191
240,3.552,-77.7277696085329
240,3.558,-77.6453287695878
240,3.564,-77.5657475804184
240,3.57,-77.4889397989243
240,3.576,-77.4148228592619
240,3.582,-77.3433176390027
240,3.588,-77.2743482457808
240,3.594,-77.2078418214977
240,3.6,-77.1437283623673
270,1.2,-78.1719378274029
270,1.206,-77.7266856861852
270,1.212,-77.2396804137619
270,1.218,-76.7049443051535
270,1.224,-76.1155295078534
270,1.23,-75.4635264218343
270,1.236,-74.7403507711864
270,1.242,-73.9377252923315
270,1.248,-73.0503187160554
270,1.254,-72.0822031915652
270,1.26,-71.0615356047667
270,1.266,-70.069867006237
270,1.272,-69.2831025068571
270,1.278,-68.970203509198
270,1.284,-69.3425421544031
270,1.29,-70.3474662178332
270,1.296,-71.7260333581279
270,1.302,-73.2353789635475
270,1.308,-74.7380364313936
270,1.314,-76.176575554657
270,1.32,-77.5345258875231
270,1.326,-78.8129472409916
270,1.332,-80.019373479512
270,1.338,-81.1630888399918
270,1.344,-82.2532538044039
270,1.35,-83.2982515171547
270,1.356,-84.3055400172732
270,1.362,-85.2817032378044
270,1.368,-86.2325706676556
270,1.374,-87.1633521068547
270,1.38,-88.0787670802366
270,1.386,-88.9831627452872
270,1.392,-89.8806201610418
270,1.398,-90.7750512368885
270,1.404,-91.6702896271604
270,1.41,-92.5701792160931
270,1.416,-93.47866407726
270,1.422,-94.3998840903241
270,1.428,-95.3382808392192
270,1.434,-96.2987189988871
270,1.44,-97.2866290169512
270,1.446,-98.3081771105822
270,1.452,-99.370467353923
270,1.458,-100.481775190308
270,1.464,-101.651795150378
270,1.47,-102.891840294952
270,1.476,-104.214811487313
270,1.482,-105.634442068219
270,1.488,-107.162507442239
270,1.494,-108.800607974876
270,1.5,-110.518385776856
270,1.506,-112.203554298674
270,1.512,-113.586139973999
270,1.518,-114.263464931352
270,1.524,-114.034048944303
270,1.53,-113.151134494139
270,1.536,-112.012737455919
270,1.542,-110.865628890579
270,1.548,-109.807912015103
270,1.554,-108.864370028487
270,1.56,-108.031932369197
270,1.566,-107.298977701494
270,1.572,-106.652524334936
270,1.578,-106.080633095242
270,1.584,-105.573026079442
270,1.59,-105.121076703715
270,1.596,-104.717606044665
270,1.602,-104.356644816133
270,1.608,-104.033215065007
270,1.614,-103.743145920186
270,1.62,-103.482923373397
270,1.626,-103.249569545335
270,1.632,-103.040546073126
270,1.638,-102.853676725672
270,1.644,-102.687085169057
270,1.65,-102.539144615966
270,1.656,-102.408436789563
270,1.662,-102.293718193835
270,1.668,-102.193892121663
270,1.674,-102.107985170375
270,1.68,-102.035127293169
270,1.686,-101.974534611733
270,1.692,-101.925494364946
270,1.698,-101.887351481923
270,1.704,-101.859496353552
270,1.71,-101.841353441671
270,1.716,-101.832370414473
270,1.722,-101.832007534808
270,1.728,-101.839727058573
270,1.734,-101.854982426807
270,1.74,-101.877207060947
270,1.746,-101.905802599982
270,1.752,-101.940126455402
270,1.758,-101.979478610433
270,1.764,-102.023087660401
270,1.77,-102.070096188646
270,1.776,-102.11954570531
270,1.782,-102.170361552379
270,1.788,-102.221338403764
270,1.794,-102.271127265586
270,1.8,-102.318225202658
270,1.806,-102.360969362072
270,1.812,-102.397537194163
270,1.818,-102.425955020165
270,1.824,-102.444117173194
270,1.83,-102.449817731769
270,1.836,-102.440796256141
270,1.842,-102.414797839362
270,1.848,-102.369646184723
270,1.854,-102.303326432283
270,1.86,-102.214072350929
270,1.866,-102.100450707441
270,1.872,-101.961434608661
270,1.878,-101.796457807637
270,1.884,-101.605443559069
270,1.89,-101.388804446577
270,1.896,-101.147413174653
270,1.902,-100.88254788961
270,1.908,-100.595818434126
270,1.914,-100.2890815386
270,1.92,-99.9643531511892
270,1.926,-99.6237250960258
270,1.932,-99.2692914454706
270,1.938,-98.9030878859544
270,1.944,-98.5270453667492
270,1.95,-98.1429577188872
270,1.956,-97.7524618309508
270,1.962,-97.3570283574995
270,1.968,-96.9579607266657
270,1.974,-96.5564002891326
270,1.98,-96.1533356983096
270,1.986,-95.7496149394143
270,1.992,-95.3459587685877
270,1.998,-94.9429746421902
270,2.004,-94.5411704907369
270,2.01,-94.1409679147516
270,2.016,-93.7427145527192
270,2.022,-93.3466955002831
270,2.028,-92.9531437525466
270,2.034,-92.5622497056273
270,2.04,-92.1741697965759
270,2.046,-91.789034388374
270,2.052,-91.406955023824
270,2.058,-91.0280311824517
270,2.064,-90.652356680888
270,2.07,-90.2800258615323
270,2.076,-89.9111397179177
270,2.082,-89.5458121086141
270,2.088,-89.1841762144209
270,2.094,-88.8263913944949
270,2.1,-88.4726505925498
270,2.106,-88.1231884277454
270,2.112,-87.7782900642407
270,2.118,-87.4383008666209
270,2.124,-87.1036366759645
270,2.13,-86.7747942117653
270,2.136,-86.4523604887206
270,2.142,-86.1370189976416
270,2.148,-85.8295482993638
270,2.154,-85.5308048053703
270,2.16,-85.2416743394975
270,2.166,-84.9629637033921
270,2.172,-84.6951784595116
270,2.178,-84.4380864017979
270,2.184,-84.1898798643457
270,2.19,-83.9455964719888
270,2.196,-83.694210448917
270,2.202,-83.4135101071097
270,2.208,-83.0619212710667
270,2.214,-82.5682610060119
270,2.22,-81.827025804554
270,2.226,-80.7180621110357
270,2.232,-79.165872452059
270,2.238,-77.2082315033822
270,2.244,-75.0101204518494
270,2.25,-72.8165175589049
270,2.256,-70.8815173030965
270,2.262,-69.3775911826023
270,2.268,-68.3202735178914
270,2.274,-67.5926238401036
270,2.28,-67.0437482354135
270,2.286,-66.5564281049363
270,2.292,-66.0580468124586
270,2.298,-65.5072620937079
270,2.304,-64.8795874247335
270,2.31,-64.1575822229618
270,2.316,-63.3247271498855
270,2.322,-62.3610927257727
270,2.328,-61.2391618236491
270,2.334,-59.9181423293003
270,2.34,-58.3341906828999
270,2.346,-56.3810075999811
270,2.352,-53.8667168374688
270,2.358,-50.4111846520356
270,2.364,-45.3417936908053
270,2.37,-42.1197154888042
270,2.376,-47.4382161264461
270,2.382,-51.7749490474444
270,2.388,-54.7702694683321
270,2.394,-57.007582704646
270,2.4,-58.7794192570442
270,2.406,-60.2397093050669
270,2.412,-61.4777252744509
270,2.418,-62.5494876559683
270,2.424,-63.4923576410641
270,2.43,-64.3324666291912
270,2.436,-65.0887986128667
270,2.442,-65.7755775085818
270,2.448,-66.4037365440296
270,2.454,-66.9818620003494
270,2.46,-67.516821502493
270,2.466,-68.0141953092733
270,2.472,-68.4785802985535
270,2.478,-68.9138092116984
270,2.484,-69.323112008934
270,2.49,-69.7092367645523
270,2.496,-70.0745417036016
270,2.502,-70.4210662781688
270,2.508,-70.7505867694509
270,2.514,-71.064660296256
270,2.52,-71.3646600204094
270,2.526,-71.6518035858944
270,2.532,-71.9271762989401
270,2.538,-72.1917501784564
270,2.544,-72.4463997329556
270,2.55,-72.6919151199302
270,2.556,-72.9290131952901
270,2.562,-73.1583468492926
270,2.568,-73.3805129412485
270,2.574,-73.596059080985
270,2.58,-73.8054894554776
270,2.586,-74.009269860536
270,2.592,-74.2078320672473
270,2.598,-74.4015776290713
270,2.604,-74.590881216569
270,2.61,-74.7760935516216
270,2.616,-74.9575440008429
270,2.622,-75.1355428780456
270,2.628,-75.3103834976356
270,2.634,-75.4823440142669
270,2.64,-75.6516890787356
270,2.646,-75.8186713356678
270,2.652,-75.9835327849008
270,2.658,-76.1465060254178
270,2.664,-76.3078153981659
270,2.67,-76.4676780419679
270,2.676,-76.6263048749591
270,2.682,-76.783901512485
270,2.688,-76.9406691311245
270,2.694,-77.0968052874237
270,2.7,-77.2525046989967
270,2.706,-77.4079599948389
270,2.712,-77.5633624409809
270,2.718,-77.7189026469526
270,2.724,-77.8747712579045
270,2.73,-78.0311596366089
270,2.736,-78.1882605389073
270,2.742,-78.3462687854358
270,2.748,-78.5053819315941
270,2.754,-78.6658009366602
270,2.76,-78.8277308315993
270,2.766,-78.9913813833592
270,2.772,-79.1569677511304
270,2.778,-79.3247111269613
270,2.784,-79.4948393489875
270,2.79,-79.6675874699689
270,2.796,-79.8431982563134
270,2.802,-80.0219225825937
270,2.808,-80.2040196727582
270,2.814,-80.3897571204617
270,2.82,-80.5794105953514
270,2.826,-80.7732631071784
270,2.832,-80.9716036517256
270,2.838,-81.1747249968225
270,2.844,-81.3829202763121
270,2.85,-81.5964779352435
270,2.856,-81.8156743976098
270,2.862,-82.0407635904936
270,2.868,-82.2719621307575
270,2.874,-82.5094285291727
270,2.88,-82.7532341486705
270,2.886,-83.0033228140197
270,2.892,-83.2594548476679
270,2.898,-83.5211298423779
270,2.904,-83.7874806509532
270,2.91,-84.0571289533751
270,2.916,-84.3279906686388
270,2.922,-84.5970182302612
270,2.928,-84.859868104999
270,2.934,-85.1104892590184
270,2.94,-85.3406471516189
270,2.946,-85.5394358875931
270,2.952,-85.6928949116474
270,2.958,-85.7839318799428
270,2.964,-85.7928269145451
270,2.97,-85.6985758041717
270,2.976,-85.4811136652273
270,2.982,-85.1240120750039
270,2.988,-84.6167488025718
270,2.994,-83.9555076377321
270,3,-83.1419392608998
270,3.006,-82.1801431820733
270,3.012,-81.0726838710459
270,3.018,-79.8163340330966
270,3.024,-78.3975573679584
270,3.03,-76.7867606564553
270,3.036,-74.9289142111769
270,3.042,-72.7251821484543
270,3.048,-69.9926591613167
270,3.054,-66.3741202530788
270,3.06,-61.3173382070494
270,3.066,-58.3320249869618
270,3.072,-63.1482428952574
270,3.078,-67.271964611624
270,3.084,-70.1724196023665
270,3.09,-72.3696409375344
270,3.096,-74.1411792752053
270,3.102,-75.6362164471273
270,3.108,-76.9422309270582
270,3.114,-78.1145529431021
270,3.12,-79.1903546364204
270,3.126,-80.1958308931803
270,3.132,-81.1501405062648
270,3.138,-82.0676728932482
270,3.144,-82.959374351157
270,3.15,-83.8334923839071
270,3.156,-84.6959106791605
270,3.162,-85.5501451960252
270,3.168,-86.3970107579068
270,3.174,-87.2339352363788
270,3.18,-88.0539063209658
270,3.186,-88.8441239425831
270,3.192,-89.58466946708
270,3.198,-90.2479487776254
270,3.204,-90.8002070901785
270,3.21,-91.2064884817686
270,3.216,-91.4390570061857
270,3.222,-91.4863654360035
270,3.228,-91.3575516357472
270,3.234,-91.0794468126258
270,3.24,-90.688157673725
270,3.246,-90.2202262269827
270,3.252,-89.7069186072202
270,3.258,-89.1721463437775
270,3.264,-88.6327852859112
270,3.27,-88.1000161293323
270,3.276,-87.5808217070548
270,3.282,-87.0792651941643
270,3.288,-86.5974574851144
270,3.294,-86.1362432267057
270,3.3,-85.6956690808629
270,3.306,-85.2752957411795
270,3.312,-84.8744023733859
270,3.318,-84.4921187132719
270,3.324,-84.1275091884281
270,3.33,-83.7796255003245
270,3.336,-83.447538603954
270,3.342,-83.1303573101672
270,3.348,-82.8272382658059
270,3.354,-82.537390434887
270,3.36,-82.260076129143
270,3.366,-81.9946099285175
270,3.372,-81.7403563659642
270,3.378,-81.4967269434035
270,3.384,-81.2631768427175
270,3.39,-81.0392015616857
270,3.396,-80.8243336164372
270,3.402,-80.6181393939546
270,3.408,-80.4202162002593
270,3.414,-80.2301895253979
270,3.42,-80.0477105307593
270,3.426,-79.8724537545851
270,3.432,-79.7041150257894
270,3.438,-79.542409573044
270,3.444,-79.3870703145924
270,3.45,-79.2378463138489
270,3.456,-79.0945013860925
270,3.462,-78.9568128422245
270,3.468,-78.8245703564374
270,3.474,-78.697574945626
270,3.48,-78.5756380493886
270,3.486,-78.4585807004605
270,3.492,-78.3462327763811
270,3.498,-78.2384323240826
270,3.504,-78.1350249499193
270,3.51,-78.0358632684088
270,3.516,-77.940806403645
270,3.522,-77.8497195379636
270,3.528,-77.7624735030014
270,3.534,-77.6789444087935
270,3.54,-77.5990133070074
270,3.546,-77.5225658848138
270,3.552,-77.449492186262
270,3.558,-77.3796863583499
270,3.564,-77.3130464192709
270,3.57,-77.2494740465824
270,3.576,-77.1888743832714
270,3.582,-77.1311558599044
270,3.588,-77.0762300312377
270,3.594,-77.0240114258284
270,3.6,-76.9744174073417
300,1.2,-76.4770909611252
300,1.206,-76.690703201229
300,1.212,-76.9300522143951
300,1.218,-77.1937404137992
300,1.224,-77.4801210842303
300,1.23,-77.7873770292454
300,1.236,-78.1135976775302
300,1.242,-78.4568493623669
300,1.248,-78.8152352090694
300,1.254,-79.1869428186317
300,1.26,-79.5702794485586
300,1.266,-79.9636955178919
300,1.272,-80.3657979707686
300,1.278,-80.7753553682949
300,1.284,-81.191296628844
300,1.29,-81.6127051974757
300,1.296,-82.0388101804704
300,1.302,-82.4689756955965
300,1.308,-82.9026894062654
300,1.314,-83.3395509536053
300,1.32,-83.7792607865406
300,1.326,-84.221609718919
300,1.332,-84.6664694119117
300,1.338,-85.1137838839797
300,1.344,-85.5635620833916
300,1.35,-86.0158715135142
300,1.356,-86.4708328734653
300,1.362,-86.9286156617425
300,1.368,-87.3894346845408
300,1.374,-87.853547410915
300,1.38,-88.3212521216904
300,1.386,-88.7928868066229
300,1.392,-89.268828773705
300,1.398,-89.7494949450355
300,1.404,-90.2353428248067
300,1.41,-90.7268721364114
300,1.416,-91.2246271371377
300,1.422,-91.7291996301282
300,1.428,-92.2412327038153
300,1.434,-92.7614252382352
300,1.44,-93.2905372243569
300,1.446,-93.8293959449562
300,1.452,-94.3789030604677
300,1.458,-94.940042625506
300,1.464,-95.5138900228164
300,1.47,-96.101621727359
300,1.476,-96.7045256810587
300,1.482,-97.3240118306633
300,1.488,-97.9616219945493
300,1.494,-98.6190375750637
300,1.5,-99.2980825470821
300,1.506,-100.000717338794
300,1.512,-100.729016186143
300,1.518,-101.485115463864
300,1.524,-102.271112005571
300,1.53,-103.088876307951
300,1.536,-103.939722377815
300,1.542,-104.823839267165
300,1.548,-105.739335008949
300,1.554,-106.680675567658
300,1.56,-107.636254547913
300,1.566,-108.584927890162
300,1.572,-109.491903947593
300,1.578,-110.305899152725
300,1.584,-110.961979060669
300,1.59,-111.39546671788
300,1.596,-111.565914492947
300,1.602,-111.47676876621
300,1.608,-111.17361325776
300,1.614,-110.72266000761
300,1.62,-110.187638597802
300,1.626,-109.617655200784
300,1.632,-109.045511802315
300,1.638,-108.490936469732
300,1.644,-107.96466939693
300,1.65,-107.47178435293
300,1.656,-107.013980225766
300,1.662,-106.591040325586
300,1.668,-106.201721501824
300,1.674,-105.844280683729
300,1.68,-105.516779309186
300,1.686,-105.217254359944
300,1.692,-104.943810224616
300,1.698,-104.694664003471
300,1.704,-104.468163719492
300,1.71,-104.262790997929
300,1.716,-104.077155047898
300,1.722,-103.909981949814
300,1.728,-103.760101555578
300,1.734,-103.626433288292
300,1.74,-103.507971513694
300,1.746,-103.403770785265
300,1.752,-103.312931042816
300,1.758,-103.234582713373
300,1.764,-103.167871589768
300,1.77,-103.111943327783
300,1.776,-103.065927397507
300,1.782,-103.028920345773
300,1.788,-102.999968275942
300,1.794,-102.97804853411
300,1.8,-102.962050715359
300,1.806,-102.950757280034
300,1.812,-102.942824308524
300,1.818,-102.936763231691
300,1.824,-102.930924754053
300,1.83,-102.92348662607
300,1.836,-102.912447386971
300,1.842,-102.895628625928
300,1.848,-102.870688594339
300,1.854,-102.83515000326
300,1.86,-102.786444389539
300,1.866,-102.721974371849
300,1.872,-102.639193351412
300,1.878,-102.53569979367
300,1.884,-102.409340423426
300,1.89,-102.258313981746
300,1.896,-102.081265304527
300,1.902,-101.877359063704
300,1.908,-101.646323988744
300,1.914,-101.388461717086
300,1.92,-101.104619023078
300,1.926,-100.796127054544
300,1.932,-100.464715280942
300,1.938,-100.112410307359
300,1.944,-99.7414302161381
300,1.95,-99.3540838745016
300,1.956,-98.952682272938
300,1.962,-98.5394661380677
300,1.968,-98.1165514015943
300,1.974,-97.6858919922421
300,1.98,-97.2492580036048
300,1.986,-96.8082265479547
300,1.992,-96.3641823995478
300,1.998,-95.9183256908386
300,2.004,-95.4716842931718
300,2.01,-95.0251289667371
300,2.016,-94.5793898197486
300,2.022,-94.1350730260349
300,2.028,-93.6926770918761
300,2.034,-93.2526082326562
300,2.04,-92.8151946232029
300,2.046,-92.3806994326616
300,2.052,-91.9493326567353
300,2.058,-91.5212618278289
300,2.064,-91.0966217262181
300,2.07,-90.6755232401463
300,2.076,-90.258061535183
300,2.082,-89.8443236969324
300,2.088,-89.4343960082376
300,2.094,-89.0283710124653
300,2.1,-88.6263544961335
300,2.106,-88.228472491624
300,2.112,-87.8348783435354
300,2.118,-87.4457597814373
300,2.124,-87.0613457639474
300,2.13,-86.6819125452953
300,2.136,-86.3077878617728
300,2.142,-85.9393511562653
300,2.148,-85.5770260211442
300,2.154,-85.22125793887
300,2.16,-84.8724648319849
300,2.166,-84.530937876375
300,2.172,-84.196651788998
300,2.178,-83.8689107535782
300,2.184,-83.5456970272722
300,2.19,-83.2224873096752
300,2.196,-82.8901416880221
300,2.202,-82.5312770546251
300,2.208,-82.1145253298679
300,2.214,-81.5870378963847
300,2.22,-80.8693686794422
300,2.226,-79.8646936888053
300,2.232,-78.4981302406629
300,2.238,-76.779494822075
300,2.244,-74.8413779855297
300,2.25,-72.9099020953865
300,2.256,-71.2168252119286
300,2.262,-69.8951830223807
300,2.268,-68.9315327447536
300,2.274,-68.2166525782489
300,2.28,-67.6292121386386
300,2.286,-67.079125284396
300,2.292,-66.510343492222
300,2.298,-65.8896344892241
300,2.304,-65.1957935198749
300,2.31,-64.41227755472
300,2.316,-63.5223689595328
300,2.322,-62.50544500485
300,2.328,-61.3330446323373
300,2.334,-59.9632474062309
300,2.34,-58.3308988911072
300,2.346,-56.328385226176
300,2.352,-53.7642810144519
300,2.358,-50.2758287588758
300,2.364,-45.3906138448485
300,2.37,-43.1829504307777
300,2.376,-48.0326411174514
300,2.382,-52.0679412111199
300,2.388,-54.9275141976696
300,2.394,-57.0877932333897
300,2.4,-58.8085208756461
300,2.406,-60.2314117285422
300,2.412,-61.4402869676716
300,2.418,-62.4883884025552
300,2.424,-63.4115126781199
300,2.43,-64.2348399035703
300,2.436,-64.9767392245594
300,2.442,-65.6510169210829
300,2.448,-66.2683106260524
300,2.454,-66.8369900513851
300,2.46,-67.363759429591
300,2.466,-67.8540726111094
300,2.472,-68.3124265346304
300,2.478,-68.7425734258838
300,2.484,-69.1476772992846
300,2.49,-69.5304314258773
300,2.496,-69.8931478957395
300,2.502,-70.2378268717396
300,2.508,-70.5662108243328
300,2.514,-70.8798274968715
300,2.52,-71.1800243025208
300,2.526,-71.4679961275303
300,2.532,-71.744808004195
300,2.538,-72.0114137513812
300,2.544,-72.2686714157618
300,2.55,-72.5173561527081
300,2.556,-72.7581710416696
300,2.562,-72.9917562227561
300,2.568,-73.2186966593122
300,2.574,-73.4395287686044
300,2.58,-73.6547461143861
300,2.586,-73.8648043174776
300,2.592,-74.0701253109967
300,2.598,-74.2711010435684
300,2.604,-74.4680967153044
300,2.61,-74.6614536164991
300,2.616,-74.8514916270232
300,2.622,-75.0385114246959
300,2.628,-75.2227964429976
300,2.634,-75.4046146119882
300,2.64,-75.5842199109244
300,2.646,-75.7618537566043
300,2.652,-75.9377462477259
300,2.658,-76.1121172823866
300,2.664,-76.2851775631555
300,2.67,-76.4571295018303
300,2.676,-76.6281680339576
300,2.682,-76.7984813513963
300,2.688,-76.9682515595671
300,2.694,-77.1376552645167
300,2.7,-77.3068640934849
300,2.706,-77.4760451512382
300,2.712,-77.6453614130042
300,2.718,-77.8149720533345
300,2.724,-77.9850327086047
300,2.73,-78.1556956690727
300,2.736,-78.3271099943809
300,2.742,-78.4994215440461
300,2.748,-78.6727729117327
300,2.754,-78.8473032488365
300,2.76,-79.0231479589997
300,2.766,-79.2004382404566
300,2.772,-79.3793004473905
300,2.778,-79.5598552345159
300,2.784,-79.7422164406046
300,2.79,-79.9264896562933
300,2.796,-80.1127704088224
300,2.802,-80.3011418808582
300,2.808,-80.4916720616537
300,2.814,-80.6844102058371
300,2.82,-80.8793824473162
300,2.826,-81.0765863823828
300,2.832,-81.2759843963081
300,2.838,-81.4774954609575
300,2.844,-81.6809850769932
300,2.85,-81.8862529736362
300,2.856,-82.0930181136319
300,2.862,-82.3009004852206
300,2.868,-82.5093991044241
300,2.874,-82.7178656133756
300,2.88,-82.9254728656445
300,2.886,-83.1311779712631
300,2.892,-83.3336794818432
300,2.898,-83.5313687981339
300,2.904,-83.7222765665472
300,2.91,-83.904015898676
300,2.916,-84.0737257927705
300,2.922,-84.2280202019798
300,2.928,-84.3629506966922
300,2.934,-84.473993282674
300,2.94,-84.556071968438
300,2.946,-84.6036319795647
300,2.952,-84.6107725901461
300,2.958,-84.5714419371259
300,2.964,-84.4796833437812
300,2.97,-84.3299059749967
300,2.976,-84.1171360162998
300,2.982,-83.8371938617749
300,2.988,-83.4867433750418
300,2.994,-83.0631726719035
300,3,-82.5642875145581
300,3.006,-81.9878184938584
300,3.012,-81.330750217714
300,3.018,-80.5884651002264
300,3.024,-79.7536482479425
300,3.03,-78.8148112007876
300,3.036,-77.7541293264141
300,3.042,-76.543965178365
300,3.048,-75.1407358016464
300,3.054,-73.472994336141
300,3.06,-71.4154539292431
300,3.066,-68.7229748147495
300,3.072,-64.8199945686217
300,3.078,-57.8703036887382
300,3.084,-53.8764637069517
300,3.09,-63.0980445363197
300,3.096,-67.9141711314252
300,3.102,-71.1249320320182
300,3.108,-73.5698883555825
300,3.114,-75.5781774072425
300,3.12,-77.3125553579671
300,3.126,-78.8662754723859
300,3.132,-80.298720108843
300,3.138,-81.6510424725164
300,3.144,-82.9539648127515
300,3.15,-84.2320707189663
300,3.156,-85.506359741787
300,3.162,-86.7958337219655
300,3.168,-88.1184019373974
300,3.174,-89.4910277052976
300,3.18,-90.9285196759796
300,3.186,-92.4393025716441
300,3.192,-94.0142004674552
300,3.198,-95.6003833376316
300,3.204,-97.0531452657613
300,3.21,-98.0958455925613
300,3.216,-98.4220231699306
300,3.222,-97.9808215997226
300,3.228,-97.0388270208813
300,3.234,-95.9053534905266
300,3.24,-94.7646563552478
300,3.246,-93.6936033133629
300,3.252,-92.71437192086
300,3.258,-91.8266822899869
300,3.264,-91.022461811911
300,3.27,-90.2917955149778
300,3.276,-89.6251469466551
300,3.282,-89.0140678384985
300,3.288,-88.4513195209529
300,3.294,-87.9307820415687
300,3.3,-87.4473016486291
300,3.306,-86.9965347607077
300,3.312,-86.5748086273151
300,3.318,-86.1790036246724
300,3.324,-85.8064563173239
300,3.33,-85.4548805202549
300,3.336,-85.1223032768919
300,3.342,-84.8070129337427
300,3.348,-84.507516928225
300,3.354,-84.2225073473124
300,3.36,-83.9508327026507
300,3.366,-83.6914746890073
300,3.372,-83.4435289509231
300,3.378,-83.2061890864977
300,3.384,-82.9787332774461
300,3.39,-82.7605130599755
300,3.396,-82.5509438492181
300,3.402,-82.3494969069502
300,3.408,-82.1556925028956
300,3.414,-81.9690940677152
300,3.42,-81.7893031736753
300,3.426,-81.6159552091514
300,3.432,-81.448715637236
300,3.438,-81.287276748092
300,3.444,-81.1313548303136
300,3.45,-80.9806876992254
300,3.456,-80.8350325303493
300,3.462,-80.6941639546995
300,3.468,-80.5578723794741
300,3.474,-80.4259625034128
300,3.48,-80.298252000804
300,3.486,-80.1745703520385
300,3.492,-80.0547578018723
300,3.498,-79.9386644292902
300,3.504,-79.8261493151534
300,3.51,-79.7170797957459
300,3.516,-79.6113307919653
300,3.522,-79.5087842052866
300,3.528,-79.4093283728011
300,3.534,-79.3128575746403
300,3.54,-79.2192715879452
300,3.546,-79.1284752822831
300,3.552,-79.0403782520408
300,3.558,-78.9548944818725
300,3.564,-78.8719420417476
300,3.57,-78.7914428085562
300,3.576,-78.713322211578
300,3.582,-78.637508999437
300,3.588,-78.5639350264241
300,3.594,-78.492535056313
300,3.6,-78.4232465819953
330,1.2,-88.8476072723479
330,1.206,-88.6368823276639
330,1.212,-88.4230710322581
330,1.218,-88.2070395691755
330,1.224,-87.9899277278395
330,1.23,-87.7732075933275
330,1.236,-87.5587487944141
330,1.242,-87.3488875490699
330,1.248,-87.1464942332308
330,1.254,-86.9550307444165
330,1.26,-86.7785846646677
330,1.266,-86.6218627446172
330,1.272,-86.4901228678192
330,1.278,-86.389023633549
330,1.284,-86.3243768491677
330,1.29,-86.3018029297251
330,1.296,-86.3263124552226
330,1.302,-86.4018644488656
330,1.308,-86.5309738514467
330,1.314,-86.7144457140342
330,1.32,-86.9512946481276
330,1.326,-87.2388681729715
330,1.332,-87.5731456315905
330,1.338,-87.9491480441991
330,1.344,-88.3613805456925
330,1.35,-88.8042385462495
330,1.356,-89.2723327862458
330,1.362,-89.7607155446638
330,1.368,-90.2650118894222
330,1.374,-90.7814726246187
330,1.38,-91.3069701843728
330,1.386,-91.8389577581272
330,1.392,-92.3754081674298
330,1.398,-92.9147444852033
330,1.404,-93.4557702531312
330,1.41,-93.9976038852574
330,1.416,-94.5396195070973
330,1.422,-95.0813949347959
330,1.428,-95.6226665541229
330,1.434,-96.1632903300429
330,1.44,-96.703207916054
330,1.446,-97.2424167304239
330,1.452,-97.7809428505233
330,1.458,-98.3188156000916
330,1.464,-98.8560427404891
330,1.47,-99.3925852131306
330,1.476,-99.9283304148702
330,1.482,-100.463063029716
330,1.488,-100.996432508226
330,1.494,-101.527916412713
330,1.5,-102.056779080798
330,1.506,-102.582025470996
330,1.512,-103.102350732785
330,1.518,-103.616087099377
330,1.524,-104.121151245241
330,1.53,-104.614997357438
330,1.536,-105.094583806351
330,1.542,-105.556364213284
330,1.548,-105.996316284144
330,1.554,-106.410022920732
330,1.56,-106.792818303807
330,1.566,-107.140005245337
330,1.572,-107.44713822188
330,1.578,-107.710350062849
330,1.584,-107.926682961329
330,1.59,-108.094372452546
330,1.596,-108.21303270954
330,1.602,-108.283706135677
330,1.608,-108.308766944736
330,1.614,-108.291698666563
330,1.62,-108.23678898592
330,1.626,-108.148795053309
330,1.632,-108.032627684759
330,1.638,-107.893088353133
330,1.644,-107.734675266991
330,1.65,-107.56145962044
330,1.656,-107.377023016097
330,1.662,-107.184442317001
330,1.668,-106.986307514656
330,1.674,-106.784759953496
330,1.68,-106.581541021185
330,1.686,-106.37804427129
330,1.692,-106.175366407735
330,1.698,-105.974354461075
330,1.704,-105.775647836522
330,1.71,-105.579714804701
330,1.716,-105.386883550581
330,1.722,-105.197368196925
330,1.728,-105.011290358304
330,1.734,-104.828696821013
330,1.74,-104.649573925332
330,1.746,-104.473859177169
330,1.752,-104.301450553814
330,1.758,-104.132213903596
330,1.764,-103.965988777566
330,1.77,-103.80259297563
330,1.776,-103.641826041073
330,1.782,-103.483471896052
330,1.788,-103.327300776051
330,1.794,-103.173070592731
330,1.8,-103.020527831247
330,1.806,-102.869408069308
330,1.812,-102.719436190139
330,1.818,-102.570326349683
330,1.824,-102.421781749098
330,1.83,-102.273494256621
330,1.836,-102.125143917667
330,1.842,-101.976398388378
330,1.848,-101.826912325423
330,1.854,-101.676326763407
330,1.86,-101.524268510668
330,1.866,-101.370349594131
330,1.872,-101.214166784195
330,1.878,-101.055301231024
330,1.884,-100.893318243929
330,1.89,-100.727767245371
330,1.896,-100.558181930409
330,1.902,-100.384080660642
330,1.908,-100.204967118686
330,1.914,-100.020331244668
330,1.92,-99.8296504697966
330,1.926,-99.6323912536094
330,1.932,-99.4280109209062
330,1.938,-99.2159597816077
330,1.944,-98.995683502038
330,1.95,-98.7666256797431
330,1.956,-98.5282305564675
330,1.962,-98.279945786051
330,1.968,-98.0212251566637
330,1.974,-97.7515311509733
330,1.98,-97.4703372145446
330,1.986,-97.1771295929552
330,1.992,-96.8714085924918
330,1.998,-96.5526891182857
330,2.004,-96.2205003473138
330,2.01,-95.8743844012858
330,2.016,-95.5138938949461
330,2.022,-95.138588247081
330,2.028,-94.7480286523528
330,2.034,-94.3417716193923
330,2.04,-93.9193609814121
330,2.046,-93.4803182767299
330,2.052,-93.0241313745125
330,2.058,-92.5502411818949
330,2.064,-92.0580262079316
330,2.07,-91.5467846721115
330,2.076,-91.0157137232493
330,2.082,-90.463885168571
330,2.088,-89.8902168886397
330,2.094,-89.293438810881
330,2.1,-88.6720519024511
330,2.106,-88.0242780767193
330,2.112,-87.347998118354
330,2.118,-86.6406736160654
330,2.124,-85.8992472899491
330,2.13,-85.1200137648458
330,2.136,-84.2984493857282
330,2.142,-83.4289844897687
330,2.148,-82.5046936981536
330,2.154,-81.5168678408477
330,2.16,-80.4544131079015
330,2.166,-79.3029969793248
330,2.172,-78.0438279050491
330,2.178,-76.6519368987618
330,2.184,-75.0939291716927
330,2.19,-73.3258701353419
330,2.196,-71.2954295681386
330,2.202,-68.9685958280641
330,2.208,-66.4697504689976
330,2.214,-64.5466302469099
330,2.22,-64.5858765378155
330,2.226,-66.3215358533695
330,2.232,-68.3768306707455
330,2.238,-70.2011939601971
330,2.244,-71.7317224872065
330,2.25,-73.0122146209983
330,2.256,-74.0939655469259
330,2.262,-75.0184208347268
330,2.268,-75.8167843908956
330,2.274,-76.5122912999569
330,2.28,-77.1223183208247
330,2.286,-77.6599332171373
330,2.292,-78.1349552111097
330,2.298,-78.5546493604947
330,2.304,-78.9241470535155
330,2.31,-79.2466460900856
330,2.316,-79.5234088320055
330,2.322,-79.7535435941406
330,2.328,-79.9335176549826
330,2.334,-80.056304141506
330,2.34,-80.1100043090028
330,2.346,-80.0757098084721
330,2.352,-79.9242855834069
330,2.358,-79.6116901575969
330,2.364,-79.0724219477855
330,2.37,-78.2104707140912
330,2.376,-76.8854371139987
330,2.382,-74.8831472092699
330,2.388,-71.8272089417324
330,2.394,-66.8600078129458
330,2.4,-58.8600352520244
330,2.406,-63.7124181719583
330,2.412,-69.0190402932291
330,2.418,-72.0185634125362
330,2.424,-73.945023074954
330,2.43,-75.281757886858
330,2.436,-76.25573631432
330,2.442,-76.9898207136226
330,2.448,-77.5569523412688
330,2.454,-78.0032755437249
330,2.46,-78.3593803098842
330,2.466,-78.6462987618915
330,2.472,-78.8789278831952
330,2.478,-79.0680865153298
330,2.484,-79.2218029698385
330,2.49,-79.3461483397406
330,2.496,-79.4457911424192
330,2.502,-79.5243755157026
330,2.508,-79.5847846273052
330,2.514,-79.6293276331426
330,2.52,-79.6598746490806
330,2.526,-79.6779557106402
330,2.532,-79.6848343664792
330,2.538,-79.6815631318274
330,2.544,-79.6690257894974
330,2.55,-79.6479700341592
330,2.556,-79.6190329448859
330,2.562,-79.5827610760193
330,2.568,-79.5396264719516
330,2.574,-79.4900395694439
330,2.58,-79.4343597068971
330,2.586,-79.3729037837578
330,2.592,-79.3059534848471
330,2.598,-79.2337613900622
330,2.604,-79.1565562200719
330,2.61,-79.0745474166322
330,2.616,-78.9879292172484
330,2.622,-78.8968843547174
330,2.628,-78.8015874901482
330,2.634,-78.7022084715705
330,2.64,-78.5989154978613
330,2.646,-78.4918782583979
330,2.652,-78.3812711117829
330,2.658,-78.2672763614713
330,2.664,-78.1500876815677
330,2.67,-78.0299137418485
330,2.676,-77.9069820765933
330,2.682,-77.7815432364097
330,2.688,-77.6538752551229
330,2.694,-77.5242884540916
330,2.7,-77.3931305929288
330,2.706,-77.2607923573428
330,2.712,-77.127713150294
330,2.718,-76.9943871204117
330,2.724,-76.8613693201827
330,2.73,-76.7292818345397
330,2.736,-76.5988196574123
330,2.742,-76.4707560197287
330,2.748,-76.345946789032
330,2.754,-76.225333472271
330,2.76,-76.1099442665248
330,2.766,-76.000892528288
330,2.772,-75.8993719855854
330,2.778,-75.8066480177265
330,2.784,-75.7240443966939
330,2.79,-75.6529250435251
330,2.796,-75.5946706191431
330,2.802,-75.5506501472951
330,2.808,-75.5221883448126
330,2.814,-75.5105298747837
330,2.82,-75.5168022792451
330,2.826,-75.5419798063338
330,2.832,-75.5868506304487
330,2.838,-75.6519899914736
330,2.844,-75.7377415020954
330,2.85,-75.8442082937431
330,2.856,-75.9712548537618
330,2.862,-76.1185194622772
330,2.868,-76.2854362081505
330,2.874,-76.4712647874356
330,2.88,-76.6751257688389
330,2.886,-76.8960387988268
330,2.892,-77.132961305492
330,2.898,-77.384825588034
330,2.904,-77.6505726622191
330,2.91,-77.9291817796757
330,2.916,-78.219695070402
330,2.922,-78.521237216051
330,2.928,-78.833030414581
330,2.934,-79.1544051354229
330,2.94,-79.4848072954499
330,2.946,-79.8238025259339
330,2.952,-80.1710781684641
330,2.958,-80.5264435506442
330,2.964,-80.8898289622812
330,2.97,-81.2612835842448
330,2.976,-81.6409724104994
330,2.982,-82.0291719327243
330,2.988,-82.4262639952112
330,2.994,-82.832726723266
330,3,-83.249120698769
330,3.006,-83.6760674743497
330,3.012,-84.114215887863
330,3.018,-84.5641891679396
330,3.024,-85.0265020783878
330,3.03,-85.5014317321148
330,3.036,-85.988817455393
330,3.042,-86.4877534711352
330,3.048,-86.9961231615753
330,3.054,-87.5099077786382
330,3.06,-88.0221951523924
330,3.066,-88.5218404614048
330,3.072,-88.9918457332568
330,3.078,-89.4078156649699
330,3.084,-89.7373841177656
330,3.09,-89.9421331289079
330,3.096,-89.9835220106752
330,3.102,-89.8325482214522
330,3.108,-89.4793569603818
330,3.114,-88.9370572466817
330,3.12,-88.2371604909559
330,3.126,-87.4199828115842
330,3.132,-86.5257821085486
330,3.138,-85.5899523249326
330,3.144,-84.6421888612029
330,3.15,-83.7079937039236
330,3.156,-82.8109501453728
330,3.162,-81.9746947381545
330,3.168,-81.2238434995334
330,3.174,-80.5833028516041
330,3.18,-80.0757212472113
330,3.186,-79.7175841561963
330,3.192,-79.5154389178277
330,3.198,-79.4641559749136
330,3.204,-79.5482767321009
330,3.21,-79.745815334488
330,3.216,-80.0327468952604
330,3.222,-80.3865835636338
330,3.228,-80.7883885382282
330,3.234,-81.22340933212
330,3.24,-81.6808457853982
330,3.246,-82.1532301489658
330,3.252,-82.6357271723269
330,3.258,-83.1255067505025
330,3.264,-83.621242469795
330,3.27,-84.1227390927797
330,3.276,-84.630672232121
330,3.282,-85.1464193587036
330,3.288,-85.6719640011752
330,3.294,-86.2098600913426
330,3.3,-86.763249082189
330,3.306,-87.3359282957723
330,3.312,-87.9324752918904
330,3.318,-88.5584407854545
330,3.324,-89.2206333581775
330,3.33,-89.927535652168
330,3.336,-90.6899189223056
330,3.342,-91.5217704822281
330,3.348,-92.4417365501112
330,3.354,-93.4754540012009
330,3.36,-94.6594955460524
330,3.366,-96.0484148616923
330,3.372,-97.7281100218252
330,3.378,-99.8425707658224
330,3.384,-102.645430629208
330,3.39,-106.505734552072
330,3.396,-110.112775350719
330,3.402,-107.12738630123
330,3.408,-102.597000573235
330,3.414,-99.1543665152006
330,3.42,-96.4718919845786
330,3.426,-94.2601203424219
330,3.432,-92.3532873202476
330,3.438,-90.6524755986082
330,3.444,-89.094187392587
330,3.45,-87.6346691574971
330,3.456,-86.2416667196654
330,3.462,-84.8897502536045
330,3.468,-83.5574287652681
330,3.474,-82.2251780040521
330,3.48,-80.8739085294834
330,3.486,-79.4835835910011
330,3.492,-78.0317809205983
330,3.498,-76.4920515572408
330,3.504,-74.8320783418061
330,3.51,-73.0122592317604
330,3.516,-70.9879516625607
330,3.522,-68.7294212274686
330,3.528,-66.3148265785698
330,3.534,-64.2357796962166
330,3.54,-63.6214074674103
330,3.546,-64.7894184128012
330,3.552,-66.6363311099956
330,3.558,-68.4213410792526
330,3.564,-69.9689288666055
330,3.57,-71.2859115806471
330,3.576,-72.4125602017555
330,3.582,-73.3872349318249
330,3.588,-74.2405258474115
330,3.594,-74.995862981479
330,3.6,-75.6711279347391
360,1.2,-82.1142326901837
360,1.206,-82.2684562392339
360,1.212,-82.4280637236666
360,1.218,-82.593250840212
360,1.224,-82.7642157805114
360,1.23,-82.9411590594346
360,1.236,-83.1242833698413
360,1.242,-83.3137934730428
360,1.248,-83.5098961350917
360,1.254,-83.7128001198774
360,1.26,-83.9227162508177
360,1.266,-84.1398575537166
360,1.272,-84.364439494117
360,1.278,-84.5966803232129
360,1.284,-84.8368015471474
360,1.29,-85.0850285353132
360,1.296,-85.3415912841729
360,1.302,-85.6067253541549
360,1.308,-85.8806729984578
360,1.314,-86.1636845041932
360,1.32,-86.4560197683303
360,1.326,-86.7579501335159
360,1.332,-87.0697605121909
360,1.338,-87.3917518317129
360,1.344,-87.7242438386597
360,1.35,-88.0675783074241
360,1.356,-88.4221227069849
360,1.362,-88.7882743907829
360,1.368,-89.166465388528
360,1.374,-89.557167896214
360,1.38,-89.9609005825384
360,1.386,-90.3782358575074
360,1.392,-90.8098082837638
360,1.398,-91.2563243551352
360,1.404,-91.7185739226711
360,1.41,-92.1974436194817
360,1.416,-92.693932726558
360,1.422,-93.2091720384007
360,1.428,-93.7444464375089
360,1.434,-94.3012220806024
360,1.44,-94.8811793494706
360,1.446,-95.4862530406306
360,1.452,-96.1186816767998
360,1.458,-96.7810683326747
360,1.464,-97.4764559760826
360,1.47,-98.2084209882564
360,1.476,-98.9811890866298
360,1.482,-99.7997778970754
360,1.488,-100.670168809147
360,1.494,-101.599504778129
360,1.5,-102.596293719527
360,1.506,-103.670552458903
360,1.512,-104.833711992692
360,1.518,-106.097814410743
360,1.524,-107.472795505145
360,1.53,-108.958829220691
360,1.536,-110.526716119814
360,1.542,-112.074113638574
360,1.548,-113.3592768541
360,1.554,-114.013484541774
360,1.56,-113.817303014149
360,1.566,-112.961618572849
360,1.572,-111.817191891807
360,1.578,-110.638982712117
360,1.584,-109.538075994849
360,1.59,-108.54755904887
360,1.596,-107.668704182908
360,1.602,-106.892023482112
360,1.608,-106.205552936577
360,1.614,-105.597819060058
360,1.62,-105.058736670484
360,1.626,-104.579737704938
360,1.632,-104.153637956573
360,1.638,-103.774435625084
360,1.644,-103.437112472624
360,1.65,-103.137460169146
360,1.656,-102.871935983817
360,1.662,-102.637545446642
360,1.668,-102.431747770934
360,1.674,-102.252379769412
360,1.68,-102.097594529826
360,1.686,-101.965811772231
360,1.692,-101.855677417431
360,1.698,-101.766030403655
360,1.704,-101.695875191863
360,1.71,-101.644358710865
360,1.716,-101.610750726825
360,1.722,-101.59442679158
360,1.728,-101.594853041475
360,1.734,-101.611572191003
360,1.74,-101.644190098504
360,1.746,-101.692362276908
360,1.752,-101.755779681201
360,1.758,-101.834153024264
360,1.764,-101.927194750941
360,1.77,-102.034597632959
360,1.776,-102.156008732205
360,1.782,-102.290997218265
360,1.788,-102.439014228767
360,1.794,-102.599342656844
360,1.8,-102.771034501216
360,1.806,-102.952833339577
360,1.812,-103.143079794367
360,1.818,-103.339598893973
360,1.824,-103.539570510202
360,1.83,-103.739388277981
360,1.836,-103.934519372107
360,1.842,-104.11938779696
360,1.848,-104.287317062941
360,1.854,-104.430581757753
360,1.86,-104.540625515852
360,1.866,-104.608495244438
360,1.872,-104.625507025491
360,1.878,-104.584093521127
360,1.884,-104.478699484227
360,1.89,-104.306527261143
360,1.896,-104.067932654486
360,1.902,-103.766354113308
360,1.908,-103.407796574698
360,1.914,-103.000019175224
360,1.92,-102.551634603014
360,1.926,-102.071303947787
360,1.932,-101.567136025016
360,1.938,-101.046319286008
360,1.944,-100.514957541109
360,1.95,-99.9780550794268
360,1.956,-99.4395949020061
360,1.962,-98.9026643022356
360,1.968,-98.3695959838723
360,1.974,-97.8421054019525
360,1.98,-97.3214143000351
360,1.986,-96.8083565024305
360,1.992,-96.3034655905609
360,1.998,-95.8070459375169
360,2.004,-95.3192293465482
360,2.01,-94.8400197007909
360,2.016,-94.3693278814301
360,2.022,-93.906998927849
360,2.028,-93.4528330948038
360,2.034,-93.0066021580774
360,2.04,-92.5680620529234
360,2.046,-92.1369627049815
360,2.052,-91.7130557295448
360,2.058,-91.2961005268956
360,2.064,-90.8858691824586
360,2.07,-90.4821504840544
360,2.076,-90.0847532879556
360,2.082,-89.6935093940005
360,2.088,-89.3082760203209
360,2.094,-88.9289378913451
360,2.1,-88.5554088566678
360,2.106,-88.1876328258704
360,2.112,-87.8255836091559
360,2.118,-87.4692629545578
360,2.124,-87.1186956035073
360,2.13,-86.7739194408218
360,2.136,-86.4349676179107
360,2.142,-86.1018375923802
360,2.148,-85.7744388826452
360,2.154,-85.4525062165063
360,2.16,-85.1354564355096
360,2.166,-84.8221541360696
360,2.172,-84.5105300011421
360,2.178,-84.1969643658171
360,2.184,-83.8753066507172
360,2.19,-83.5353605367414
360,2.196,-83.1606730600787
360,2.202,-82.7256591967759
360,2.208,-82.1927596197077
360,2.214,-81.5118180835632
360,2.22,-80.6258583341644
360,2.226,-79.4873879930579
360,2.232,-78.0830651915755
360,2.238,-76.4541751794321
360,2.244,-74.6989855852339
360,2.25,-72.9544247782895
360,2.256,-71.3617767772284
360,2.262,-70.0225142081828
360,2.268,-68.9639600195753
360,2.274,-68.1418099098099
360,2.28,-67.4761121604585
360,2.286,-66.8878915645788
360,2.292,-66.316109332342
360,2.298,-65.71843514847
360,2.304,-65.0657341627955
360,2.31,-64.3360361460233
360,2.316,-63.5096224404465
360,2.322,-62.5650113361736
360,2.328,-61.4750275248088
360,2.334,-60.2018218175714
360,2.34,-58.689077608702
360,2.346,-56.8481711738741
360,2.352,-54.5325588774094
360,2.358,-51.5011183746372
360,2.364,-47.5589364814766
360,2.37,-44.9755278777029
360,2.376,-48.0891106639673
360,2.382,-51.9093669640243
360,2.388,-54.8125789721574
360,2.394,-57.04230789584
360,2.4,-58.8275985199963
360,2.406,-60.3069073225706
360,2.412,-61.5649826780844
360,2.418,-62.6564034754471
360,2.424,-63.6180828789942
360,2.43,-64.4760492717736
360,2.436,-65.2493047140704
360,2.442,-65.9521296773446
360,2.448,-66.5955211352789
360,2.454,-67.1881247574645
360,2.46,-67.7368594998879
360,2.466,-68.2473483137604
360,2.472,-68.7242227239724
360,2.478,-69.1713430326219
360,2.484,-69.5919606690246
360,2.49,-69.9888399900873
360,2.496,-70.3643510954493
360,2.502,-70.7205415546218
360,2.508,-71.0591925451039
360,2.514,-71.3818632986473
360,2.52,-71.6899266623145
360,2.526,-71.9845978254379
360,2.532,-72.2669577317076
360,2.538,-72.5379723156425
360,2.544,-72.7985084275438
360,2.55,-73.0493471092755
360,2.556,-73.2911947335497
360,2.562,-73.52469240717
360,2.568,-73.7504239536837
360,2.574,-73.9689227259022
360,2.58,-74.1806774486235
360,2.586,-74.3861372529031
360,2.592,-74.585716032666
360,2.598,-74.7797962303265
360,2.604,-74.9687321389018
360,2.61,-75.1528527927525
360,2.616,-75.3324645067241
360,2.622,-75.5078531134408
360,2.628,-75.6792859403421
360,2.634,-75.8470135613592
360,2.64,-76.0112713526121
360,2.646,-76.1722808769372
360,2.652,-76.330251118245
360,2.658,-76.485379583512
360,2.664,-76.6378532875184
360,2.67,-76.7878496331551
360,2.676,-76.9355371981725
360,2.682,-77.0810764375552
360,2.688,-77.2246203092507
360,2.694,-77.366314829693
360,2.7,-77.5062995644266
360,2.706,-77.6447080581164
360,2.712,-77.7816682072959
360,2.718,-77.91730257835
360,2.724,-78.0517286724188
360,2.73,-78.1850591381378
360,2.736,-78.317401932377
360,2.742,-78.448860428399
360,2.748,-78.5795334701046
360,2.754,-78.7095153702728
360,2.76,-78.8388958499056
360,2.766,-78.9677599149619
360,2.772,-79.0961876658883
360,2.778,-79.2242540344223
360,2.784,-79.3520284411558
360,2.79,-79.4795743662815
360,2.796,-79.6069488248182
360,2.802,-79.7342017364076
360,2.808,-79.8613751785023
360,2.814,-79.9885025104419
360,2.82,-80.1156073545373
360,2.826,-80.2427024189041
360,2.832,-80.3697881454238
360,2.838,-80.4968511649361
360,2.844,-80.6238625406518
360,2.85,-80.7507757799251
360,2.856,-80.8775245940849
360,2.862,-81.0040203861655
360,2.868,-81.13014944733
360,2.874,-81.2557698448256
360,2.88,-81.3807079877811
360,2.886,-81.5047548624575
360,2.892,-81.6276619361446
360,2.898,-81.7491367392545
360,2.904,-81.8688381488019
360,2.91,-81.986371413845
360,2.916,-82.1012829849343
360,2.922,-82.2130552352837
360,2.928,-82.3211011909283
360,2.934,-82.4247594196651
360,2.94,-82.52328926227
360,2.946,-82.6158666214044
360,2.952,-82.7015805493379
360,2.958,-82.7794308890427
360,2.964,-82.8483272165334
360,2.97,-82.9070892961984
360,2.976,-82.9544491850803
360,2.982,-82.9890549966726
360,2.988,-83.0094761519459
360,2.994,-83.0142097014754
360,3,-83.0016870012023
360,3.006,-82.9702796785216
360,3.012,-82.9183034597435
360,3.018,-82.8440180824064
360,3.024,-82.7456212394844
360,3.03,-82.6212343705045
360,3.036,-82.4688782354476
360,3.042,-82.2864367632983
360,3.048,-82.0716090042814
360,3.054,-81.8218518421557
360,3.06,-81.5343219433797
360,3.066,-81.2058374646467
360,3.072,-80.8329053099048
360,3.078,-80.4119134727916
360,3.084,-79.9397033979316
360,3.09,-79.4149849718395
360,3.096,-78.8415757112155
360,3.102,-78.2354437909576
360,3.108,-77.6389668064764
360,3.114,-77.1455164936577
360,3.12,-76.9256454955062
360,3.126,-77.2082619824854
360,3.132,-78.157410245536
360,3.138,-79.7384359733322
360,3.144,-81.7695780556544
360,3.15,-84.078775261216
360,3.156,-86.5743550458698
360,3.162,-89.2256481710748
360,3.168,-91.9991358485144
360,3.174,-94.7148860025809
360,3.18,-96.7732685367481
360,3.186,-97.3228547577832
360,3.192,-96.4967066035397
360,3.198,-95.1893282186126
360,3.204,-93.9117041535733
360,3.21,-92.7978963875998
360,3.216,-91.8520636446992
360,3.222,-91.0488913773904
360,3.228,-90.3613930927055
360,3.234,-89.7670034345655
360,3.24,-89.2479985761503
360,3.246,-88.7906659057649
360,3.252,-88.3843782585056
360,3.258,-88.0208317707051
360,3.264,-87.693468349494
360,3.27,-87.3970493739592
360,3.276,-87.1273426736947
360,3.282,-86.8808918246128
360,3.288,-86.6548447893847
360,3.294,-86.4468254211042
360,3.3,-86.2548361274344
360,3.306,-86.0771833841872
360,3.312,-85.9124201647747
360,3.318,-85.7593010162188
360,3.324,-85.6167466821935
360,3.33,-85.483816001529
360,3.336,-85.3596834015587
360,3.342,-85.243620731273
360,3.348,-85.1349824885899
360,3.354,-85.0331937229493
360,3.36,-84.9377400623724
360,3.366,-84.8481594394859
360,3.372,-84.7640351853698
360,3.378,-84.6849902316844
360,3.384,-84.6106822162605
360,3.39,-84.5407993294845
360,3.396,-84.4750567714841
360,3.402,-84.4131937156259
360,3.408,-84.3549706938598
360,3.414,-84.3001673352718
360,3.42,-84.2485804017744
360,3.426,-84.2000220749092
360,3.432,-84.1543184557984
360,3.438,-84.1113082467932
360,3.444,-84.0708415886412
360,3.45,-84.0327790312974
360,3.456,-83.9969906200191
360,3.462,-83.9633550812762
360,3.468,-83.9317590953943
360,3.474,-83.9020966448233
360,3.48,-83.8742684285663
360,3.486,-83.848181334678
360,3.492,-83.8237479638867
360,3.498,-83.8008861983639
360,3.504,-83.7795188104772
360,3.51,-83.7595731070537
360,3.516,-83.7409806052661
360,3.522,-83.7236767367513
360,3.528,-83.7076005770007
360,3.534,-83.6926945974221
360,3.54,-83.6789044377916
360,3.546,-83.6661786970817
360,3.552,-83.6544687408867
360,3.558,-83.6437285238689
360,3.564,-83.6339144258271
360,3.57,-83.6249851001398
360,3.576,-83.6169013334717
360,3.582,-83.6096259157499
360,3.588,-83.6031235195179
360,3.594,-83.5973605878676
360,3.6,-83.5923052302291
