"d [mm]","Freq [GHz]","dB(S(1,1)) []"
2,1.2,-0.512517089217802
2,1.206,-0.527324895328538
2,1.212,-0.542092518092482
2,1.218,-0.55681201430203
2,1.224,-0.571475073800991
2,1.23,-0.58607300617559
2,1.236,-0.600596727413344
2,1.242,-0.615036746611483
2,1.248,-0.629383152830738
2,1.254,-0.643625602206287
2,1.26,-0.657753305445642
2,1.266,-0.671755015863447
2,1.272,-0.685619018125603
2,1.278,-0.699333117900445
2,1.284,-0.712884632642555
2,1.29,-0.726260383765935
2,1.296,-0.739446690497591
2,1.302,-0.752429365740493
2,1.308,-0.765193714316442
2,1.314,-0.77772453400505
2,1.32,-0.790006119844623
2,1.326,-0.802022272214658
2,1.332,-0.813756309277889
2,1.338,-0.82519108442227
2,1.344,-0.836309009409752
2,1.35,-0.847092084009292
2,1.356,-0.857521932965184
2,1.362,-0.86757985122848
2,1.368,-0.877246858457421
2,1.374,-0.886503763871659
2,1.38,-0.895331242622569
2,1.386,-0.903709924916096
2,1.392,-0.911620499192578
2,1.398,-0.919043830726421
2,1.404,-0.925961097053124
2,1.41,-0.932353941656947
2,1.416,-0.938204647353223
2,1.422,-0.943496330768023
2,1.428,-0.948213159245684
2,1.434,-0.952340591392496
2,1.44,-0.955865642281057
2,1.446,-0.958777174082427
2,1.452,-0.961066212548793
2,1.458,-0.962726289323313
2,1.464,-0.96375380949151
2,1.47,-0.964148443094825
2,1.476,-0.963913538488291
2,1.482,-0.963056554428476
2,1.488,-0.961589506617095
2,1.494,-0.959529423097083
2,1.5,-0.956898801406811
2,1.506,-0.953726058760225
2,1.512,-0.950045964765418
2,1.518,-0.945900044367531
2,1.524,-0.941336936870146
2,1.53,-0.9364126951412
2,1.536,-0.93119100755797
2,1.542,-0.925743324028943
2,1.548,-0.920148866708682
2,1.554,-0.914494505973549
2,1.56,-0.908874483038179
2,1.566,-0.903389962447412
2,1.572,-0.898148400736239
2,1.578,-0.893262721927448
2,1.584,-0.888850296280029
2,1.59,-0.885031725763732
2,1.596,-0.881929447950884
2,1.602,-0.879666179085725
2,1.608,-0.878363226573406
2,1.614,-0.878138710454057
2,1.62,-0.879105741917148
2,1.626,-0.881370613838554
2,1.632,-0.885031062968474
2,1.638,-0.890174665132957
2,1.644,-0.896877423177026
2,1.65,-0.905202602159461
2,1.656,-0.915199857594211
2,1.662,-0.92690469072761
2,1.668,-0.940338250655311
2,1.674,-0.955507487477982
2,1.68,-0.972405644785333
2,1.686,-0.991013064701078
2,1.692,-1.01129826559184
2,1.698,-1.03321924222265
2,1.704,-1.05672493123309
2,1.71,-1.08175678158686
2,1.716,-1.10825037005626
2,1.722,-1.13613700548622
2,1.728,-1.16534527194988
2,1.734,-1.19580246922334
2,1.74,-1.22743591847279
2,1.746,-1.26017411089246
2,1.752,-1.29394768657531
2,1.758,-1.3286902395967
2,1.764,-1.36433895276008
2,1.77,-1.40083507146949
2,1.776,-1.43812423068021
2,1.782,-1.47615665188157
2,1.788,-1.51488722871976
2,1.794,-1.55427552036877
2,1.8,-1.59428567132874
2,1.806,-1.63488627520331
2,1.812,-1.67605019839928
2,1.818,-1.71775437779683
2,1.824,-1.75997960441811
2,1.83,-1.80271030310505
2,1.836,-1.84593431629871
2,1.842,-1.88964269825713
2,1.848,-1.93382952449667
2,1.854,-1.97849171991131
2,1.86,-2.02362890791848
2,1.866,-2.06924328208995
2,1.872,-2.11533950103521
2,1.878,-2.16192460679299
2,1.884,-2.20900796662925
2,1.89,-2.25660123791629
2,1.896,-2.30471835565339
2,1.902,-2.35337554216638
2,1.908,-2.40259133857226
2,1.914,-2.45238665770198
2,1.92,-2.5027848583254
2,1.926,-2.55381184070829
2,1.932,-2.60549616374302
2,1.938,-2.65786918412622
2,1.944,-2.71096521830312
2,1.95,-2.76482172815552
2,1.956,-2.8194795316757
2,1.962,-2.87498304013766
2,1.968,-2.93138052354895
2,1.974,-2.98872440643366
2,1.98,-3.04707159625734
2,1.986,-3.10648384704698
2,1.992,-3.16702816097346
2,1.998,-3.22877723083176
2,2.004,-3.29180992645341
2,2.01,-3.35621182808036
2,2.016,-3.42207580957444
2,2.022,-3.48950267396551
2,2.028,-3.55860184316635
2,2.034,-3.6294921025796
2,2.04,-3.70230239962701
2,2.046,-3.7771726927169
2,2.052,-3.85425484352862
2,2.058,-3.93371354032025
2,2.064,-4.01572723270833
2,2.07,-4.10048904828744
2,2.076,-4.18820764757394
2,2.082,-4.279107954777
2,2.088,-4.37343167612581
2,2.094,-4.47143748271739
2,2.1,-4.57340068829086
2,2.106,-4.67961219048049
2,2.112,-4.79037636270789
2,2.118,-4.90600747804591
2,2.124,-5.02682411090675
2,2.13,-5.153140792562
2,2.136,-5.28525598976176
2,2.142,-5.42343523485626
2,2.148,-5.56788797434634
2,2.154,-5.71873645387943
2,2.16,-5.87597478797688
2,2.166,-6.03941639183034
2,2.172,-6.2086283774403
2,2.178,-6.3828526354981
2,2.184,-6.56091554405407
2,2.19,-6.74113203497209
2,2.196,-6.92121548738277
2,2.202,-7.0982125458504
2,2.208,-7.26849040390127
2,2.214,-7.42781053954598
2,2.22,-7.57152239176672
2,2.226,-7.69489679225108
2,2.232,-7.79358774417083
2,2.238,-7.86416519294956
2,2.244,-7.90461523448629
2,2.25,-7.91468163668997
2,2.256,-7.89594438113869
2,2.262,-7.85159790835916
2,2.268,-7.78597808364647
2,2.274,-7.70395384872713
2,2.28,-7.61032009358223
2,2.286,-7.50930231697629
2,2.292,-7.40423250367427
2,2.298,-7.29740490659759
2,2.304,-7.19008602694291
2,2.31,-7.08263818503851
2,2.316,-6.97471552653155
2,2.322,-6.86549768302905
2,2.328,-6.75393377250935
2,2.334,-6.63897505630883
2,2.34,-6.51977803233992
2,2.346,-6.39586231116256
2,2.352,-6.26721103589037
2,2.358,-6.13430706826497
2,2.364,-5.9981056739059
2,2.37,-5.8599527284454
2,2.376,-5.72146452718092
2,2.382,-5.58438926959115
2,2.388,-5.4504703154111
2,2.394,-5.32132773229777
2,2.4,-5.19836881442051
2,2.406,-4.95540031720129
2,2.412,-4.70024567503314
2,2.418,-4.43232286919509
2,2.424,-4.15128495378956
2,2.43,-3.85702276593997
2,2.436,-3.5496642769011
2,2.442,-3.22957055935812
2,2.448,-2.8973286646932
2,2.454,-2.55374196565922
2,2.46,-2.19981869152846
2,2.466,-1.83675944433769
2,2.472,-1.46594443145266
2,2.478,-1.08892099092484
2,2.484,-0.707391743398128
2,2.49,-0.323203407305193
2,2.496,0.061664002456305
2,2.502,0.445108170514829
2,2.508,0.824916490270837
2,2.514,1.19878004652793
2,2.52,1.56431053337483
2,2.526,1.91906089398028
2,2.532,2.26055009050826
2,2.538,2.5862918257807
2,2.544,2.89382627274453
2,2.55,3.18075299724039
2,2.556,3.44476240648651
2,2.562,3.68366238168348
2,2.568,3.8953964335201
2,2.574,4.07804990414383
2,2.58,4.2298415099967
2,2.586,4.3490988573675
2,2.592,4.43421833724424
2,2.598,4.48361179935021
2,2.604,4.49564435133943
2,2.61,4.46856926119913
2,2.616,4.40046702054888
2,2.622,4.28919594592805
2,2.628,4.13236105937812
2,2.634,3.92730620483447
2,2.64,3.67113126028912
2,2.646,3.36073186554479
2,2.652,2.9928535705159
2,2.658,2.56414648678143
2,2.664,2.07120181671182
2,2.67,1.51055019236383
2,2.676,0.878606578974108
2,2.682,0.17156199218289
2,2.688,-0.614743909622955
2,2.694,-1.48486786268987
2,2.7,-2.44349132558157
2,2.706,-3.49433665745896
2,2.712,-4.63727929663217
2,2.718,-5.86182785716618
2,2.724,-7.13425493810957
2,2.73,-8.37703045397277
2,2.736,-9.45057176140158
2,2.742,-10.1752510943096
2,2.748,-10.4310873284599
2,2.754,-10.2581962933677
2,2.76,-9.8197650007778
2,2.766,-9.28258391885638
2,2.772,-8.75469103485888
2,2.778,-8.28965592195948
2,2.784,-7.9095630859037
2,2.79,-7.62340575546576
2,2.796,-7.4384165881388
2,2.802,-7.3671927504397
2,2.808,-7.43314332098149
2,2.814,-7.67489991652333
2,2.82,-8.14463575460201
2,2.826,-8.8691551497127
2,2.832,-9.62585072280137
2,2.838,-9.26489628136871
2,2.844,-6.4048715207706
2,2.85,-2.30824663972362
2,2.856,1.2551999263521
2,2.862,3.35680693885241
2,2.868,3.95167844043783
2,2.874,3.72129901703169
2,2.88,3.23483794758689
2,2.886,2.73419327767917
2,2.892,2.29299537926315
2,2.898,1.92509262591602
2,2.904,1.62616933655238
2,2.91,1.38767684256635
2,2.916,1.20126982749448
2,2.922,1.06008937809591
2,2.928,0.959000550899415
2,2.934,0.894442386437763
2,2.94,0.863895304539286
2,2.946,0.864099990492216
2,2.952,0.884786959235662
2,2.958,0.898771313086161
2,2.964,0.938604622054231
2,2.97,1.13891781216361
2,2.976,1.45938036842684
2,2.982,1.84170574065643
2,2.988,2.10460775509996
2,2.994,1.29123674721647
2,3,-2.37337236005889
2,3.006,1.25935720912783
2,3.012,2.45395475570196
2,3.018,2.02619339923879
2,3.024,1.35773117272234
2,3.03,0.837125534855962
2,3.036,0.50456062545214
2,3.042,0.348367923895821
2,3.048,0.369110805453113
2,3.054,0.602758547066572
2,3.06,1.18917334630959
2,3.066,2.85366870872015
2,3.072,14.2763234517086
2,3.078,3.32449363214199
2,3.084,2.54114659969849
2,3.09,1.41589623856631
2,3.096,1.34668226999474
2,3.102,1.39937066156571
2,3.108,2.62028023886837
2,3.114,-2.95573425032082
2,3.12,1.79971671737897
2,3.126,3.78106199316422
2,3.132,-5.83964131863224
2,3.138,-2.11897894334765
2,3.144,-3.15460959578598
2,3.15,0.0584105168168524
2,3.156,0.0107661428975869
2,3.162,-0.0659265063698581
2,3.168,-0.642705112486922
2,3.174,0.511722279335683
2,3.18,1.34652003650458
2,3.186,12.5982322439809
2,3.192,-10.5759953515506
2,3.198,-11.7440940183368
2,3.204,-4.76079454790978
2,3.21,-0.721851271349626
2,3.216,-0.626992361265374
2,3.222,-1.94589748893384
2,3.228,-2.65512463675743
2,3.234,-2.66736976090498
2,3.24,-2.68031323732927
2,3.246,-2.69400910267453
2,3.252,-2.70856280221374
2,3.258,-2.7241984956044
2,3.264,-2.74146903336635
2,3.27,-2.76215384773413
2,3.276,-2.79661313458409
2,3.282,-2.62643725244995
2,3.288,-2.77096287103243
2,3.294,-2.79932349964254
2,3.3,-2.82116773349499
2,3.306,-2.83622728472669
2,3.312,-2.85182162602752
2,3.318,-2.86795759708677
2,3.324,-2.88464352780381
2,3.33,-2.90188941064324
2,3.336,-2.9197070907878
2,3.342,-2.93811047566326
2,3.348,-2.95711576541206
2,3.354,-2.97674170583618
2,3.36,-2.99700986519026
2,3.366,-3.01794493595009
2,3.372,-3.03957506226892
2,3.378,-3.06193219320953
2,3.384,-3.0850524609354
2,3.39,-3.10897658177348
2,3.396,-3.13375027631566
2,3.402,-3.15942470237481
2,3.408,-3.18605689149563
2,3.414,-3.2137101756535
2,3.42,-3.24245458554607
2,3.426,-3.27236719525992
2,3.432,-3.30353237984755
2,3.438,-3.33604194226657
2,3.444,-3.36999505407767
2,3.45,-3.40549794027035
2,3.456,-3.44266322283484
2,3.462,-3.48160882086124
2,3.468,-3.52245628823674
2,3.474,-3.56532845545731
2,3.48,-3.61034623276268
2,3.486,-3.65762443214337
2,3.492,-3.70726648159532
2,3.498,-3.75935794349924
2,3.504,-3.81395881819221
2,3.51,-3.87109472134839
2,3.516,-3.930747174971
2,3.522,-3.99284344647987
2,3.528,-4.05724659917117
2,3.534,-4.12374665767701
2,3.54,-4.19205400556384
2,3.546,-4.26179626526637
2,3.552,-4.33251990047706
2,3.558,-4.4036975693432
2,3.564,-4.47474180845892
2,3.57,-4.5450249530757
2,3.576,-4.61390436980422
2,3.582,-4.6807512277828
2,3.588,-4.74498033655715
2,3.594,-4.80607820497954
2,3.6,-4.86362654155286
4,1.2,-0.404577684531568
4,1.206,-0.407756662382095
4,1.212,-0.410957349355898
4,1.218,-0.414179546456857
4,1.224,-0.417423064739894
4,1.23,-0.420687725297393
4,1.236,-0.423973359254651
4,1.242,-0.427279807774279
4,1.248,-0.430606922069624
4,1.254,-0.433954563427176
4,1.26,-0.437322603238022
4,1.266,-0.440710923038388
4,1.272,-0.444119414559331
4,1.278,-0.447547979785639
4,1.284,-0.450996531024087
4,1.29,-0.454464990981101
4,1.296,-0.457953292849989
4,1.302,-0.461461380407868
4,1.308,-0.464989208122476
4,1.314,-0.468536741268992
4,1.32,-0.47210395605714
4,1.326,-0.475690839768693
4,1.332,-0.479297390905716
4,1.338,-0.482923619349709
4,1.344,-0.486569546531999
4,1.35,-0.490235205615616
4,1.356,-0.493920641689021
4,1.362,-0.497625911971992
4,1.368,-0.501351086034048
4,1.374,-0.505096246025791
4,1.38,-0.508861486923586
4,1.386,-0.512646916788061
4,1.392,-0.516452657036793
4,1.398,-0.520278842731807
4,1.404,-0.524125622882325
4,1.41,-0.527993160763399
4,1.416,-0.531881634250954
4,1.422,-0.535791236173955
4,1.428,-0.539722174684308
4,1.434,-0.543674673645256
4,1.44,-0.54764897303898
4,1.446,-0.551645329394247
4,1.452,-0.555664016234938
4,1.458,-0.559705324550329
4,1.464,-0.563769563288119
4,1.47,-0.567857059871189
4,1.476,-0.571968160739126
4,1.482,-0.576103231915699
4,1.488,-0.580262659603427
4,1.494,-0.584446850806522
4,1.5,-0.588656233983549
4,1.506,-0.592891259731198
4,1.512,-0.597152401500659
4,1.518,-0.601440156348248
4,1.524,-0.605755045721865
4,1.53,-0.610097616285133
4,1.536,-0.614468440781082
4,1.542,-0.618868118937376
4,1.548,-0.623297278415191
4,1.554,-0.627756575804008
4,1.56,-0.632246697664677
4,1.566,-0.636768361623305
4,1.572,-0.641322317518624
4,1.578,-0.645909348605694
4,1.584,-0.650530272818963
4,1.59,-0.655185944097902
4,1.596,-0.65987725377858
4,1.602,-0.66460513205487
4,1.608,-0.669370549513076
4,1.614,-0.674174518744108
4,1.62,-0.679018096037541
4,1.626,-0.683902383162257
4,1.632,-0.688828529238494
4,1.638,-0.693797732706666
4,1.644,-0.698811243398523
4,1.65,-0.703870364716573
4,1.656,-0.708976455928246
4,1.662,-0.714130934581453
4,1.668,-0.719335279048891
4,1.674,-0.724591031208808
4,1.68,-0.729899799270461
4,1.686,-0.735263260753147
4,1.692,-0.740683165628171
4,1.698,-0.746161339633954
4,1.704,-0.751699687774966
4,1.71,-0.757300198016126
4,1.716,-0.762964945184993
4,1.722,-0.76869609509505
4,1.728,-0.774495908904249
4,1.734,-0.780366747724101
4,1.74,-0.78631107749562
4,1.746,-0.792331474149708
4,1.752,-0.798430629070776
4,1.758,-0.804611354883885
4,1.764,-0.810876591587185
4,1.77,-0.817229413052953
4,1.776,-0.823673033922562
4,1.782,-0.830210816922357
4,1.788,-0.836846280629692
4,1.794,-0.843583107720599
4,1.8,-0.850425153732984
4,1.806,-0.857376456381941
4,1.812,-0.864441245466717
4,1.818,-0.871623953411934
4,1.824,-0.87892922648918
4,1.83,-0.886361936768783
4,1.836,-0.893927194855651
4,1.842,-0.901630363467493
4,1.848,-0.909477071918591
4,1.854,-0.917473231577516
4,1.86,-0.925625052372978
4,1.866,-0.93393906042822
4,1.872,-0.942422116911328
4,1.878,-0.951081438196157
4,1.884,-0.959924617436951
4,1.89,-0.968959647668555
4,1.896,-0.978194946554026
4,1.902,-0.987639382912104
4,1.908,-0.997302305168909
4,1.914,-1.00719357189096
4,1.92,-1.01732358457093
4,1.926,-1.02770332285299
4,1.932,-1.03834438240153
4,1.938,-1.04925901563608
4,1.944,-1.06046017557526
4,1.95,-1.07196156305574
4,1.956,-1.08377767761644
4,1.962,-1.09592387236593
4,1.968,-1.10841641318037
4,1.974,-1.1212725426129
4,1.98,-1.13451054893093
4,1.986,-1.14814984073806
4,1.992,-1.16221102768068
4,1.998,-1.17671600778755
4,2.004,-1.19168806204343
4,2.01,-1.20715195685544
4,2.016,-1.22313405513474
4,2.022,-1.23966243678536
4,2.028,-1.25676702946855
4,2.034,-1.27447975059401
4,2.04,-1.29283466158064
4,2.046,-1.31186813552818
4,2.052,-1.33161903954889
4,2.058,-1.35212893312481
4,2.064,-1.37344228398202
4,2.07,-1.39560670310796
4,2.076,-1.41867320068202
4,2.082,-1.44269646484237
4,2.088,-1.46773516537152
4,2.094,-1.49385228454976
4,2.1,-1.52111547759397
4,2.106,-1.54959746526885
4,2.112,-1.57937646141972
4,2.118,-1.61053663832606
4,2.124,-1.64316863290113
4,2.13,-1.67737009685169
4,2.136,-1.71324629394563
4,2.142,-1.75091074748834
4,2.148,-1.79048594094985
4,2.154,-1.83210407436985
4,2.16,-1.87590787864291
4,2.166,-1.9220514889756
4,2.172,-1.97070137761841
4,2.178,-2.02203734428157
4,2.184,-2.07625356028639
4,2.19,-2.13355965927327
4,2.196,-2.1941818629153
4,2.202,-2.25836412422598
4,2.208,-2.32636926325622
4,2.214,-2.39848005967638
4,2.22,-2.4750002532078
4,2.226,-2.55625538517304
4,2.232,-2.64259339140517
4,2.238,-2.73438482691577
4,2.244,-2.83202256423589
4,2.25,-2.93592075795616
4,2.256,-3.04651280497924
4,2.262,-3.16424795015688
4,2.268,-3.28958608669406
4,2.274,-3.42299017614292
4,2.28,-3.56491556043028
4,2.286,-3.71579525585449
4,2.292,-3.87602010702832
4,2.298,-4.04591244407266
4,2.304,-4.22569164690309
4,2.31,-4.41542981352561
4,2.316,-4.61499562413014
4,2.322,-4.82398460854071
4,2.328,-5.04163455318605
4,2.334,-5.26672601413363
4,2.34,-5.49747023361508
4,2.346,-5.73139067028201
4,2.352,-5.96521029185972
4,2.358,-6.19476485595447
4,2.364,-6.41497186157041
4,2.37,-6.61989329569395
4,2.376,-6.80293303301959
4,2.382,-6.95720005477847
4,2.388,-7.07604023853585
4,2.394,-7.15369170287154
4,2.4,-7.18596265609567
4,2.406,-7.17079035643614
4,2.412,-7.1085421943296
4,2.418,-7.00197641642853
4,2.424,-6.85587261162574
4,2.43,-6.67643021279508
4,2.436,-6.47057924702517
4,2.442,-6.24533953990041
4,2.448,-6.00731862059459
4,2.454,-5.76238248912698
4,2.46,-5.51548896713353
4,2.466,-5.2706489441548
4,2.472,-5.0309741655673
4,2.478,-4.79877456691088
4,2.484,-4.57567711734637
4,2.49,-4.36274747792513
4,2.496,-4.16060349839699
4,2.502,-3.96951513401666
4,2.508,-3.78948896925658
4,2.514,-3.62033765228015
4,2.52,-3.46173564072158
4,2.526,-3.31326311209706
4,2.532,-3.17443996929686
4,2.538,-3.04475174952656
4,2.544,-2.92366903261005
4,2.55,-2.81066170480888
4,2.556,-2.70520920117528
4,2.562,-2.60680763919722
4,2.568,-2.51497457517776
4,2.574,-2.4292519629461
4,2.58,-2.34920776989579
4,2.586,-2.27443660460459
4,2.592,-2.2045596297561
4,2.598,-2.13922397027344
4,2.604,-2.07810177638811
4,2.61,-2.02088906214393
4,2.616,-1.9673044093562
4,2.622,-1.91708760348988
4,2.628,-1.86999824981275
4,2.634,-1.82581440433959
4,2.64,-1.78433124356954
4,2.646,-1.74535978908838
4,2.652,-1.70872569717423
4,2.658,-1.6742681191503
4,2.664,-1.6418386350137
4,2.67,-1.61130026055478
4,2.676,-1.58252652655208
4,2.682,-1.55540062751413
4,2.688,-1.52981463671338
4,2.694,-1.50566878381879
4,2.7,-1.48287079120683
4,2.706,-1.46133526495667
4,2.712,-1.44098313657072
4,2.718,-1.4217411515728
4,2.724,-1.40354140129755
4,2.73,-1.38632089437791
4,2.736,-1.37002116464913
4,2.742,-1.35458791240661
4,2.748,-1.3399706761749
4,2.754,-1.32612253236074
4,2.76,-1.31299982037046
4,2.766,-1.30056189096986
4,2.772,-1.2887708758506
4,2.778,-1.27759147654121
4,2.784,-1.26699077096275
4,2.79,-1.25693803607836
4,2.796,-1.24740458522399
4,2.802,-1.23836361883386
4,2.808,-1.22979008739027
4,2.814,-1.22166056553279
4,2.82,-1.21395313635887
4,2.826,-1.20664728503545
4,2.832,-1.19972380092138
4,2.838,-1.19316468747294
4,2.844,-1.18695307927123
4,2.85,-1.1810731655696
4,2.856,-1.17551011981432
4,2.862,-1.17025003464065
4,2.868,-1.16527986189154
4,2.874,-1.16058735724688
4,2.88,-1.1561610290879
4,2.886,-1.1519900912551
4,2.892,-1.14806441938845
4,2.898,-1.14437451056605
4,2.904,-1.14091144598277
4,2.91,-1.1376668564331
4,2.916,-1.13463289038327
4,2.922,-1.13180218443644
4,2.928,-1.12916783601225
4,2.934,-1.12672337807731
4,2.94,-1.124462755778
4,2.946,-1.12238030483961
4,2.952,-1.12047073160799
4,2.958,-1.11872909462089
4,2.964,-1.11715078760591
4,2.97,-1.11573152381158
4,2.976,-1.11446732158618
4,2.982,-1.11335449112699
4,2.988,-1.11238962232957
4,2.994,-1.11156957367369
4,3,-1.11089146208829
4,3.006,-1.11035265374387
4,3.012,-1.1099507557261
4,3.018,-1.10968360854917
4,3.024,-1.10954927947233
4,3.03,-1.10954605658765
4,3.036,-1.10967244365085
4,3.042,-1.10992715563148
4,3.048,-1.11030911496242
4,3.054,-1.1108174484724
4,3.06,-1.11145148498885
4,3.066,-1.11221075360209
4,3.072,-1.11309498258518
4,3.078,-1.11410409896728
4,3.084,-1.11523822876191
4,3.09,-1.11649769785502
4,3.096,-1.11788303356104
4,3.102,-1.11939496685925
4,3.108,-1.12103443532596
4,3.114,-1.12280258678241
4,3.12,-1.12470078368193
4,3.126,-1.12673060826442
4,3.132,-1.12889386851066
4,3.138,-1.1311926049336
4,3.144,-1.13362909824912
4,3.15,-1.13620587797389
4,3.156,-1.13892573200414
4,3.162,-1.14179171723523
4,3.168,-1.14480717128887
4,3.174,-1.14797572542221
4,3.18,-1.15130131870116
4,3.186,-1.15478821352903
4,3.192,-1.15844101263113
4,3.198,-1.16226467760667
4,3.204,-1.16626454917074
4,3.21,-1.17044636922146
4,3.216,-1.17481630488197
4,3.222,-1.17938097468141
4,3.228,-1.18414747705641
4,3.234,-1.18912342137288
4,3.24,-1.19431696168813
4,3.246,-1.19973683349638
4,3.252,-1.20539239372476
4,3.258,-1.2112936642752
4,3.264,-1.21745137943708
4,3.27,-1.2238770375295
4,3.276,-1.23058295716876
4,3.282,-1.23758233859736
4,3.288,-1.24488933055605
4,3.294,-1.25251910323013
4,3.3,-1.26048792785586
4,3.306,-1.26881326363373
4,3.312,-1.27751385266133
4,3.318,-1.2866098236723
4,3.324,-1.29612280544785
4,3.33,-1.30607605085535
4,3.336,-1.31649457256484
4,3.342,-1.32740529159862
4,3.348,-1.33883719998286
4,3.354,-1.35082153889234
4,3.36,-1.3633919938108
4,3.366,-1.37658490836878
4,3.372,-1.39043951866758
4,3.378,-1.40499821005041
4,3.384,-1.42030679843708
4,3.39,-1.43641483849238
4,3.396,-1.45337596104639
4,3.402,-1.47124824231691
4,3.408,-1.49009460759185
4,3.414,-1.50998327209526
4,3.42,-1.53098822176616
4,3.426,-1.55318973659662
4,3.432,-1.57667495896887
4,3.438,-1.60153850905291
4,3.444,-1.62788314871388
4,3.45,-1.6558204944505
4,3.456,-1.68547177853577
4,3.462,-1.71696865562079
4,3.468,-1.75045404941494
4,3.474,-1.78608303044086
4,3.48,-1.82402371099179
4,3.486,-1.8644581369202
4,3.492,-1.90758314729863
4,3.498,-1.95361116173566
4,3.504,-2.00277084049226
4,3.51,-2.05530754366278
4,3.516,-2.11148349153538
4,3.522,-2.17157749764666
4,3.528,-2.23588410767931
4,3.534,-2.30471192985557
4,3.54,-2.37838088458538
4,3.546,-2.45721803194496
4,3.552,-2.54155155503299
4,3.558,-2.63170238689451
4,3.564,-2.72797287273621
4,3.57,-2.8306317661578
4,3.576,-2.93989478335658
4,3.582,-3.05589990774182
4,3.588,-3.17867668763582
4,3.594,-3.30810895764023
4,3.6,-3.44389081596104
6,1.2,-0.326085880243007
6,1.206,-0.327992839551624
6,1.212,-0.329910451631555
6,1.218,-0.331838665546259
6,1.224,-0.333777436253803
6,1.23,-0.335726724648177
6,1.236,-0.33768649760606
6,1.242,-0.33965672803904
6,1.248,-0.341637394951462
6,1.254,-0.343628483503883
6,1.26,-0.345629985082291
6,1.266,-0.347641897373146
6,1.272,-0.349664224444387
6,1.278,-0.351696976832495
6,1.284,-0.353740171635765
6,1.29,-0.355793832613927
6,1.296,-0.357857990294275
6,1.302,-0.359932682084456
6,1.308,-0.362017952392127
6,1.314,-0.364113852751649
6,1.32,-0.36622044195805
6,1.326,-0.368337786208455
6,1.332,-0.370465959251257
6,1.338,-0.372605042543227
6,1.344,-0.374755125414895
6,1.35,-0.376916305244447
6,1.356,-0.379088687640469
6,1.362,-0.381272386633818
6,1.368,-0.383467524879029
6,1.374,-0.385674233865579
6,1.38,-0.387892654139379
6,1.386,-0.390122935534955
6,1.392,-0.3923652374187
6,1.398,-0.394619728943696
6,1.404,-0.396886589316547
6,1.41,-0.399166008076777
6,1.416,-0.401458185389311
6,1.422,-0.403763332350615
6,1.428,-0.406081671309115
6,1.434,-0.408413436200531
6,1.44,-0.41075887289877
6,1.446,-0.413118239583194
6,1.452,-0.415491807122883
6,1.458,-0.41787985947882
6,1.464,-0.420282694124803
6,1.47,-0.422700622487938
6,1.476,-0.425133970409774
6,1.482,-0.42758307862897
6,1.488,-0.430048303286659
6,1.494,-0.432530016455576
6,1.5,-0.435028606694185
6,1.506,-0.43754447962707
6,1.512,-0.440078058552914
6,1.518,-0.442629785081541
6,1.524,-0.445200119801465
6,1.53,-0.447789542979627
6,1.536,-0.450398555294987
6,1.542,-0.453027678607764
6,1.548,-0.455677456766275
6,1.554,-0.458348456453411
6,1.56,-0.461041268074901
6,1.566,-0.463756506691677
6,1.572,-0.466494812998784
6,1.578,-0.469256854353473
6,1.584,-0.472043325855175
6,1.59,-0.474854951480411
6,1.596,-0.477692485275679
6,1.602,-0.480556712611736
6,1.608,-0.483448451502824
6,1.614,-0.486368553994605
6,1.62,-0.489317907624944
6,1.626,-0.492297436961777
6,1.632,-0.495308105222766
6,1.638,-0.498350915981607
6,1.644,-0.501426914966327
6,1.65,-0.50453719195517
6,1.656,-0.507682882776093
6,1.662,-0.510865171416359
6,1.668,-0.514085292249109
6,1.674,-0.517344532384296
6,1.68,-0.520644234151939
6,1.686,-0.523985797726158
6,1.692,-0.52737068389912
6,1.698,-0.53080041701467
6,1.704,-0.534276588072131
6,1.71,-0.537800858011589
6,1.716,-0.541374961192711
6,1.722,-0.545000709080228
6,1.728,-0.548679994150031
6,1.734,-0.552414794030997
6,1.74,-0.556207175898839
6,1.746,-0.560059301139519
6,1.752,-0.563973430301035
6,1.758,-0.567951928354138
6,1.764,-0.571997270283916
6,1.77,-0.576112047036025
6,1.776,-0.580298971843401
6,1.782,-0.584560886961211
6,1.788,-0.588900770840194
6,1.794,-0.593321745771072
6,1.8,-0.597827086035354
6,1.806,-0.602420226600965
6,1.812,-0.607104772404281
6,1.818,-0.611884508263873
6,1.824,-0.616763409475082
6,1.83,-0.621745653138875
6,1.836,-0.626835630283239
6,1.842,-0.632037958840441
6,1.848,-0.637357497549241
6,1.854,-0.642799360857486
6,1.86,-0.648368934907254
6,1.866,-0.654071894692501
6,1.872,-0.659914222487448
6,1.878,-0.665902227653193
6,1.884,-0.672042567940332
6,1.89,-0.678342272416625
6,1.896,-0.684808766161191
6,1.902,-0.691449896880684
6,1.908,-0.698273963618118
6,1.914,-0.705289747742099
6,1.92,-0.7125065464231
6,1.926,-0.719934208824363
6,1.932,-0.727583175258479
6,1.938,-0.735464519586519
6,1.944,-0.743589995165783
6,1.95,-0.751972084684358
6,1.956,-0.760624054256877
6,1.962,-0.769560012196149
6,1.968,-0.778794972920539
6,1.974,-0.788344926507312
6,1.98,-0.798226914459031
6,1.986,-0.808459112313424
6,1.992,-0.819060919798612
6,1.998,-0.830053059315799
6,2.004,-0.841457683621749
6,2.01,-0.85329849368514
6,2.016,-0.865600867805414
6,2.022,-0.878392003212284
6,2.028,-0.891701071510109
6,2.034,-0.905559389496607
6,2.04,-0.920000607072566
6,2.046,-0.935060914170857
6,2.052,-0.950779268873425
6,2.058,-0.967197649157385
6,2.064,-0.984361331020805
6,2.07,-1.0023191960904
6,2.076,-1.02112407221321
6,2.082,-1.04083311098915
6,2.088,-1.06150820671915
6,2.094,-1.08321646183315
6,2.1,-1.1060307045335
6,2.106,-1.13003006515428
6,2.112,-1.15530061860794
6,2.118,-1.18193610128195
6,2.124,-1.21003871187684
6,2.13,-1.23972000695856
6,2.136,-1.27110190345429
6,2.142,-1.30431780196943
6,2.148,-1.33951384666737
6,2.154,-1.37685033955275
6,2.16,-1.41650332935322
6,2.166,-1.45866639781979
6,2.172,-1.50355266917187
6,2.178,-1.55139707159674
6,2.184,-1.60245888315583
6,2.19,-1.65702459810187
6,2.196,-1.71541115338222
6,2.202,-1.77796955883816
6,2.208,-1.84508897806138
6,2.214,-1.91720130965014
6,2.22,-1.99478632013615
6,2.226,-2.07837737925377
6,2.232,-2.16856784420472
6,2.238,-2.26601813023046
6,2.244,-2.37146348735717
6,2.25,-2.48572247354492
6,2.256,-2.60970606668685
6,2.262,-2.74442728320717
6,2.268,-2.89101105651046
6,2.274,-3.05070395518037
6,2.28,-3.22488306029119
6,2.286,-3.4150629311651
6,2.292,-3.62289900585391
6,2.298,-3.85018491086421
6,2.304,-4.09883985004161
6,2.31,-4.37088028910103
6,2.316,-4.66836723114823
6,2.322,-4.99331603364398
6,2.328,-5.34754933810335
6,2.334,-5.73246456743197
6,2.34,-6.14867510434025
6,2.346,-6.59546937697811
6,2.352,-7.0700189377357
6,2.358,-7.56626856652
6,2.364,-8.07349076065336
6,2.37,-8.57464660043872
6,2.376,-9.0450508982436
6,2.382,-9.45241153217351
6,2.388,-9.75980247323333
6,2.394,-9.93265545795248
6,2.4,-9.94848137046768
6,2.406,-9.80474593867153
6,2.412,-9.51984905060632
6,2.418,-9.12651361320524
6,2.424,-8.66198710137513
6,2.43,-8.16015453979343
6,2.436,-7.64765467632666
6,2.442,-7.14329240426989
6,2.448,-6.65916905542298
6,2.454,-6.20231432462802
6,2.46,-5.77620222049351
6,2.466,-5.38194515151941
6,2.472,-5.01915869619837
6,2.478,-4.68655816396558
6,2.484,-4.38235740777831
6,2.49,-4.10452913674083
6,2.496,-3.85097095247549
6,2.502,-3.61960828890704
6,2.508,-3.4084556045057
6,2.514,-3.2156502262673
6,2.52,-3.03946848384996
6,2.526,-2.87833055989431
6,2.532,-2.73079832855758
6,2.538,-2.59556901216785
6,2.544,-2.47146651967683
6,2.55,-2.35743168233772
6,2.556,-2.25251216677607
6,2.562,-2.15585255357495
6,2.568,-2.06668487412778
6,2.574,-1.98431976862761
6,2.58,-1.90813834262996
6,2.586,-1.83758474438522
6,2.592,-1.77215945036725
6,2.598,-1.71141322548049
6,2.604,-1.65494171274711
6,2.61,-1.60238060173023
6,2.616,-1.55340132339092
6,2.622,-1.50770722003923
6,2.628,-1.46503014152308
6,2.634,-1.42512742213248
6,2.64,-1.38777919643152
6,2.646,-1.35278601607555
6,2.652,-1.31996673344117
6,2.658,-1.2891566214805
6,2.664,-1.2602057025453
6,2.67,-1.23297726198381
6,2.676,-1.2073465250834
6,2.682,-1.18319947842323
6,2.688,-1.16043181892615
6,2.694,-1.13894801587737
6,2.7,-1.11866047292975
6,2.706,-1.09948877866303
6,2.712,-1.08135903562891
6,2.718,-1.06420325901389
6,2.724,-1.04795883710759
6,2.73,-1.0325680466906
6,2.736,-1.01797761727024
6,2.742,-1.00413833880646
6,2.748,-0.99100470819745
6,2.754,-0.978534610344623
6,2.76,-0.966689030100188
6,2.766,-0.955431791825172
6,2.772,-0.944729323658846
6,2.778,-0.934550443928967
6,2.784,-0.924866167421045
6,2.79,-0.915649529479466
6,2.796,-0.906875426137495
6,2.802,-0.898520468671245
6,2.808,-0.890562851147279
6,2.814,-0.882982229688184
6,2.82,-0.875759612316888
6,2.826,-0.868877258361572
6,2.832,-0.862318586510307
6,2.838,-0.856068090699602
6,2.844,-0.850111263105584
6,2.85,-0.844434523581637
6,2.856,-0.839025154953247
6,2.862,-0.833871243640172
6,2.868,-0.82896162512938
6,2.874,-0.824285833869459
6,2.88,-0.819834057199569
6,2.886,-0.815597092963968
6,2.892,-0.811566310497057
6,2.898,-0.807733614694292
6,2.904,-0.804091412911593
6,2.91,-0.800632584460557
6,2.916,-0.797350452488675
6,2.922,-0.794238758053721
6,2.928,-0.791291636219493
6,2.934,-0.788503594016071
6,2.94,-0.785869490122663
6,2.946,-0.783384516144026
6,2.952,-0.781044179363901
6,2.958,-0.778844286869412
6,2.964,-0.776780930950525
6,2.97,-0.774850475687744
6,2.976,-0.773049544649403
6,2.982,-0.771375009627518
6,2.988,-0.769823980348156
6,2.994,-0.76839379509867
6,3,-0.767082012220008
6,3.006,-0.765886402417872
6,3.012,-0.764804941851561
6,3.018,-0.76383580596406
6,3.024,-0.762977364021459
6,3.03,-0.762228174333984
6,3.036,-0.76158698013492
6,3.042,-0.761052706097527
6,3.048,-0.760624455473716
6,3.054,-0.760301507841838
6,3.06,-0.760083317454335
6,3.066,-0.759969512179554
6,3.072,-0.759959893035176
6,3.078,-0.760054434314362
6,3.084,-0.760253284308922
6,3.09,-0.760556766637328
6,3.096,-0.760965382189055
6,3.102,-0.761479811700195
6,3.108,-0.762100918979297
6,3.114,-0.762829754806318
6,3.12,-0.763667561531736
6,3.126,-0.764615778407463
6,3.132,-0.765676047685942
6,3.138,-0.766850221528882
6,3.144,-0.768140369772765
6,3.15,-0.769548788604171
6,3.156,-0.771078010204423
6,3.162,-0.772730813430313
6,3.168,-0.77451023560533
6,3.174,-0.776419585504414
6,3.18,-0.778462457624469
6,3.186,-0.780642747843523
6,3.192,-0.782964670582371
6,3.198,-0.785432777595689
6,3.204,-0.788051978533068
6,3.21,-0.790827563426339
6,3.216,-0.793765227276613
6,3.222,-0.796871096933732
6,3.228,-0.800151760482232
6,3.234,-0.803614299371858
6,3.24,-0.807266323557325
6,3.246,-0.811116009941978
6,3.252,-0.815172144453454
6,3.258,-0.819444168117013
6,3.264,-0.823942227534258
6,3.27,-0.828677230222495
6,3.276,-0.833660905323051
6,3.282,-0.838905870246945
6,3.288,-0.844425703893753
6,3.294,-0.85023502715584
6,3.3,-0.856349591505903
6,3.306,-0.862786376563056
6,3.312,-0.86956369764236
6,3.318,-0.876701324416869
6,3.324,-0.884220611961705
6,3.33,-0.892144645608898
6,3.336,-0.900498401221618
6,3.342,-0.909308922700891
6,3.348,-0.918605518768877
6,3.354,-0.928419981335132
6,3.36,-0.938786828048915
6,3.366,-0.949743571977044
6,3.372,-0.961331021726868
6,3.378,-0.973593615764095
6,3.384,-0.986579795160066
6,3.39,-1.00034241954973
6,3.396,-1.01493923169502
6,3.402,-1.03043337673547
6,3.408,-1.04689398297353
6,3.414,-1.06439681188959
6,3.42,-1.08302498601501
6,3.426,-1.10286980430532
6,3.432,-1.12403165574617
6,3.438,-1.14662104307243
6,3.444,-1.17075972965991
6,3.45,-1.19658202380991
6,3.456,-1.22423621571898
6,3.462,-1.25388618329648
6,3.468,-1.28571318350051
6,3.474,-1.31991784577011
6,3.48,-1.35672238310055
6,3.486,-1.39637303385781
6,3.492,-1.43914274288096
6,3.498,-1.48533408283206
6,3.504,-1.53528240481198
6,3.51,-1.58935918915951
6,3.516,-1.64797554062042
6,3.522,-1.71158573335809
6,3.528,-1.78069065606624
6,3.534,-1.85584092973823
6,3.54,-1.93763936257638
6,3.546,-2.02674225796603
6,3.552,-2.12385888969759
6,3.558,-2.22974818838057
6,3.564,-2.34521132686731
6,3.57,-2.47107843280484
6,3.576,-2.60818707927966
6,3.582,-2.75734950808265
6,3.588,-2.91930474994828
6,3.594,-3.09465100191014
6,3.6,-3.28375298159125
8,1.2,-0.271211040128173
8,1.206,-0.272780663496718
8,1.212,-0.274349192546727
8,1.218,-0.275916805462263
8,1.224,-0.277483680579016
8,1.23,-0.279049996552182
8,1.236,-0.280615932524574
8,1.242,-0.282181668295177
8,1.248,-0.283747384488392
8,1.254,-0.285313262724203
8,1.26,-0.286879485789487
8,1.266,-0.2884462378107
8,1.272,-0.290013704428217
8,1.278,-0.291582072972506
8,1.284,-0.293151532642435
8,1.29,-0.294722274685947
8,1.296,-0.296294492583381
8,1.302,-0.297868382233646
8,1.308,-0.299444142143614
8,1.314,-0.30102197362092
8,1.32,-0.302602080970526
8,1.326,-0.304184671695307
8,1.332,-0.305769956700975
8,1.338,-0.307358150505687
8,1.344,-0.30894947145461
8,1.35,-0.31054414193985
8,1.356,-0.312142388626052
8,1.362,-0.313744442682063
8,1.368,-0.315350540019033
8,1.374,-0.316960921535369
8,1.38,-0.31857583336894
8,1.386,-0.320195527156977
8,1.392,-0.321820260304148
8,1.398,-0.323450296259248
8,1.404,-0.325085904801019
8,1.41,-0.326727362333631
8,1.416,-0.328374952192376
8,1.422,-0.330028964960147
8,1.428,-0.331689698795272
8,1.434,-0.333357459771424
8,1.44,-0.335032562230186
8,1.446,-0.336715329147039
8,1.452,-0.338406092511483
8,1.458,-0.340105193722069
8,1.464,-0.341812983997232
8,1.47,-0.343529824802662
8,1.476,-0.345256088296305
8,1.482,-0.346992157791786
8,1.488,-0.348738428241432
8,1.494,-0.350495306739881
8,1.5,-0.352263213049448
8,1.506,-0.354042580148485
8,1.512,-0.355833854803999
8,1.518,-0.357637498169882
8,1.524,-0.359453986412213
8,1.53,-0.361283811363142
8,1.536,-0.363127481205013
8,1.542,-0.364985521186387
8,1.548,-0.366858474371876
8,1.554,-0.368746902427633
8,1.56,-0.370651386444665
8,1.566,-0.372572527802068
8,1.572,-0.374510949072611
8,1.578,-0.376467294973062
8,1.584,-0.37844223336199
8,1.59,-0.380436456287781
8,1.596,-0.382450681089986
8,1.602,-0.384485651557044
8,1.608,-0.386542139143964
8,1.614,-0.388620944253519
8,1.62,-0.390722897584886
8,1.626,-0.392848861553859
8,1.632,-0.39499973178916
8,1.638,-0.397176438709544
8,1.644,-0.399379949186808
8,1.65,-0.401611268300178
8,1.656,-0.403871441187942
8,1.662,-0.406161555002502
8,1.668,-0.408482740975652
8,1.674,-0.410836176601271
8,1.68,-0.413223087943118
8,1.686,-0.415644752076101
8,1.692,-0.418102499669876
8,1.698,-0.420597717724489
8,1.704,-0.423131852468244
8,1.71,-0.425706412429032
8,1.716,-0.428322971691053
8,1.722,-0.43098317334984
8,1.728,-0.43368873317949
8,1.734,-0.43644144352717
8,1.74,-0.439243177451046
8,1.746,-0.442095893119245
8,1.752,-0.445001638488703
8,1.758,-0.447962556284447
8,1.764,-0.450980889301517
8,1.77,-0.454058986053469
8,1.776,-0.457199306793627
8,1.782,-0.460404429937261
8,1.788,-0.46367705891537
8,1.794,-0.467020029493458
8,1.8,-0.470436317591427
8,1.806,-0.473929047644088
8,1.812,-0.47750150154511
8,1.818,-0.48115712822119
8,1.824,-0.484899553887403
8,1.83,-0.488732593039307
8,1.836,-0.492660260242561
8,1.842,-0.496686782786414
8,1.848,-0.500816614273675
8,1.854,-0.505054449226622
8,1.86,-0.509405238795953
8,1.866,-0.513874207668268
8,1.872,-0.518466872276931
8,1.878,-0.523189060431425
8,1.884,-0.528046932491875
8,1.89,-0.533047004228069
8,1.896,-0.538196171516552
8,1.902,-0.543501737045052
8,1.908,-0.548971439211136
8,1.914,-0.554613483421609
8,1.92,-0.560436576020959
8,1.926,-0.566449961101687
8,1.932,-0.572663460476809
8,1.938,-0.579087517125301
8,1.944,-0.585733242455873
8,1.95,-0.59261246777295
8,1.956,-0.599737800372284
8,1.962,-0.607122684742439
8,1.968,-0.614781469403508
8,1.974,-0.622729479976745
8,1.98,-0.630983099148791
8,1.986,-0.639559854273971
8,1.992,-0.648478513447886
8,1.998,-0.657759190987908
8,2.004,-0.667423463371924
8,2.01,-0.677494496818794
8,2.016,-0.687997187844082
8,2.022,-0.69895831829595
8,2.028,-0.71040672657183
8,2.034,-0.722373496940069
8,2.04,-0.73489216914721
8,2.046,-0.747998970785222
8,2.052,-0.761733075230773
8,2.058,-0.776136888356777
8,2.064,-0.791256367663842
8,2.07,-0.807141377995321
8,2.076,-0.8238460885958
8,2.082,-0.841429416962986
8,2.088,-0.859955525742305
8,2.094,-0.879494379841604
8,2.1,-0.900122372021669
8,2.106,-0.92192302647365
8,2.112,-0.944987791357565
8,2.118,-0.969416932983899
8,2.124,-0.995320546316356
8,2.13,-1.0228196988099
8,2.136,-1.0520477273355
8,2.142,-1.08315171115402
8,2.148,-1.11629414767316
8,2.154,-1.15165486215369
8,2.16,-1.18943318774656
8,2.166,-1.22985045838157
8,2.172,-1.27315286425823
8,2.178,-1.31961472820656
8,2.184,-1.36954227121747
8,2.19,-1.42327794725356
8,2.196,-1.48120544134491
8,2.202,-1.54375544129597
8,2.208,-1.61141231246176
8,2.214,-1.68472182741513
8,2.22,-1.76430012836041
8,2.226,-1.85084413029055
8,2.232,-1.94514360752096
8,2.238,-2.04809524562151
8,2.244,-2.16071898490607
8,2.25,-2.28417703003356
8,2.256,-2.41979595156978
8,2.262,-2.56909235668059
8,2.268,-2.73380265195262
8,2.274,-2.91591745148171
8,2.28,-3.11772117931354
8,2.286,-3.34183734337363
8,2.292,-3.5912797562888
8,2.298,-3.86950953156266
8,2.304,-4.18049677238972
8,2.31,-4.52878407165541
8,2.316,-4.91954542259431
8,2.322,-5.35862723512396
8,2.328,-5.85254448807395
8,2.334,-6.4083777170244
8,2.34,-7.03346139416445
8,2.346,-7.73464276103149
8,2.352,-8.51666777392244
8,2.358,-9.37882885342447
8,2.364,-10.308318794712
8,2.37,-11.2681043821047
8,2.376,-12.1787344138788
8,2.382,-12.9039576940372
8,2.388,-13.2736131467257
8,2.394,-13.1742034968955
8,2.4,-12.6395419844782
8,2.406,-11.821459875623
8,2.412,-10.8826922307804
8,2.418,-9.9347730596654
8,2.424,-9.0365826632108
8,2.43,-8.21287632261923
8,2.436,-7.47017232957333
8,2.442,-6.80627399495801
8,2.448,-6.21526650648465
8,2.454,-5.68998138662993
8,2.46,-5.22316018170362
8,2.466,-4.80797207364932
8,2.472,-4.43821559087364
8,2.478,-4.1083682643353
8,2.484,-3.81356538266348
8,2.49,-3.54954810698702
8,2.496,-3.31260087165511
8,2.502,-3.09948778848279
8,2.508,-2.9073925988563
8,2.514,-2.73386408199968
8,2.52,-2.57676748888584
8,2.526,-2.43424190489148
8,2.532,-2.30466313030421
8,2.538,-2.18661153938542
8,2.544,-2.07884434745757
8,2.55,-1.98027173383677
8,2.556,-1.88993631049299
8,2.562,-1.80699547795792
8,2.568,-1.73070626356907
8,2.574,-1.6604122886188
8,2.58,-1.59553255840438
8,2.586,-1.53555181174592
8,2.592,-1.48001220410057
8,2.598,-1.42850613115364
8,2.604,-1.38067002808605
8,2.61,-1.33617900405611
8,2.616,-1.29474219225795
8,2.622,-1.25609871368124
8,2.628,-1.22001416781188
8,2.634,-1.18627757635754
8,2.64,-1.15469871698418
8,2.646,-1.12510579330089
8,2.652,-1.09734339517757
8,2.658,-1.07127071013929
8,2.664,-1.04675995223336
8,2.67,-1.02369497956626
8,2.676,-1.00197007578906
8,2.682,-0.981488874282596
8,2.688,-0.962163406751951
8,2.694,-0.943913260462038
8,2.7,-0.926664830500373
8,2.706,-0.91035065529419
8,2.712,-0.894908825186005
8,2.718,-0.880282455222909
8,2.724,-0.866419214475604
8,2.73,-0.853270905200674
8,2.736,-0.840793086018915
8,2.742,-0.828944734023175
8,2.748,-0.817687941369283
8,2.754,-0.806987642456758
8,2.76,-0.796811368285753
8,2.766,-0.787129024992328
8,2.772,-0.777912693925663
8,2.778,-0.769136450945227
8,2.784,-0.760776202889939
8,2.79,-0.752809539410422
8,2.796,-0.74521559856456
8,2.802,-0.737974944759406
8,2.808,-0.731069457782724
8,2.814,-0.724482231808419
8,2.82,-0.71819748338345
8,2.826,-0.712200467512957
8,2.832,-0.706477401056098
8,2.838,-0.70101539272984
8,2.844,-0.69580237909277
8,2.85,-0.690827065947137
8,2.856,-0.686078874656083
8,2.862,-0.681547892925045
8,2.868,-0.677224829642503
8,2.874,-0.673100973416463
8,2.88,-0.669168154479599
8,2.886,-0.665418709668776
8,2.892,-0.66184545021365
8,2.898,-0.658441632095372
8,2.904,-0.65520092875956
8,2.91,-0.652117405988739
8,2.916,-0.649185498758236
8,2.922,-0.646399989916383
8,2.928,-0.643755990545106
8,2.934,-0.641248921870653
8,2.94,-0.63887449860667
8,2.946,-0.636628713622916
8,2.952,-0.634507823843196
8,2.958,-0.632508337285137
8,2.964,-0.630627001162908
8,2.97,-0.628860790981677
8,2.976,-0.627206900559381
8,2.982,-0.625662732917962
8,2.988,-0.624225891992021
8,2.994,-0.622894175108229
8,3,-0.621665566193873
8,3.006,-0.620538229677616
8,3.012,-0.619510505049734
8,3.018,-0.618580902053398
8,3.024,-0.617748096482104
8,3.03,-0.617010926562319
8,3.036,-0.616368389903596
8,3.042,-0.615819641001883
8,3.048,-0.615363989285026
8,3.054,-0.615000897692443
8,3.06,-0.61472998178421
8,3.066,-0.614551009377854
8,3.072,-0.614463900713974
8,3.078,-0.614468729155448
8,3.084,-0.614565722427512
8,3.09,-0.614755264409714
8,3.096,-0.615037897493913
8,3.102,-0.615414325526005
8,3.108,-0.615885417352749
8,3.114,-0.616452210999
8,3.12,-0.617115918504735
8,3.126,-0.617877931455739
8,3.132,-0.618739827246559
8,3.138,-0.61970337611947
8,3.144,-0.620770549028869
8,3.15,-0.621943526386509
8,3.156,-0.62322470774968
8,3.162,-0.624616722521773
8,3.168,-0.626122441742658
8,3.174,-0.627744991055203
8,3.18,-0.62948776494392
8,3.186,-0.63135444235276
8,3.192,-0.633349003800876
8,3.198,-0.635475750128665
8,3.204,-0.637739323021214
8,3.21,-0.640144727472894
8,3.216,-0.642697356375261
8,3.222,-0.645403017431277
8,3.228,-0.648267962621967
8,3.234,-0.651298920477649
8,3.24,-0.654503131435172
8,3.246,-0.657888386595364
8,3.252,-0.661463070232012
8,3.258,-0.665236206445339
8,3.264,-0.669217510400085
8,3.27,-0.673417444641595
8,3.276,-0.677847281043486
8,3.282,-0.682519169008863
8,3.288,-0.687446210624396
8,3.294,-0.692642543554685
8,3.3,-0.698123432564303
8,3.306,-0.703905370668872
8,3.312,-0.71000619104628
8,3.318,-0.716445190987547
8,3.324,-0.723243269335735
8,3.33,-0.730423079055308
8,3.336,-0.738009196795569
8,3.342,-0.746028311566034
8,3.348,-0.754509434932861
8,3.354,-0.763484135479838
8,3.36,-0.772986800661898
8,3.366,-0.783054929620945
8,3.372,-0.793729461042282
8,3.378,-0.805055140715302
8,3.384,-0.81708093413597
8,3.39,-0.829860490264684
8,3.396,-0.843452663447006
8,3.402,-0.857922101532897
8,3.408,-0.873339909413141
8,3.414,-0.889784398549905
8,3.42,-0.907341934635918
8,3.426,-0.926107897297425
8,3.432,-0.94618776778586
8,3.438,-0.967698362905047
8,3.444,-0.990769236015595
8,3.45,-1.01554426885963
8,3.456,-1.04218348115474
8,3.462,-1.07086508839534
8,3.468,-1.10178784201205
8,3.474,-1.13517368986126
8,3.48,-1.17127079874863
8,3.486,-1.21035698400546
8,3.492,-1.25274359352093
8,3.498,-1.29877989429648
8,3.504,-1.34885800733642
8,3.51,-1.40341842974578
8,3.516,-1.46295616865642
8,3.522,-1.52802748622872
8,3.528,-1.59925721295604
8,3.534,-1.67734651990151
8,3.54,-1.76308093802102
8,3.546,-1.85733825841531
8,3.552,-1.96109571889929
8,3.558,-2.07543554889526
8,3.564,-2.20154746458964
8,3.57,-2.34072602423085
8,3.576,-2.4943597987265
8,3.582,-2.66390800018752
8,3.588,-2.85085844891872
8,3.594,-3.05665847205595
8,3.6,-3.28260751026539
10,1.2,-0.243233695008303
10,1.206,-0.2444078815811
10,1.212,-0.245583626479037
10,1.218,-0.246761007186488
10,1.224,-0.24794010331244
10,1.23,-0.249120996689984
10,1.236,-0.250303771477732
10,1.242,-0.251488514263311
10,1.248,-0.252675314169058
10,1.254,-0.253864262960112
10,1.26,-0.255055455155013
10,1.266,-0.256248988138968
10,1.272,-0.257444962280008
10,1.278,-0.258643481048128
10,1.284,-0.25984465113765
10,1.29,-0.261048582592983
10,1.296,-0.262255388937934
10,1.302,-0.263465187308826
10,1.308,-0.264678098591614
10,1.314,-0.26589424756319
10,1.32,-0.267113763037141
10,1.326,-0.268336778014195
10,1.332,-0.269563429837588
10,1.338,-0.27079386035361
10,1.344,-0.272028216077641
10,1.35,-0.273266648365912
10,1.356,-0.274509313593327
10,1.362,-0.275756373337652
10,1.368,-0.277007994570397
10,1.374,-0.27826434985474
10,1.38,-0.279525617550858
10,1.386,-0.280791982029039
10,1.392,-0.282063633891007
10,1.398,-0.283340770199841
10,1.404,-0.284623594718975
10,1.41,-0.285912318160713
10,1.416,-0.287207158444786
10,1.422,-0.288508340967451
10,1.428,-0.289816098881689
10,1.434,-0.291130673389089
10,1.44,-0.292452314044016
10,1.446,-0.293781279070732
10,1.452,-0.295117835694119
10,1.458,-0.296462260484789
10,1.464,-0.297814839719246
10,1.47,-0.299175869756026
10,1.476,-0.300545657428568
10,1.482,-0.301924520455778
10,1.488,-0.303312787871242
10,1.494,-0.30471080047207
10,1.5,-0.306118911288486
10,1.506,-0.307537486075265
10,1.512,-0.308966903826284
10,1.518,-0.310407557313424
10,1.524,-0.311859853651171
10,1.53,-0.31332421488845
10,1.536,-0.314801078629143
10,1.542,-0.316290898682949
10,1.548,-0.317794145748378
10,1.554,-0.319311308129651
10,1.56,-0.320842892489534
10,1.566,-0.322389424640185
10,1.572,-0.323951450374248
10,1.578,-0.325529536338574
10,1.584,-0.327124270953118
10,1.59,-0.328736265377719
10,1.596,-0.330366154529652
10,1.602,-0.332014598155046
10,1.608,-0.333682281957452
10,1.614,-0.335369918787114
10,1.62,-0.337078249894686
10,1.626,-0.338808046253446
10,1.632,-0.340560109954331
10,1.638,-0.342335275678368
10,1.644,-0.34413441225155
10,1.65,-0.345958424287351
10,1.656,-0.347808253922688
10,1.662,-0.349684882653344
10,1.668,-0.351589333275513
10,1.674,-0.353522671940427
10,1.68,-0.355486010329707
10,1.686,-0.357480507959557
10,1.692,-0.359507374622634
10,1.698,-0.361567872976918
10,1.704,-0.363663321291906
10,1.71,-0.365795096363003
10,1.716,-0.367964636605963
10,1.722,-0.370173445344209
10,1.728,-0.372423094302749
10,1.734,-0.374715227323651
10,1.74,-0.377051564319219
10,1.746,-0.379433905480252
10,1.752,-0.381864135758332
10,1.758,-0.384344229642648
10,1.764,-0.38687625625346
10,1.77,-0.38946238477639
10,1.776,-0.392104890263661
10,1.782,-0.394806159830697
10,1.788,-0.397568699279049
10,1.794,-0.40039514017922
10,1.8,-0.403288247450094
10,1.806,-0.406250927474857
10,1.812,-0.409286236797009
10,1.818,-0.412397391443972
10,1.824,-0.415587776930322
10,1.83,-0.418860958997359
10,1.836,-0.422220695151294
10,1.842,-0.425670947068042
10,1.848,-0.429215893939386
10,1.854,-0.432859946842338
10,1.86,-0.436607764221675
10,1.866,-0.440464268584616
10,1.872,-0.444434664516309
10,1.878,-0.448524458136099
10,1.884,-0.452739478126586
10,1.89,-0.457085898481283
10,1.896,-0.461570263131895
10,1.902,-0.466199512633291
10,1.908,-0.470981013103174
10,1.914,-0.475922587634957
10,1.92,-0.481032550426001
10,1.926,-0.486319743890264
10,1.932,-0.491793579054489
10,1.938,-0.4974640795708
10,1.944,-0.503341929716708
10,1.95,-0.50943852679643
10,1.956,-0.515766038405852
10,1.962,-0.522337465078258
10,1.968,-0.529166708889945
10,1.974,-0.536268648675006
10,1.98,-0.543659222578453
10,1.986,-0.551355518767296
10,1.992,-0.559375875222527
10,1.998,-0.567739989652376
10,2.004,-0.576469040701637
10,2.01,-0.585585821785177
10,2.016,-0.595114889049691
10,2.022,-0.605082725169254
10,2.028,-0.615517920911953
10,2.034,-0.626451376681373
10,2.04,-0.637916526544015
10,2.046,-0.649949587608404
10,2.052,-0.662589838031974
10,2.058,-0.675879927407278
10,2.064,-0.68986622383072
10,2.07,-0.704599202598766
10,2.076,-0.720133882223933
10,2.082,-0.736530314335191
10,2.088,-0.753854135047474
10,2.094,-0.772177186579814
10,2.1,-0.791578219304324
10,2.106,-0.812143686057636
10,2.112,-0.833968642490248
10,2.118,-0.857157769524035
10,2.124,-0.881826536703404
10,2.13,-0.908102528443832
10,2.136,-0.936126959004667
10,2.142,-0.966056406563018
10,2.148,-0.998064802192248
10,2.154,-1.03234571603331
10,2.16,-1.06911499071268
10,2.166,-1.10861378137777
10,2.172,-1.15111207292329
10,2.178,-1.19691275847688
10,2.184,-1.24635637950436
10,2.19,-1.2998266476006
10,2.196,-1.35775689191937
10,2.202,-1.42063760521255
10,2.208,-1.48902529677638
10,2.214,-1.56355290371844
10,2.22,-1.64494206472027
10,2.226,-1.73401762523275
10,2.232,-1.83172482282091
10,2.238,-1.93914970008224
10,2.244,-2.05754341534522
10,2.25,-2.18835127511844
10,2.256,-2.33324750645385
10,2.262,-2.4941770352379
10,2.268,-2.67340585685461
10,2.274,-2.87358200629712
10,2.28,-3.09780969658942
10,2.286,-3.3497399585534
10,2.292,-3.63368217291268
10,2.298,-3.95474237138695
10,2.304,-4.318996283798
10,2.31,-4.73370805520986
10,2.316,-5.20760954605701
10,2.322,-5.75125999477985
10,2.328,-6.37750996657
10,2.334,-7.10209048006322
10,2.34,-7.94431583956369
10,2.346,-8.92775386995626
10,2.352,-10.0802372999621
10,2.358,-11.4309450185253
10,2.364,-12.9967237173002
10,2.37,-14.7324769630691
10,2.376,-16.3870133764787
10,2.382,-17.3054960994649
10,2.388,-16.8528487944577
10,2.394,-15.3785138475848
10,2.4,-13.6404629032803
10,2.406,-12.01813713234
10,2.412,-10.6056525584604
10,2.418,-9.39889302582546
10,2.424,-8.37034202681944
10,2.43,-7.49103443232169
10,2.436,-6.73584346993317
10,2.442,-6.08407624387677
10,2.448,-5.51890744649906
10,2.454,-5.0266478366282
10,2.46,-4.59610144521854
10,2.466,-4.21805228748744
10,2.472,-3.88486567453333
10,2.478,-3.59017963667031
10,2.484,-3.32866468024379
10,2.49,-3.09583501015803
10,2.496,-2.88789872744676
10,2.502,-2.7016378539376
10,2.508,-2.53431145699368
10,2.514,-2.38357687293364
10,2.52,-2.24742525946567
10,2.526,-2.12412859573154
10,2.532,-2.01219589848728
10,2.538,-1.91033690615797
10,2.544,-1.81743184745021
10,2.55,-1.73250619082874
10,2.556,-1.65470948813481
10,2.562,-1.58329759579469
10,2.568,-1.51761769173362
10,2.574,-1.45709561347262
10,2.58,-1.40122512900621
10,2.586,-1.34955882149681
10,2.592,-1.3017003250502
10,2.598,-1.25729769454217
10,2.604,-1.2160377297404
10,2.61,-1.17764110445572
10,2.616,-1.14185817646591
10,2.622,-1.10846537452295
10,2.628,-1.07726207571032
10,2.634,-1.04806790043029
10,2.64,-1.02072036390803
10,2.646,-0.99507283273602
10,2.652,-0.970992743001358
10,2.658,-0.948360043225582
10,2.664,-0.927065830936088
10,2.67,-0.90701115637007
10,2.676,-0.888105970741843
10,2.682,-0.870268199810852
10,2.688,-0.853422926274665
10,2.694,-0.837501666866255
10,2.7,-0.822441732028016
10,2.706,-0.808185657726393
10,2.712,-0.794680700408111
10,2.718,-0.781878387323809
10,2.724,-0.769734115489496
10,2.73,-0.758206793450013
10,2.736,-0.747258520774266
10,2.742,-0.736854300869028
10,2.748,-0.726961783263454
10,2.754,-0.717551032003283
10,2.76,-0.708594317214067
10,2.766,-0.700065927256137
10,2.772,-0.691941999208993
10,2.778,-0.684200365695679
10,2.784,-0.676820416295514
10,2.79,-0.669782971999872
10,2.796,-0.663070171346325
10,2.802,-0.656665367023581
10,2.808,-0.650553031877716
10,2.814,-0.644718673370639
10,2.82,-0.639148755647804
10,2.826,-0.633830628465194
10,2.832,-0.628752462307587
10,2.838,-0.623903189102273
10,2.844,-0.619272447996265
10,2.85,-0.614850535721208
10,2.856,-0.610628361120356
10,2.862,-0.606597403455922
10,2.868,-0.602749674154636
10,2.874,-0.599077681684041
10,2.88,-0.595574399283243
10,2.886,-0.592233235299516
10,2.892,-0.589048005906803
10,2.898,-0.586012910004348
10,2.904,-0.583122506113414
10,2.91,-0.580371691107744
10,2.916,-0.577755680629431
10,2.922,-0.575269991055987
10,2.928,-0.572910422897542
10,2.934,-0.570673045514394
10,2.94,-0.568554183055924
10,2.946,-0.566550401531177
10,2.952,-0.564658496930089
10,2.958,-0.562875484322165
10,2.964,-0.561198587866528
10,2.97,-0.559625231673704
10,2.976,-0.55815303146557
10,2.982,-0.556779786985174
10,2.988,-0.555503475113369
10,2.994,-0.554322243653682
10,3,-0.553234405751182
10,3.006,-0.55223843491525
10,3.012,-0.551332960619689
10,3.018,-0.550516764457448
10,3.024,-0.549788776830216
10,3.03,-0.549148074156799
10,3.036,-0.548593876586823
10,3.042,-0.548125546209555
10,3.048,-0.547742585750531
10,3.054,-0.547444637751294
10,3.06,-0.547231484230752
10,3.066,-0.547103046829035
10,3.072,-0.54705938743815
10,3.078,-0.547100709325999
10,3.084,-0.547227358763949
10,3.09,-0.547439827170723
10,3.096,-0.547738753788949
10,3.102,-0.548124928913925
10,3.108,-0.548599297697818
10,3.114,-0.549162964556321
10,3.12,-0.549817198208876
10,3.126,-0.550563437388079
10,3.132,-0.551403297258439
10,3.138,-0.552338576590154
10,3.144,-0.553371265738916
10,3.15,-0.554503555489215
10,3.156,-0.555737846825164
10,3.162,-0.557076761700564
10,3.168,-0.558523154888072
10,3.174,-0.560080126996395
10,3.18,-0.561751038754857
10,3.186,-0.563539526675537
10,3.192,-0.565449520216046
10,3.198,-0.567485260579832
10,3.204,-0.569651321306503
10,3.21,-0.57195263082221
10,3.216,-0.574394497139556
10,3.222,-0.576982634918616
10,3.228,-0.579723195125257
10,3.234,-0.582622797550618
10,3.24,-0.585688566487173
10,3.246,-0.588928169891794
10,3.252,-0.592349862406486
10,3.258,-0.595962532652341
10,3.264,-0.599775755263729
10,3.27,-0.603799848187649
10,3.276,-0.608045935839305
10,3.282,-0.612526018780052
10,3.288,-0.61725305066953
10,3.294,-0.6222410233414
10,3.3,-0.627505060963828
10,3.306,-0.633061524373556
10,3.312,-0.638928126818683
10,3.318,-0.645124062513343
10,3.324,-0.651670149600257
10,3.33,-0.658588989339298
10,3.336,-0.665905143595857
10,3.342,-0.673645332997946
10,3.348,-0.681838658471948
10,3.354,-0.690516849261161
10,3.36,-0.699714540988216
10,3.366,-0.70946958785189
10,3.372,-0.719823413664193
10,3.378,-0.730821407147882
10,3.384,-0.742513367746735
10,3.39,-0.754954009168762
10,3.396,-0.768203529011555
10,3.402,-0.782328254134671
10,3.408,-0.797401372979039
10,3.414,-0.813503767824622
10,3.42,-0.830724962066114
10,3.426,-0.849164200022279
10,3.432,-0.868931679630254
10,3.438,-0.890149961673328
10,3.444,-0.912955583014186
10,3.45,-0.937500905724208
10,3.456,-0.963956239080918
10,3.462,-0.992512277210608
10,3.468,-1.02338290172441
10,3.474,-1.05680840604022
10,3.48,-1.0930592061444
10,3.486,-1.1324401111653
10,3.492,-1.1752952359742
10,3.498,-1.222013646502
10,3.504,-1.27303583554871
10,3.51,-1.32886113092275
10,3.516,-1.3900561361723
10,3.522,-1.45726429291158
10,3.528,-1.5312166265945
10,3.534,-1.61274368514236
10,3.54,-1.70278858796722
10,3.546,-1.80242095061534
10,3.552,-1.91285120640798
10,3.558,-2.03544446553985
10,3.564,-2.17173246802086
10,3.57,-2.32342130483436
10,3.576,-2.4923912680259
10,3.582,-2.68068326095479
10,3.588,-2.8904634105805
10,3.594,-3.12395357262657
10,3.6,-3.38330998588105
12,1.2,-0.225471083145233
12,1.206,-0.226540370483251
12,1.212,-0.227610100681558
12,1.218,-0.228680376180799
12,1.224,-0.229751300707149
12,1.23,-0.230822979383131
12,1.236,-0.231895518839679
12,1.242,-0.232969027329677
12,1.248,-0.234043614843074
12,1.254,-0.235119393223774
12,1.26,-0.236196476288485
12,1.266,-0.237274979947638
12,1.272,-0.23835502232863
12,1.278,-0.239436723901514
12,1.284,-0.240520207607364
12,1.29,-0.241605598989485
12,1.296,-0.242693026327695
12,1.302,-0.243782620775856
12,1.308,-0.244874516502895
12,1.314,-0.245968850837549
12,1.32,-0.247065764417015
12,1.326,-0.248165401339821
12,1.332,-0.249267909323141
12,1.338,-0.250373439864758
12,1.344,-0.251482148410064
12,1.35,-0.252594194524312
12,1.356,-0.25370974207042
12,1.362,-0.254828959392672
12,1.368,-0.255952019506633
12,1.374,-0.257079100295621
12,1.38,-0.258210384714109
12,1.386,-0.259346060998412
12,1.392,-0.260486322885102
12,1.398,-0.261631369837538
12,1.404,-0.262781407280957
12,1.41,-0.263936646846609
12,1.416,-0.265097306625407
12,1.422,-0.266263611431617
12,1.428,-0.267435793077139
12,1.434,-0.26861409065694
12,1.44,-0.269798750846232
12,1.446,-0.270990028210093
12,1.452,-0.272188185526128
12,1.458,-0.273393494120941
12,1.464,-0.274606234221135
12,1.47,-0.27582669531969
12,1.476,-0.277055176558486
12,1.482,-0.278291987127938
12,1.488,-0.279537446684667
12,1.494,-0.280791885788157
12,1.5,-0.282055646357583
12,1.506,-0.283329082149804
12,1.512,-0.284612559259815
12,1.518,-0.285906456644881
12,1.524,-0.287211166673737
12,1.53,-0.288527095702252
12,1.536,-0.28985466467711
12,1.542,-0.291194309769128
12,1.548,-0.292546483037946
12,1.554,-0.293911653129884
12,1.56,-0.295290306010989
12,1.566,-0.296682945737315
12,1.572,-0.29809009526466
12,1.578,-0.299512297300176
12,1.584,-0.300950115198326
12,1.59,-0.302404133903917
12,1.596,-0.303874960945111
12,1.602,-0.305363227479484
12,1.608,-0.306869589396413
12,1.614,-0.308394728479359
12,1.62,-0.30993935363179
12,1.626,-0.311504202170783
12,1.632,-0.313090041192671
12,1.638,-0.314697669015354
12,1.644,-0.316327916702223
12,1.65,-0.317981649673094
12,1.656,-0.319659769407891
12,1.662,-0.321363215249126
12,1.668,-0.323092966309972
12,1.674,-0.324850043494889
12,1.68,-0.326635511640564
12,1.686,-0.328450481785396
12,1.692,-0.330296113576349
12,1.698,-0.332173617822849
12,1.704,-0.334084259207982
12,1.71,-0.336029359168176
12,1.716,-0.338010298953394
12,1.722,-0.340028522880867
12,1.728,-0.342085541796398
12,1.734,-0.344182936758536
12,1.74,-0.346322362961992
12,1.746,-0.348505553918276
12,1.752,-0.350734325912836
12,1.758,-0.353010582759725
12,1.764,-0.355336320876639
12,1.77,-0.357713634705092
12,1.776,-0.360144722502654
12,1.782,-0.362631892536635
12,1.788,-0.365177569711095
12,1.794,-0.367784302662045
12,1.8,-0.370454771358758
12,1.806,-0.373191795252646
12,1.812,-0.375998342018994
12,1.818,-0.378877536941055
12,1.824,-0.38183267299062
12,1.83,-0.384867221664505
12,1.836,-0.387984844641882
12,1.842,-0.391189406333882
12,1.848,-0.394484987403843
12,1.854,-0.39787589934431
12,1.86,-0.401366700205609
12,1.866,-0.404962211580362
12,1.872,-0.408667536959007
12,1.878,-0.41248808158333
12,1.884,-0.416429573938275
12,1.89,-0.42049808903709
12,1.896,-0.424700073671575
12,1.902,-0.429042373817628
12,1.908,-0.433532264407143
12,1.914,-0.438177481700712
12,1.92,-0.442986258521697
12,1.926,-0.447967362641802
12,1.932,-0.453130138641499
12,1.938,-0.458484553606033
12,1.944,-0.464041247060123
12,1.95,-0.469811585592265
12,1.956,-0.475807722673631
12,1.962,-0.482042664238035
12,1.968,-0.488530340659101
12,1.974,-0.495285685840075
12,1.98,-0.502324724221942
12,1.986,-0.509664666618555
12,1.992,-0.517324015905075
12,1.998,-0.525322683720613
12,2.004,-0.533682119500231
12,2.01,-0.542425453328526
12,2.016,-0.551577654310533
12,2.022,-0.561165706390321
12,2.028,-0.57121880381816
12,2.034,-0.581768568779842
12,2.04,-0.592849294063996
12,2.046,-0.604498214063461
12,2.052,-0.616755807894912
12,2.058,-0.629666138990006
12,2.064,-0.643277236174711
12,2.07,-0.657641522029522
12,2.076,-0.672816295232267
12,2.082,-0.688864274652398
12,2.088,-0.705854214221164
12,2.094,-0.723861599082248
12,2.1,-0.742969435276344
12,2.106,-0.763269147284186
12,2.112,-0.78486160021025
12,2.118,-0.807858266313092
12,2.124,-0.832382559074153
12,2.13,-0.858571362162387
12,2.136,-0.886576785642674
12,2.142,-0.916568187768226
12,2.148,-0.948734507910826
12,2.154,-0.983286964887882
12,2.16,-1.02046218547713
12,2.166,-1.06052584068437
12,2.172,-1.10377688286606
12,2.178,-1.15055249575498
12,2.184,-1.2012338926063
12,2.19,-1.25625312609988
12,2.196,-1.31610110859731
12,2.202,-1.38133708451162
12,2.208,-1.45259985001936
12,2.214,-1.53062108186147
12,2.22,-1.61624122011028
12,2.226,-1.71042845423582
12,2.232,-1.81430149390879
12,2.238,-1.92915697435416
12,2.244,-2.05650256274665
12,2.25,-2.19809711427239
12,2.256,-2.35599959919305
12,2.262,-2.53262902332072
12,2.268,-2.73083825213558
12,2.274,-2.95400561599125
12,2.28,-3.20614957110521
12,2.286,-3.49207376893949
12,2.292,-3.81755307090159
12,2.298,-4.18957607374351
12,2.304,-4.61666788677037
12,2.31,-5.10933057314389
12,2.316,-5.68066215501232
12,2.322,-6.34725651231354
12,2.328,-7.13056147117919
12,2.334,-8.05901108397985
12,2.34,-9.17150734307251
12,2.346,-10.5232942910516
12,2.352,-12.1959231423258
12,2.358,-14.3122483225274
12,2.364,-17.0383358623462
12,2.37,-20.3565550585082
12,2.376,-22.3756839569723
12,2.382,-20.1730091629106
12,2.388,-16.8930146191391
12,2.394,-14.2285419661413
12,2.4,-12.1623702786013
12,2.406,-10.5293201649096
12,2.412,-9.20933813994008
12,2.418,-8.1227878942226
12,2.424,-7.21565747762088
12,2.43,-6.44988593496787
12,2.436,-5.79766075057055
12,2.442,-5.23802587666172
12,2.448,-4.75479519974282
12,2.454,-4.33521793050022
12,2.46,-3.96909128541487
12,2.466,-3.64814891162503
12,2.472,-3.36562553597606
12,2.478,-3.1159382448042
12,2.484,-2.89444753879663
12,2.49,-2.69727462295172
12,2.496,-2.5211594133113
12,2.502,-2.36334871515535
12,2.508,-2.22150720104568
12,2.514,-2.0936459019108
12,2.52,-1.97806433304475
12,2.526,-1.8733033545126
12,2.532,-1.77810656081556
12,2.538,-1.69138850024926
12,2.544,-1.61220839909337
12,2.55,-1.53974834805429
12,2.556,-1.47329512399266
12,2.562,-1.412224986561
12,2.568,-1.3559909193446
12,2.574,-1.30411188731628
12,2.58,-1.25616376336446
12,2.586,-1.2117716411367
12,2.592,-1.17060330307477
12,2.598,-1.1323636540511
12,2.604,-1.09678996456478
12,2.61,-1.06364779465658
12,2.616,-1.03272749183462
12,2.622,-1.00384117437132
12,2.628,-0.976820126128998
12,2.634,-0.951512541226606
12,2.64,-0.927781566873458
12,2.646,-0.905503600968772
12,2.652,-0.884566807919047
12,2.658,-0.864869821818278
12,2.664,-0.846320610877004
12,2.67,-0.828835480945037
12,2.676,-0.812338199286122
12,2.682,-0.796759222543657
12,2.688,-0.782035015175026
12,2.694,-0.768107446604539
12,2.7,-0.754923257010944
12,2.706,-0.742433583077438
12,2.712,-0.730593536230123
12,2.718,-0.719361826910211
12,2.724,-0.708700429294789
12,2.73,-0.698574281623032
12,2.736,-0.688951017921028
12,2.742,-0.679800727463311
12,2.748,-0.671095738778469
12,2.754,-0.662810425409583
12,2.76,-0.654921030988899
12,2.766,-0.647405511487282
12,2.772,-0.640243392759819
12,2.778,-0.633415641735377
12,2.784,-0.626904549794546
12,2.79,-0.620693627051789
12,2.796,-0.614767506406947
12,2.802,-0.609111856361794
12,2.808,-0.603713301711487
12,2.814,-0.5985593513209
12,2.82,-0.593638332283668
12,2.826,-0.588939329838942
12,2.832,-0.584452132489049
12,2.838,-0.580167181820929
12,2.844,-0.576075526587557
12,2.85,-0.572168780652003
12,2.856,-0.568439084438634
12,2.862,-0.564879069572481
12,2.868,-0.561481826420641
12,2.874,-0.558240874278586
12,2.88,-0.555150133970151
12,2.886,-0.552203902653091
12,2.892,-0.549396830642678
12,2.898,-0.546723900084315
12,2.904,-0.544180405322605
12,2.91,-0.541761934829241
12,2.916,-0.539464354565269
12,2.922,-0.537283792665353
12,2.928,-0.535216625342498
12,2.934,-0.533259463921308
12,2.94,-0.531409142916849
12,2.946,-0.529662709084008
12,2.952,-0.528017411369707
12,2.958,-0.526470691706604
12,2.964,-0.525020176593449
12,2.97,-0.523663669412144
12,2.976,-0.522399143437213
12,2.982,-0.521224735497687
12,2.988,-0.520138740255681
12,2.994,-0.519139605070288
12,3,-0.518225925418697
12,3.006,-0.517396440850222
12,3.012,-0.516650031452049
12,3.018,-0.515985714808687
12,3.024,-0.515402643440125
12,3.03,-0.514900102706261
12,3.036,-0.514477509168362
12,3.042,-0.514134409400515
12,3.048,-0.513870479247099
12,3.054,-0.513685523524504
12,3.06,-0.513579476168318
12,3.066,-0.513552400829592
12,3.072,-0.513604491926501
12,3.078,-0.513736076160665
12,3.084,-0.513947614509921
12,3.09,-0.514239704712697
12,3.096,-0.514613084261923
12,3.102,-0.515068633929941
12,3.108,-0.515607381849377
12,3.114,-0.516230508178579
12,3.12,-0.516939350384482
12,3.126,-0.517735409180035
12,3.132,-0.518620355158156
12,3.138,-0.519596036169377
12,3.144,-0.520664485496057
12,3.15,-0.521827930882339
12,3.156,-0.523088804485883
12,3.162,-0.524449753824987
12,3.168,-0.525913653803368
12,3.174,-0.527483619903825
12,3.18,-0.52916302265288
12,3.186,-0.530955503469603
12,3.192,-0.532864992025149
12,3.198,-0.534895725253627
12,3.204,-0.537052268171286
12,3.21,-0.539339536679027
12,3.216,-0.541762822543547
12,3.222,-0.544327820775327
12,3.228,-0.547040659647367
12,3.234,-0.549907933627608
12,3.24,-0.552936739530729
12,3.246,-0.556134716232101
12,3.252,-0.55951008832864
12,3.258,-0.563071714178858
12,3.264,-0.566829138808614
12,3.27,-0.570792652230366
12,3.276,-0.574973353794058
12,3.282,-0.579383223267433
12,3.288,-0.584035199435066
12,3.294,-0.588943267109831
12,3.3,-0.594122553570246
12,3.306,-0.599589435574579
12,3.312,-0.605361658260446
12,3.318,-0.611458467420588
12,3.324,-0.617900756855066
12,3.33,-0.62471123274207
12,3.336,-0.631914597249732
12,3.342,-0.639537753935372
12,3.348,-0.647610037855027
12,3.354,-0.656163473743097
12,3.36,-0.665233066130891
12,3.366,-0.674857125865547
12,3.372,-0.685077638183182
12,3.378,-0.695940678299034
12,3.384,-0.707496881424374
12,3.39,-0.719801975230333
12,3.396,-0.732917384081416
12,3.402,-0.746910915892452
12,3.408,-0.76185754426338
12,3.414,-0.777840300665663
12,3.42,-0.794951293951438
12,3.426,-0.813292877398322
12,3.432,-0.83297898697123
12,3.438,-0.854136678567886
12,3.444,-0.876907896824682
12,3.45,-0.901451513713968
12,3.456,-0.927945681795456
12,3.462,-0.956590554737367
12,3.468,-0.987611436742939
12,3.474,-1.02126243294343
12,3.48,-1.05783068475704
12,3.486,-1.09764128770538
12,3.492,-1.141063004143
12,3.498,-1.18851489949052
12,3.504,-1.24047404720716
12,3.51,-1.29748446364025
12,3.516,-1.36016744685685
12,3.522,-1.42923349992394
12,3.528,-1.50549601288306
12,3.534,-1.5898868493335
12,3.54,-1.68347391810239
12,3.546,-1.78748068462246
12,3.552,-1.90330735438686
12,3.558,-2.03255308711318
12,3.564,-2.17703799119976
12,3.57,-2.33882267695169
12,3.576,-2.52022162369774
12,3.582,-2.72380425770555
12,3.588,-2.9523740312034
12,3.594,-3.20891034848605
12,3.6,-3.49645010437406
14,1.2,-0.231149204515952
14,1.206,-0.232378897604256
14,1.212,-0.233609198673616
14,1.218,-0.234840205028069
14,1.224,-0.236072015472284
14,1.23,-0.237304730424201
14,1.236,-0.238538452029158
14,1.242,-0.239773284275496
14,1.248,-0.241009333111937
14,1.254,-0.242246706566837
14,1.26,-0.243485514869482
14,1.266,-0.244725870573647
14,1.272,-0.245967888683562
14,1.278,-0.247211686782473
14,1.284,-0.24845738516401
14,1.29,-0.249705106966552
14,1.296,-0.250954978310773
14,1.302,-0.252207128440634
14,1.308,-0.253461689867979
14,1.314,-0.254718798521024
14,1.32,-0.255978593896918
14,1.326,-0.257241219218702
14,1.332,-0.258506821596835
14,1.338,-0.259775552195625
14,1.344,-0.261047566404846
14,1.35,-0.26232302401677
14,1.356,-0.263602089409008
14,1.362,-0.264884931733426
14,1.368,-0.266171725111513
14,1.374,-0.267462648836506
14,1.38,-0.26875788758271
14,1.386,-0.270057631622336
14,1.392,-0.271362077050337
14,1.398,-0.272671426017606
14,1.404,-0.273985886973054
14,1.41,-0.275305674915
14,1.416,-0.276631011652382
14,1.422,-0.277962126076365
14,1.428,-0.279299254442838
14,1.434,-0.280642640666445
14,1.44,-0.281992536626754
14,1.446,-0.283349202487192
14,1.452,-0.28471290702752
14,1.458,-0.286083927990482
14,1.464,-0.287462552443485
14,1.47,-0.288849077156106
14,1.476,-0.290243808994267
14,1.482,-0.291647065332041
14,1.488,-0.293059174482056
14,1.494,-0.294480476145508
14,1.5,-0.295911321882906
14,1.506,-0.297352075606698
14,1.512,-0.298803114097015
14,1.518,-0.300264827541853
14,1.524,-0.301737620103081
14,1.53,-0.303221910509736
14,1.536,-0.30471813268023
14,1.542,-0.306226736375068
14,1.548,-0.307748187881941
14,1.554,-0.30928297073504
14,1.56,-0.31083158647059
14,1.566,-0.312394555420862
14,1.572,-0.313972417548808
14,1.578,-0.31556573332592
14,1.584,-0.31717508465581
14,1.59,-0.318801075846375
14,1.596,-0.320444334633497
14,1.602,-0.322105513259471
14,1.608,-0.323785289609568
14,1.614,-0.325484368410394
14,1.62,-0.327203482493922
14,1.626,-0.328943394131413
14,1.632,-0.330704896441659
14,1.638,-0.332488814878391
14,1.644,-0.334296008801995
14,1.65,-0.336127373141042
14,1.656,-0.337983840149592
14,1.662,-0.339866381266663
14,1.668,-0.341776009084666
14,1.674,-0.343713779434268
14,1.68,-0.345680793593542
14,1.686,-0.347678200630011
14,1.692,-0.349707199884779
14,1.698,-0.351769043608661
14,1.704,-0.353865039761108
14,1.71,-0.355996554983409
14,1.716,-0.358165017758715
14,1.722,-0.36037192177243
14,1.728,-0.362618829487518
14,1.734,-0.36490737595061
14,1.74,-0.367239272846042
14,1.746,-0.369616312816345
14,1.752,-0.372040374069446
14,1.758,-0.374513425294337
14,1.764,-0.377037530909055
14,1.77,-0.379614856666756
14,1.776,-0.382247675648021
14,1.782,-0.384938374669896
14,1.788,-0.387689461145118
14,1.794,-0.390503570427759
14,1.8,-0.393383473684992
14,1.806,-0.39633208633827
14,1.812,-0.399352477121294
14,1.818,-0.402447877806485
14,1.824,-0.405621693656787
14,1.83,-0.408877514664786
14,1.836,-0.412219127647507
14,1.842,-0.41565052927152
14,1.848,-0.419175940090783
14,1.854,-0.422799819687565
14,1.86,-0.426526883016089
14,1.866,-0.430362118058686
14,1.872,-0.434310804915499
14,1.878,-0.438378536461553
14,1.884,-0.442571240718939
14,1.89,-0.446895205107781
14,1.896,-0.4513571027572
14,1.902,-0.455964021077337
14,1.908,-0.460723492815564
14,1.914,-0.465643529845081
14,1.92,-0.470732659961961
14,1.926,-0.475999966998319
14,1.932,-0.481455134594895
14,1.938,-0.487108494016365
14,1.944,-0.49297107643829
14,1.95,-0.499054670185811
14,1.956,-0.505371883462652
14,1.962,-0.511936213175048
14,1.968,-0.518762120530583
14,1.974,-0.525865114177467
14,1.98,-0.533261841747667
14,1.986,-0.540970190778913
14,1.992,-0.549009400118349
14,1.998,-0.557400183057069
14,2.004,-0.566164863612908
14,2.01,-0.575327527572136
14,2.016,-0.584914190123473
14,2.022,-0.594952982174903
14,2.028,-0.605474357740829
14,2.034,-0.616511325131522
14,2.04,-0.628099705076079
14,2.046,-0.640278419374833
14,2.052,-0.653089814218134
14,2.058,-0.666580022940323
14,2.064,-0.680799373716707
14,2.07,-0.695802848577788
14,2.076,-0.711650601132686
14,2.082,-0.72840854159216
14,2.088,-0.746148999095438
14,2.094,-0.76495147301747
14,2.1,-0.784903486915278
14,2.106,-0.806101561127547
14,2.112,-0.828652322846747
14,2.118,-0.852673775832397
14,2.124,-0.878296755943223
14,2.13,-0.90566660347656
14,2.136,-0.934945089091394
14,2.142,-0.966312637073015
14,2.148,-0.999970898142434
14,2.154,-1.03614573425624
14,2.16,-1.07509069030137
14,2.166,-1.1170910427871
14,2.172,-1.16246853423237
14,2.178,-1.21158692476958
14,2.184,-1.26485852059131
14,2.19,-1.32275187359275
14,2.196,-1.38580088963174
14,2.202,-1.45461563645564
14,2.208,-1.52989520941563
14,2.214,-1.6124430973904
14,2.22,-1.70318559790385
14,2.226,-1.80319396602
14,2.232,-1.91371115551
14,2.238,-2.03618423595803
14,2.244,-2.17230386438124
14,2.25,-2.32405258159957
14,2.256,-2.49376423257079
14,2.262,-2.6841975388174
14,2.268,-2.8986278792927
14,2.274,-3.14096282567754
14,2.28,-3.41588920077302
14,2.286,-3.72906285136023
14,2.292,-4.08735777358994
14,2.298,-4.49920019272761
14,2.304,-4.97502846539648
14,2.31,-5.52794661382311
14,2.316,-6.17468869744791
14,2.322,-6.93710576191525
14,2.328,-7.84457735033598
14,2.334,-8.93815632729355
14,2.34,-10.2781921146604
14,2.346,-11.9595329640994
14,2.352,-14.1449500487117
14,2.358,-17.1467568378758
14,2.364,-21.6142216986864
14,2.37,-27.2269318024567
14,2.376,-23.4588094651852
14,2.382,-18.3575592699533
14,2.388,-14.9957407497795
14,2.394,-12.6054160224063
14,2.4,-10.7942295678268
14,2.406,-9.36504920811035
14,2.412,-8.20669577232154
14,2.418,-7.25019329882808
14,2.424,-6.44952463911134
14,2.43,-5.77225093375454
14,2.436,-5.19452834560387
14,2.442,-4.69826455949836
14,2.448,-4.269394631302
14,2.454,-3.89677917318868
14,2.46,-3.571467395259
14,2.466,-3.28618446113717
14,2.472,-3.0349628385077
14,2.478,-2.81286977829512
14,2.484,-2.61580125487703
14,2.49,-2.4403232848971
14,2.496,-2.28354791671605
14,2.502,-2.14303515294597
14,2.508,-2.01671462402547
14,2.514,-1.90282252829645
14,2.52,-1.79985051546844
14,2.526,-1.7065040067348
14,2.532,-1.62166803254732
14,2.538,-1.54437910103948
14,2.544,-1.47380193321068
14,2.55,-1.40921014624859
14,2.556,-1.34997015481591
14,2.562,-1.29552770639615
14,2.568,-1.24539658128481
14,2.574,-1.19914907807428
14,2.58,-1.15640797707576
14,2.586,-1.11683973121537
14,2.592,-1.08014867968498
14,2.598,-1.04607211643704
14,2.604,-1.01437607534525
14,2.61,-0.984851717959783
14,2.616,-0.957312229396823
14,2.622,-0.931590143908742
14,2.628,-0.907535034786445
14,2.634,-0.885011514007915
14,2.64,-0.863897495911
14,2.646,-0.844082686489917
14,2.652,-0.825467265979222
14,2.658,-0.807960737425114
14,2.664,-0.791480918137802
14,2.67,-0.775953054419993
14,2.676,-0.761309042896876
14,2.682,-0.747486744232325
14,2.688,-0.734429377083951
14,2.694,-0.722084981893927
14,2.7,-0.710405945585993
14,2.706,-0.69934857948779
14,2.712,-0.688872743857293
14,2.718,-0.678941513294131
14,2.724,-0.669520878085524
14,2.73,-0.660579477193581
14,2.736,-0.652088359153523
14,2.742,-0.644020767635085
14,2.748,-0.636351948834521
14,2.754,-0.629058978222085
14,2.76,-0.622120604478604
14,2.766,-0.615517108721553
14,2.772,-0.609230177352122
14,2.778,-0.603242787055641
14,2.784,-0.597539100661838
14,2.79,-0.592104372723589
14,2.796,-0.586924863805137
14,2.802,-0.581987762586661
14,2.808,-0.577281114993439
14,2.814,-0.572793759646578
14,2.82,-0.568515269010482
14,2.826,-0.564435895680672
14,2.832,-0.560546523316104
14,2.838,-0.556838621773388
14,2.844,-0.553304206047393
14,2.85,-0.549935798664446
14,2.856,-0.546726395211021
14,2.862,-0.543669432713942
14,2.868,-0.540758760616739
14,2.874,-0.537988614123098
14,2.88,-0.535353589701086
14,2.886,-0.532848622562673
14,2.892,-0.530468965951165
14,2.898,-0.528210172085924
14,2.904,-0.526068074628192
14,2.91,-0.52403877254531
14,2.916,-0.522118615262355
14,2.922,-0.520304189000914
14,2.928,-0.518592304214558
14,2.934,-0.51697998403901
14,2.94,-0.515464453683099
14,2.946,-0.514043130693702
14,2.952,-0.51271361603429
14,2.958,-0.511473685922763
14,2.964,-0.510321284379509
14,2.97,-0.509254516441672
14,2.976,-0.508271642004142
14,2.982,-0.507371070251986
14,2.988,-0.506551354652839
14,2.994,-0.505811188481471
14,3,-0.505149400852085
14,3.006,-0.504564953237009
14,3.012,-0.504056936453485
14,3.018,-0.503624568103015
14,3.024,-0.503267190450551
14,3.03,-0.502984268733222
14,3.036,-0.502775389891022
14,3.042,-0.502640261714189
14,3.048,-0.502578712404622
14,3.054,-0.502590690550802
14,3.06,-0.502676265518571
14,3.066,-0.502835628262067
14,3.072,-0.503069092562138
14,3.078,-0.503377096701704
14,3.084,-0.50376020559061
14,3.09,-0.504219113355077
14,3.096,-0.504754646409906
14,3.102,-0.505367767034854
14,3.108,-0.506059577479756
14,3.114,-0.506831324626815
14,3.12,-0.507684405242175
14,3.126,-0.508620371853271
14,3.132,-0.509640939293009
14,3.138,-0.510747991956713
14,3.144,-0.511943591823628
14,3.15,-0.513229987300333
14,3.156,-0.51460962295058
14,3.162,-0.516085150183083
14,3.168,-0.517659438977154
14,3.174,-0.519335590735021
14,3.18,-0.521116952359893
14,3.186,-0.52300713166986
14,3.192,-0.52501001427047
14,3.198,-0.52712978202274
14,3.204,-0.529370933259
14,3.21,-0.53173830491679
14,3.216,-0.534237096780555
14,3.222,-0.536872898043409
14,3.228,-0.539651716426184
14,3.234,-0.542580010119289
14,3.24,-0.54566472284506
14,3.246,-0.548913322374376
14,3.252,-0.552333842872404
14,3.258,-0.555934931495075
14,3.264,-0.559725899710681
14,3.27,-0.563716779881614
14,3.276,-0.567918387709822
14,3.282,-0.572342391228252
14,3.288,-0.577001387110564
14,3.294,-0.581908985174109
14,3.3,-0.587079902069548
14,3.306,-0.592530065286231
14,3.312,-0.598276728758603
14,3.318,-0.6043386015393
14,3.324,-0.610735991212529
14,3.33,-0.617490963962256
14,3.336,-0.624627523488377
14,3.342,-0.632171811288019
14,3.348,-0.640152331195418
14,3.354,-0.648600201512127
14,3.36,-0.657549438570834
14,3.366,-0.667037276173427
14,3.372,-0.677104526043829
14,3.378,-0.68779598525598
14,3.384,-0.699160897561055
14,3.39,-0.711253476671166
14,3.396,-0.72413350089203
14,3.402,-0.737866990073049
14,3.408,-0.752526977705007
14,3.414,-0.76819439319903
14,3.42,-0.784959071990538
14,3.426,-0.80292091420727
14,3.432,-0.822191216313876
14,3.438,-0.842894204507835
14,3.444,-0.865168803822089
14,3.45,-0.889170683041291
14,3.456,-0.915074622836997
14,3.462,-0.943077263173028
14,3.468,-0.973400296250398
14,3.474,-1.00629418329293
14,3.48,-1.04204248756893
14,3.486,-1.08096693243043
14,3.492,-1.12343331200198
14,3.498,-1.16985840350712
14,3.504,-1.22071805387719
14,3.51,-1.27655663860104
14,3.516,-1.33799811635984
14,3.522,-1.40575892623414
14,3.528,-1.48066299056205
14,3.534,-1.56365908806779
14,3.54,-1.65584083579964
14,3.546,-1.75846944385937
14,3.552,-1.87299925049196
14,3.558,-2.0011057538925
14,3.564,-2.14471534766859
14,3.57,-2.30603510854346
14,3.576,-2.48757957358835
14,3.582,-2.69218916304991
14,3.588,-2.92303126413419
14,3.594,-3.18356924270785
14,3.6,-3.47747567389644
16,1.2,-0.22777573225108
16,1.206,-0.229062976428196
16,1.212,-0.230351588938914
16,1.218,-0.231641655962746
16,1.224,-0.232933265471639
16,1.23,-0.234226507337131
16,1.236,-0.235521473439217
16,1.242,-0.236818257777029
16,1.248,-0.238116956581506
16,1.254,-0.239417668430254
16,1.26,-0.240720494364672
16,1.266,-0.242025538009614
16,1.272,-0.243332905695708
16,1.278,-0.24464270658451
16,1.284,-0.245955052796715
16,1.29,-0.247270059543589
16,1.296,-0.248587845261865
16,1.302,-0.249908531752238
16,1.308,-0.251232244321789
16,1.314,-0.252559111930464
16,1.32,-0.2538892673419
16,1.326,-0.255222847278838
16,1.332,-0.256559992583382
16,1.338,-0.257900848382346
16,1.344,-0.259245564258048
16,1.35,-0.260594294424748
16,1.356,-0.261947197911109
16,1.362,-0.263304438749005
16,1.368,-0.264666186168976
16,1.374,-0.266032614802726
16,1.38,-0.267403904893023
16,1.386,-0.268780242511413
16,1.392,-0.270161819784134
16,1.398,-0.271548835126704
16,1.404,-0.272941493487625
16,1.41,-0.274340006601668
16,1.416,-0.275744593253306
16,1.422,-0.27715547955079
16,1.428,-0.278572899211421
16,1.434,-0.279997093858691
16,1.44,-0.281428313331844
16,1.446,-0.282866816008588
16,1.452,-0.284312869141636
16,1.458,-0.285766749209823
16,1.464,-0.287228742284611
16,1.47,-0.288699144412802
16,1.476,-0.290178262016365
16,1.482,-0.291666412310275
16,1.488,-0.293163923739432
16,1.494,-0.294671136435645
16,1.5,-0.296188402695833
16,1.506,-0.297716087482662
16,1.512,-0.299254568948793
16,1.518,-0.300804238986199
16,1.524,-0.302365503801872
16,1.53,-0.30393878452149
16,1.536,-0.30552451782265
16,1.542,-0.307123156599359
16,1.548,-0.308735170659637
16,1.554,-0.310361047458153
16,1.56,-0.312001292865973
16,1.566,-0.313656431979604
16,1.572,-0.315327009971774
16,1.578,-0.317013592986313
16,1.584,-0.318716769079957
16,1.59,-0.320437149213876
16,1.596,-0.32217536829797
16,1.602,-0.323932086291223
16,1.608,-0.325707989361663
16,1.614,-0.327503791109582
16,1.62,-0.32932023385808
16,1.626,-0.331158090015243
16,1.632,-0.333018163512513
16,1.638,-0.334901291324233
16,1.644,-0.336808345073628
16,1.65,-0.338740232730931
16,1.656,-0.340697900409772
16,1.662,-0.342682334268369
16,1.668,-0.344694562522612
16,1.674,-0.346735657578628
16,1.68,-0.348806738292999
16,1.686,-0.350908972369472
16,1.692,-0.353043578901636
16,1.698,-0.355211831071849
16,1.704,-0.357415059017423
16,1.71,-0.359654652876092
16,1.716,-0.361932066023601
16,1.722,-0.364248818517405
16,1.728,-0.366606500761618
16,1.734,-0.369006777409526
16,1.74,-0.371451391521395
16,1.746,-0.373942168996869
16,1.752,-0.376481023302706
16,1.758,-0.379069960518601
16,1.764,-0.381711084725675
16,1.77,-0.384406603764405
16,1.776,-0.387158835391115
16,1.782,-0.389970213864841
16,1.788,-0.392843296999051
16,1.794,-0.395780773716079
16,1.8,-0.398785472145401
16,1.806,-0.40186036831082
16,1.812,-0.40500859545582
16,1.818,-0.40823345406096
16,1.824,-0.411538422612411
16,1.83,-0.414927169186358
16,1.836,-0.418403563920418
16,1.842,-0.421971692450028
16,1.848,-0.425635870395873
16,1.854,-0.429400658996644
16,1.86,-0.433270881991407
16,1.866,-0.43725164386636
16,1.872,-0.441348349592763
16,1.878,-0.44556672599612
16,1.884,-0.449912844911663
16,1.89,-0.454393148297763
16,1.896,-0.459014475497549
16,1.902,-0.463784092860094
16,1.908,-0.468709725955818
16,1.914,-0.473799594647304
16,1.92,-0.479062451306512
16,1.926,-0.484507622502746
16,1.932,-0.490145054523701
16,1.938,-0.49598536313468
16,1.944,-0.502039888029403
16,1.95,-0.508320752480793
16,1.956,-0.514840928762356
16,1.962,-0.521614309981614
16,1.968,-0.528655789047654
16,1.974,-0.53598134558679
16,1.98,-0.54360814172533
16,1.986,-0.551554627778535
16,1.992,-0.559840659022527
16,1.998,-0.568487624883803
16,2.004,-0.577518592062668
16,2.01,-0.586958463316065
16,2.016,-0.596834153866657
16,2.022,-0.60717478768402
16,2.028,-0.61801191620686
16,2.034,-0.629379762450204
16,2.04,-0.641315493877379
16,2.046,-0.653859527924265
16,2.052,-0.667055874656268
16,2.058,-0.680952521731684
16,2.064,-0.695601867657877
16,2.07,-0.711061210281707
16,2.076,-0.727393298579677
16,2.082,-0.744666957140028
16,2.088,-0.76295779429802
16,2.094,-0.782349006746064
16,2.1,-0.802932295651063
16,2.106,-0.824808911945266
16,2.112,-0.848090851602621
16,2.118,-0.87290222547931
16,2.124,-0.899380832819054
16,2.13,-0.927679972967153
16,2.136,-0.95797053640714
16,2.142,-0.990443424186316
16,2.148,-1.02531235444925
16,2.154,-1.06281712654948
16,2.16,-1.1032274275588
16,2.166,-1.14684728356924
16,2.172,-1.19402027977963
16,2.178,-1.24513569998757
16,2.184,-1.30063576905417
16,2.19,-1.36102422282955
16,2.196,-1.42687648105316
16,2.202,-1.49885176265414
16,2.208,-1.57770756331852
16,2.214,-1.66431701699829
16,2.22,-1.75968979271103
16,2.226,-1.86499734437965
16,2.232,-1.98160354689086
16,2.238,-2.11110203343938
16,2.244,-2.25536192284905
16,2.25,-2.41658412853101
16,2.256,-2.59737113056301
16,2.262,-2.80081405952806
16,2.268,-3.03060233171303
16,2.274,-3.29116313400808
16,2.28,-3.58784120123548
16,2.286,-3.92713429461904
16,2.292,-4.3170079114869
16,2.298,-4.76732652605739
16,2.304,-5.29046290397514
16,2.31,-5.90219147795214
16,2.316,-6.62305703918998
16,2.322,-7.480582564239
16,2.328,-8.51305288672517
16,2.334,-9.77648637981393
16,2.34,-11.3586962406237
16,2.346,-13.4112622680817
16,2.352,-16.2358820785393
16,2.358,-20.5917029585097
16,2.364,-29.4935065774122
16,2.37,-28.6508955810031
16,2.376,-20.2519614037522
16,2.382,-16.0316616868564
16,2.388,-13.2680973144967
16,2.394,-11.2505783736344
16,2.4,-9.69135648754186
16,2.406,-8.44432070887597
16,2.412,-7.42423590705628
16,2.418,-6.57645959401841
16,2.424,-5.86351067388716
16,2.43,-5.25836935919293
16,2.436,-4.74082363287188
16,2.442,-4.29532906101115
16,2.448,-3.90967763684795
16,2.454,-3.5741264039797
16,2.46,-3.28080165352984
16,2.466,-3.02327632885124
16,2.472,-2.79626105029373
16,2.478,-2.59537256245043
16,2.484,-2.41695671946226
16,2.49,-2.2579509912729
16,2.496,-2.11577629335841
16,2.502,-1.98825099981935
16,2.508,-1.87352200516143
16,2.514,-1.77000905747783
16,2.52,-1.67635953118881
16,2.526,-1.59141148292438
16,2.532,-1.51416332734298
16,2.538,-1.44374883654055
16,2.544,-1.37941644381868
16,2.55,-1.32051204458079
16,2.556,-1.26646465102618
16,2.562,-1.21677438513749
16,2.568,-1.17100239488391
16,2.574,-1.12876235795917
16,2.58,-1.08971330048845
16,2.586,-1.05355350855141
16,2.592,-1.0200153508141
16,2.598,-0.988860863139158
16,2.604,-0.959877972381007
16,2.61,-0.932877257940961
16,2.616,-0.90768916704974
16,2.622,-0.884161613949429
16,2.628,-0.862157904781318
16,2.634,-0.841554939545426
16,2.64,-0.822241650374101
16,2.646,-0.804117641870716
16,2.652,-0.787092004657883
16,2.658,-0.7710822777607
16,2.664,-0.756013539183691
16,2.67,-0.741817607158396
16,2.676,-0.728432337149645
16,2.682,-0.715801001900491
16,2.688,-0.703871743640613
16,2.694,-0.692597089138939
16,2.7,-0.681933519597098
16,2.706,-0.671841088495399
16,2.712,-0.662283081450278
16,2.718,-0.653225712948357
16,2.724,-0.644637855510441
16,2.73,-0.636490797426702
16,2.736,-0.628758025708333
16,2.742,-0.62141503133351
16,2.748,-0.614439134237587
16,2.754,-0.607809325818224
16,2.76,-0.601506127003042
16,2.766,-0.595511460167056
16,2.772,-0.589808533394699
16,2.778,-0.584381735761821
16,2.784,-0.579216542469562
16,2.79,-0.57429942879899
16,2.796,-0.569617791974419
16,2.802,-0.565159880127913
16,2.808,-0.560914727648404
16,2.814,-0.556872096279408
16,2.82,-0.553022421399333
16,2.826,-0.54935676298046
16,2.832,-0.545866760777227
16,2.838,-0.542544593342511
16,2.844,-0.539382940513241
16,2.85,-0.536374949044297
16,2.856,-0.533514201103004
16,2.862,-0.530794685366211
16,2.868,-0.528210770488267
16,2.874,-0.525757180731638
16,2.88,-0.523428973572795
16,2.886,-0.521221519114717
16,2.892,-0.519130481153964
16,2.898,-0.517151799765245
16,2.904,-0.515281675279787
16,2.91,-0.513516553545796
16,2.916,-0.511853112370226
16,2.922,-0.510288249050618
16,2.928,-0.508819068914746
16,2.934,-0.507442874793663
16,2.94,-0.506157157360939
16,2.946,-0.504959586277383
16,2.952,-0.503848002086628
16,2.958,-0.50282040881213
16,2.964,-0.50187496721137
16,2.97,-0.501009988647312
16,2.976,-0.500223929541573
16,2.982,-0.499515386377471
16,2.988,-0.498883091224844
16,2.994,-0.498325907761629
16,3,-0.497842827770579
16,3.006,-0.497432968092247
16,3.012,-0.497095568018211
16,3.018,-0.496829987111115
16,3.024,-0.496635703440744
16,3.03,-0.496512312227641
16,3.036,-0.496459524888304
16,3.042,-0.496477168478334
16,3.048,-0.49656518553211
16,3.054,-0.496723634300071
16,3.06,-0.4969526893869
16,3.066,-0.497252642796367
16,3.072,-0.49762390539101
16,3.078,-0.498067008777342
16,3.084,-0.498582607630016
16,3.09,-0.499171482471049
16,3.096,-0.499834542923198
16,3.102,-0.500572831459708
16,3.108,-0.501387527676015
16,3.114,-0.502279953112553
16,3.12,-0.503251576661769
16,3.126,-0.504304020596618
16,3.132,-0.505439067262509
16,3.138,-0.506658666479675
16,3.144,-0.50796494370845
16,3.15,-0.509360209036208
16,3.156,-0.510846967051213
16,3.162,-0.512427927676324
16,3.168,-0.514106018043625
16,3.174,-0.515884395500287
16,3.18,-0.517766461846266
16,3.186,-0.519755878915658
16,3.192,-0.52185658562662
16,3.198,-0.524072816638683
16,3.204,-0.526409122772514
16,3.21,-0.528870393365216
16,3.216,-0.531461880754078
16,3.222,-0.534189227105017
16,3.228,-0.537058493827147
16,3.234,-0.540076193844122
16,3.24,-0.543249327025708
16,3.246,-0.546585419120247
16,3.252,-0.550092564570592
16,3.258,-0.5537794736445
16,3.264,-0.557655524364516
16,3.27,-0.5617308197849
16,3.276,-0.566016251234107
16,3.282,-0.570523568222239
16,3.288,-0.575265455806264
16,3.294,-0.580255620312016
16,3.3,-0.585508884434897
16,3.306,-0.591041292881855
16,3.312,-0.596870229879993
16,3.318,-0.603014550064896
16,3.324,-0.609494724478596
16,3.33,-0.616333003659103
16,3.336,-0.623553600095177
16,3.342,-0.631182892659831
16,3.348,-0.6392496560316
16,3.354,-0.647785318574492
16,3.36,-0.656824252687454
16,3.366,-0.666404102266462
16,3.372,-0.676566152664833
16,3.378,-0.687355749409607
16,3.384,-0.698822772959733
16,3.39,-0.711022178004353
16,3.396,-0.724014607232753
16,3.402,-0.737867091204741
16,3.408,-0.752653847962911
16,3.414,-0.768457198419487
16,3.42,-0.78536861639488
16,3.426,-0.803489935573802
16,3.432,-0.822934739686648
16,3.438,-0.843829967049068
16,3.444,-0.866317766357191
16,3.45,-0.89055764752608
16,3.456,-0.916728979592008
16,3.462,-0.94503389753224
16,3.468,-0.975700691583411
16,3.474,-1.00898776659376
16,3.48,-1.04518827548999
16,3.486,-1.0846355504541
16,3.492,-1.12770947824868
16,3.498,-1.17484399257685
16,3.504,-1.22653588650369
16,3.51,-1.28335518150758
16,3.516,-1.34595732570642
16,3.522,-1.41509753006394
16,3.528,-1.49164758379096
16,3.534,-1.57661551129887
16,3.54,-1.67116843016647
16,3.546,-1.77665892122306
16,3.552,-1.89465509269498
16,3.558,-2.02697425280445
16,3.564,-2.17571960604316
16,3.57,-2.34331850749111
16,3.576,-2.53255930602637
16,3.582,-2.74662129467723
16,3.588,-2.98908814605622
16,3.594,-3.2639284557893
16,3.6,-3.5754160884558
18,1.2,-0.222681702611267
18,1.206,-0.223983297924911
18,1.212,-0.225286918599298
18,1.218,-0.226592644153131
18,1.224,-0.227900556064453
18,1.23,-0.229210737873731
18,1.236,-0.230523275288862
18,1.242,-0.231838256292182
18,1.248,-0.233155771249711
18,1.254,-0.234475913022733
18,1.26,-0.23579877708188
18,1.266,-0.237124461623921
18,1.272,-0.238453067691402
18,1.278,-0.239784699295316
18,1.284,-0.241119463541012
18,1.29,-0.242457470757495
18,1.296,-0.243798834630389
18,1.302,-0.245143672338685
18,1.308,-0.246492104695584
18,1.314,-0.247844256293567
18,1.32,-0.249200255654036
18,1.326,-0.250560235381668
18,1.332,-0.25192433232385
18,1.338,-0.253292687735347
18,1.344,-0.254665447448619
18,1.35,-0.256042762049966
18,1.356,-0.257424787061918
18,1.362,-0.258811683132096
18,1.368,-0.260203616228989
18,1.374,-0.261600757844938
18,1.38,-0.263003285206747
18,1.386,-0.2644113814943
18,1.392,-0.265825236067602
18,1.398,-0.267245044702746
18,1.404,-0.268671009837167
18,1.41,-0.270103340824799
18,1.416,-0.271542254201543
18,1.422,-0.272987973961672
18,1.428,-0.274440731845727
18,1.434,-0.275900767640504
18,1.44,-0.277368329491789
18,1.446,-0.278843674230529
18,1.452,-0.280327067713146
18,1.458,-0.281818785176773
18,1.464,-0.28331911161021
18,1.47,-0.284828342141459
18,1.476,-0.28634678244273
18,1.482,-0.287874749153928
18,1.488,-0.289412570325568
18,1.494,-0.290960585882234
18,1.5,-0.292519148107759
18,1.506,-0.294088622153268
18,1.512,-0.295669386569459
18,1.518,-0.29726183386442
18,1.524,-0.298866371088484
18,1.53,-0.300483420447677
18,1.536,-0.302113419947383
18,1.542,-0.30375682406799
18,1.548,-0.305414104474418
18,1.554,-0.307085750761466
18,1.56,-0.308772271237154
18,1.566,-0.310474193746312
18,1.572,-0.312192066536799
18,1.578,-0.313926459170976
18,1.584,-0.315677963485178
18,1.59,-0.317447194600093
18,1.596,-0.319234791985246
18,1.602,-0.321041420580899
18,1.608,-0.322867771981033
18,1.614,-0.324714565681173
18,1.62,-0.326582550395284
18,1.626,-0.32847250544609
18,1.632,-0.330385242233579
18,1.638,-0.3323216057868
18,1.644,-0.334282476404373
18,1.65,-0.336268771389647
18,1.656,-0.338281446886696
18,1.662,-0.340321499824079
18,1.668,-0.342389969973498
18,1.674,-0.34448794213134
18,1.68,-0.346616548431428
18,1.686,-0.348776970798237
18,1.692,-0.350970443550238
18,1.698,-0.353198256164126
18,1.704,-0.355461756211243
18,1.71,-0.357762352478684
18,1.716,-0.360101518288356
18,1.722,-0.362480795028549
18,1.728,-0.364901795913597
18,1.734,-0.367366209988667
18,1.74,-0.369875806398024
18,1.746,-0.372432438936782
18,1.752,-0.375038050907725
18,1.758,-0.377694680306838
18,1.764,-0.380404465363083
18,1.77,-0.383169650460261
18,1.776,-0.385992592471365
18,1.782,-0.388875767538364
18,1.788,-0.391821778333583
18,1.794,-0.394833361841934
18,1.8,-0.397913397707061
18,1.806,-0.401064917188343
18,1.812,-0.404291112780246
18,1.818,-0.407595348550318
18,1.824,-0.410981171257624
18,1.83,-0.414452322319372
18,1.836,-0.418012750700185
18,1.842,-0.421666626805799
18,1.848,-0.425418357471279
18,1.854,-0.429272602142871
18,1.86,-0.433234290362872
18,1.866,-0.437308640678164
18,1.872,-0.44150118110575
18,1.878,-0.445817771302747
18,1.884,-0.450264626604097
18,1.89,-0.454848344108931
18,1.896,-0.459575931016426
18,1.902,-0.464454835434198
18,1.908,-0.469492979907332
18,1.914,-0.474698797944352
18,1.92,-0.480081273848138
18,1.926,-0.485649986195657
18,1.932,-0.491415155350809
18,1.938,-0.497387695440566
18,1.944,-0.503579271276378
18,1.95,-0.510002360761825
18,1.956,-0.516670323394359
18,1.962,-0.523597475545163
18,1.968,-0.530799173288028
18,1.974,-0.538291903647316
18,1.98,-0.546093385248417
18,1.986,-0.554222679484079
18,1.992,-0.562700313458946
18,1.998,-0.571548416146131
18,2.004,-0.580790869386636
18,2.01,-0.590453475590299
18,2.016,-0.600564144259671
18,2.022,-0.61115309976274
18,2.028,-0.622253113133769
18,2.034,-0.633899761091678
18,2.04,-0.646131715943877
18,2.046,-0.658991070601071
18,2.052,-0.672523703581307
18,2.058,-0.686779689645999
18,2.064,-0.701813762609035
18,2.07,-0.717685837917207
18,2.076,-0.734461603847603
18,2.082,-0.752213191642784
18,2.088,-0.77101993665324
18,2.094,-0.790969244634247
18,2.1,-0.812157579819667
18,2.106,-0.834691594350895
18,2.112,-0.858689422178546
18,2.118,-0.884282164802979
18,2.124,-0.911615601334334
18,2.13,-0.940852161525748
18,2.136,-0.972173207905952
18,2.142,-1.00578168220852
18,2.148,-1.04190518233951
18,2.154,-1.08079954961335
18,2.16,-1.12275306251064
18,2.166,-1.16809135352047
18,2.172,-1.21718319067414
18,2.178,-1.27044729637127
18,2.184,-1.3283604145983
18,2.19,-1.39146688565136
18,2.196,-1.46039004760914
18,2.202,-1.53584585947117
18,2.208,-1.61865923660154
18,2.214,-1.70978371093803
18,2.22,-1.8103251845357
18,2.226,-1.92157074670513
18,2.232,-2.04502378814165
18,2.238,-2.18244699280397
18,2.244,-2.33591525341359
18,2.25,-2.50788118999584
18,2.256,-2.70125683170695
18,2.262,-2.91951627654444
18,2.268,-3.16682597963028
18,2.274,-3.44821209203624
18,2.28,-3.76977859608248
18,2.286,-4.13899697033917
18,2.292,-4.56509982800023
18,2.298,-5.05963135748347
18,2.304,-5.63724433822926
18,2.31,-6.31690349755177
18,2.316,-7.12379456121734
18,2.322,-8.09253456189191
18,2.328,-9.27295856023759
18,2.334,-10.7414829601908
18,2.34,-12.626058475155
18,2.346,-15.1703426102989
18,2.352,-18.9456620973638
18,2.358,-25.9966679003394
18,2.364,-36.310198579347
18,2.37,-22.1924995176387
18,2.376,-17.070752388021
18,2.382,-13.9421792985549
18,2.388,-11.7260018207299
18,2.394,-10.0416901955575
18,2.4,-8.70895829460375
18,2.406,-7.6269834141395
18,2.412,-6.73293712364366
18,2.418,-5.98457770648109
18,2.424,-5.35189395313502
18,2.43,-4.8126784164617
18,2.436,-4.34999288674024
18,2.442,-3.95062096262332
18,2.448,-3.60407040142924
18,2.454,-3.30189941478673
18,2.46,-3.03724362795118
18,2.466,-2.80447304413211
18,2.472,-2.5989366729964
18,2.478,-2.4167683751902
18,2.484,-2.25473674816593
18,2.49,-2.1101274950614
18,2.496,-1.98065024494289
18,2.502,-1.86436408517135
18,2.508,-1.75961760626325
18,2.514,-1.66500032489854
18,2.52,-1.57930310753475
18,2.526,-1.50148576711578
18,2.532,-1.43065041285211
18,2.538,-1.36601943977472
18,2.544,-1.30691727869065
18,2.55,-1.25275520750383
18,2.556,-1.20301866513608
18,2.562,-1.15725661920838
18,2.568,-1.1150726253386
18,2.574,-1.07611728466564
18,2.58,-1.04008186100191
18,2.586,-1.0066928628743
18,2.592,-0.975707430962163
18,2.598,-0.946909399876284
18,2.604,-0.920105926243652
18,2.61,-0.895124593763174
18,2.616,-0.87181092113742
18,2.622,-0.850026211244647
18,2.628,-0.829645690131359
18,2.634,-0.810556892808313
18,2.64,-0.792658259762961
18,2.646,-0.775857913833697
18,2.652,-0.760072591845852
18,2.658,-0.745226709363565
18,2.664,-0.731251540209013
18,2.67,-0.718084495157323
18,2.676,-0.705668486525822
18,2.682,-0.693951367318236
18,2.688,-0.682885435219427
18,2.694,-0.672426993117401
18,2.7,-0.662535958997773
18,2.706,-0.653175519047223
18,2.712,-0.64431181864535
18,2.718,-0.635913686642264
18,2.724,-0.627952388932643
18,2.73,-0.620401407861516
18,2.736,-0.613236244447053
18,2.742,-0.606434240792212
18,2.748,-0.599974420389831
18,2.754,-0.593837344312946
18,2.76,-0.588004981530203
18,2.766,-0.582460591800909
18,2.772,-0.577188619790887
18,2.778,-0.572174599211944
18,2.784,-0.567405065928982
18,2.79,-0.562867479101452
18,2.796,-0.558550149533508
18,2.802,-0.554442174500818
18,2.808,-0.550533378404637
18,2.814,-0.54681425867581
18,2.82,-0.543275936414887
18,2.826,-0.539910111310583
18,2.832,-0.536709020428058
18,2.838,-0.53366540050198
18,2.844,-0.530772453407971
18,2.85,-0.528023814520108
18,2.856,-0.525413523692328
18,2.862,-0.522935998628582
18,2.868,-0.520586010430409
18,2.874,-0.518358661131898
18,2.88,-0.516249363051089
18,2.886,-0.514253819803615
18,2.892,-0.51236800883988
18,2.898,-0.510588165380373
18,2.904,-0.508910767636036
18,2.91,-0.507332523211653
18,2.916,-0.505850356599898
18,2.922,-0.504461397682753
18,2.928,-0.503162971164956
18,2.934,-0.501952586871339
18,2.94,-0.500827930846723
18,2.946,-0.499786857202756
18,2.952,-0.498827380661689
18,2.958,-0.497947669752047
18,2.964,-0.497146040615664
18,2.97,-0.496420951389764
18,2.976,-0.495770997131542
18,2.982,-0.495194905256451
18,2.988,-0.494691531464482
18,2.994,-0.494259856131913
18,3,-0.493898981149009
18,3.006,-0.493608127186612
18,3.012,-0.493386631377426
18,3.018,-0.493233945400131
18,3.024,-0.493149633956809
18,3.03,-0.49313337363657
18,3.036,-0.493184952160509
18,3.042,-0.493304268005226
18,3.048,-0.493491330404463
18,3.054,-0.493746259730623
18,3.06,-0.49406928826013
18,3.066,-0.494460761328845
18,3.072,-0.494921138886218
18,3.078,-0.495450997459144
18,3.084,-0.496051032539208
18,3.09,-0.496722061409511
18,3.096,-0.497465026430257
18,3.102,-0.498280998805232
18,3.108,-0.499171182854631
18,3.114,-0.500136920822989
18,3.12,-0.501179698255232
18,3.126,-0.502301149977313
18,3.132,-0.503503066723056
18,3.138,-0.504787402453368
18,3.144,-0.506156282419505
18,3.15,-0.507612012028107
18,3.156,-0.509157086572174
18,3.162,-0.510794201899691
18,3.168,-0.512526266099307
18,3.174,-0.514356412292003
18,3.18,-0.516288012627217
18,3.186,-0.518324693593364
18,3.192,-0.52047035276518
18,3.198,-0.522729177124125
18,3.204,-0.525105663104055
18,3.21,-0.527604638531794
18,3.216,-0.530231286652121
18,3.222,-0.532991172449131
18,3.228,-0.535890271500987
18,3.234,-0.538935001633733
18,3.24,-0.542132257671865
18,3.246,-0.545489449620183
18,3.252,-0.549014544652663
18,3.258,-0.552716113331339
18,3.264,-0.556603380531918
18,3.27,-0.56068628161405
18,3.276,-0.564975524443937
18,3.282,-0.569482657957243
18,3.288,-0.57422014804163
18,3.294,-0.579201461623603
18,3.3,-0.584441159965193
18,3.306,-0.589955002315273
18,3.312,-0.595760061220846
18,3.318,-0.601874850989421
18,3.324,-0.608319471008195
18,3.33,-0.615115765875137
18,3.336,-0.622287504586334
18,3.342,-0.629860581361047
18,3.348,-0.637863241078602
18,3.354,-0.646326332760281
18,3.36,-0.655283595066665
18,3.366,-0.664771978410851
18,3.372,-0.674832009028188
18,3.378,-0.685508201214976
18,3.384,-0.696849524976322
18,3.39,-0.708909937538748
18,3.396,-0.721748988621516
18,3.402,-0.73543251106775
18,3.408,-0.750033410465052
18,3.414,-0.765632569800683
18,3.42,-0.782319888077651
18,3.426,-0.800195475259514
18,3.432,-0.819371030030262
18,3.438,-0.839971431788451
18,3.444,-0.862136584212302
18,3.45,-0.886023554835068
18,3.456,-0.911809063600241
18,3.462,-0.939692383611827
18,3.468,-0.969898729594107
18,3.474,-1.0026832243221
18,3.48,-1.03833555092594
18,3.486,-1.0771854200047
18,3.492,-1.11960900543001
18,3.498,-1.16603653207731
18,3.504,-1.21696123289573
18,3.51,-1.27294993186103
18,3.516,-1.33465555308772
18,3.522,-1.40283190339811
18,3.528,-1.47835112298237
18,3.534,-1.56222424061631
18,3.54,-1.65562529563737
18,3.546,-1.75991948002402
18,3.552,-1.87669567902019
18,3.558,-2.00780359516206
18,3.564,-2.15539524114899
18,3.57,-2.32196983834525
18,3.576,-2.51041982448387
18,3.582,-2.72407337036522
18,3.588,-2.96672489702589
18,3.594,-3.24263852940656
18,3.6,-3.55649850854945
20,1.2,-0.21812839319266
20,1.206,-0.219432345486141
20,1.212,-0.220738766263816
20,1.218,-0.222047732916098
20,1.224,-0.223359324857475
20,1.23,-0.224673623627817
20,1.236,-0.22599071299565
20,1.242,-0.227310679063597
20,1.248,-0.228633610376151
20,1.254,-0.229959598029865
20,1.26,-0.231288735786223
20,1.266,-0.232621120187255
20,1.272,-0.233956850674156
20,1.278,-0.235296029709026
20,1.284,-0.23663876289996
20,1.29,-0.237985159129649
20,1.296,-0.239335330687742
20,1.302,-0.240689393407106
20,1.308,-0.242047466804281
20,1.314,-0.243409674224311
20,1.32,-0.244776142990214
20,1.326,-0.246147004557317
20,1.332,-0.247522394672748
20,1.338,-0.248902453540349
20,1.344,-0.250287325991278
20,1.35,-0.251677161660626
20,1.356,-0.253072115170383
20,1.362,-0.25447234631901
20,1.368,-0.255878020278059
20,1.374,-0.257289307796153
20,1.38,-0.25870638541072
20,1.386,-0.260129435667894
20,1.392,-0.261558647351002
20,1.398,-0.262994215718125
20,1.404,-0.264436342749122
20,1.41,-0.265885237402721
20,1.416,-0.267341115884127
20,1.422,-0.268804201923744
20,1.428,-0.270274727067565
20,1.434,-0.271752930979926
20,1.44,-0.273239061759157
20,1.446,-0.274733376266936
20,1.452,-0.276236140472043
20,1.458,-0.277747629809255
20,1.464,-0.279268129554266
20,1.47,-0.280797935215436
20,1.476,-0.28233735294336
20,1.482,-0.283886699959188
20,1.488,-0.285446305002729
20,1.494,-0.287016508801477
20,1.5,-0.288597664561706
20,1.506,-0.290190138482839
20,1.512,-0.291794310296499
20,1.518,-0.293410573831516
20,1.524,-0.295039337606504
20,1.53,-0.296681025451493
20,1.536,-0.298336077160349
20,1.542,-0.300004949175794
20,1.548,-0.301688115308839
20,1.554,-0.303386067494814
20,1.56,-0.305099316588019
20,1.566,-0.306828393197421
20,1.572,-0.308573848565777
20,1.578,-0.310336255494914
20,1.584,-0.312116209319864
20,1.59,-0.313914328935011
20,1.596,-0.315731257875331
20,1.602,-0.317567665456227
20,1.608,-0.319424247975676
20,1.614,-0.321301729982569
20,1.62,-0.323200865615504
20,1.626,-0.325122440016576
20,1.632,-0.327067270824979
20,1.638,-0.329036209755696
20,1.644,-0.331030144268821
20,1.65,-0.333049999335559
20,1.656,-0.33509673930738
20,1.662,-0.33717136989523
20,1.668,-0.33927494026636
20,1.674,-0.341408545266768
20,1.68,-0.343573327777965
20,1.686,-0.345770481217437
20,1.692,-0.348001252192878
20,1.698,-0.350266943321114
20,1.704,-0.352568916223486
20,1.71,-0.354908594710434
20,1.716,-0.357287468169023
20,1.722,-0.359707095168336
20,1.728,-0.362169107298859
20,1.734,-0.364675213263339
20,1.74,-0.367227203238102
20,1.746,-0.369826953525407
20,1.752,-0.37247643151917
20,1.758,-0.375177701008417
20,1.764,-0.377932927844839
20,1.77,-0.380744386003266
20,1.776,-0.383614464066373
20,1.782,-0.386545672167871
20,1.788,-0.38954064943135
20,1.794,-0.392602171945664
20,1.8,-0.395733161321219
20,1.806,-0.398936693876005
20,1.812,-0.402216010504567
20,1.818,-0.405574527288452
20,1.824,-0.409015846912135
20,1.83,-0.412543770954848
20,1.836,-0.416162313135563
20,1.842,-0.419875713596267
20,1.848,-0.423688454317037
20,1.854,-0.427605275766197
20,1.86,-0.431631194899372
20,1.866,-0.43577152463311
20,1.872,-0.44003189493213
20,1.878,-0.444418275663901
20,1.884,-0.448937001391057
20,1.89,-0.453594798290555
20,1.896,-0.458398813409493
20,1.902,-0.463356646490853
20,1.908,-0.468476384628869
20,1.914,-0.473766640043337
20,1.92,-0.479236591295785
20,1.926,-0.484896028308079
20,1.932,-0.490755401587024
20,1.938,-0.496825876106766
20,1.944,-0.50311939035586
20,1.95,-0.509648721118236
20,1.956,-0.516427554628268
20,1.962,-0.523470564821058
20,1.968,-0.530793499491298
20,1.974,-0.53841327527956
20,1.98,-0.54634808252566
20,1.986,-0.554617501167091
20,1.992,-0.563242629019739
20,1.998,-0.572246223960974
20,2.004,-0.581652861746316
20,2.01,-0.591489111434447
20,2.016,-0.601783730677378
20,2.022,-0.612567883459346
20,2.028,-0.623875383247677
20,2.034,-0.635742964960658
20,2.04,-0.648210589672822
20,2.046,-0.661321786580032
20,2.052,-0.675124037452238
20,2.058,-0.689669209629284
20,2.064,-0.705014044588874
20,2.07,-0.721220710263781
20,2.076,-0.738357426641819
20,2.082,-0.756499175788935
20,2.088,-0.775728509343766
20,2.094,-0.796136468803043
20,2.1,-0.817823636627422
20,2.106,-0.840901339439947
20,2.112,-0.865493028478944
20,2.118,-0.891735867145957
20,2.124,-0.919782561132269
20,2.13,-0.949803473433128
20,2.136,-0.981989074838159
20,2.142,-1.01655279055901
20,2.148,-1.05373431594697
20,2.154,-1.09380348929855
20,2.16,-1.13706482822339
20,2.166,-1.18386285881231
20,2.172,-1.23458839498775
20,2.178,-1.28968596033997
20,2.184,-1.34966258825091
20,2.19,-1.41509829051104
20,2.196,-1.48665855298123
20,2.202,-1.56510930313864
20,2.208,-1.65133490388378
20,2.214,-1.74635986792131
20,2.22,-1.85137516711623
20,2.226,-1.96777024501555
20,2.232,-2.0971721474182
20,2.238,-2.24149359331387
20,2.244,-2.40299235813643
20,2.25,-2.58434509648536
20,2.256,-2.78873979214372
20,2.262,-3.01999255144618
20,2.268,-3.2826967227728
20,2.274,-3.58241579647754
20,2.28,-3.92593704214966
20,2.286,-4.32161188187101
20,2.292,-4.77982442063698
20,2.298,-5.31365690687582
20,2.304,-5.93987147541267
20,2.31,-6.68042553981978
20,2.316,-7.5649388735973
20,2.322,-8.63496991678328
20,2.328,-9.95200713607823
20,2.334,-11.6138747388905
20,2.34,-13.7928837734858
20,2.346,-16.8418086573513
20,2.352,-21.6796953291036
20,2.358,-31.1210018646891
20,2.364,-25.2827790662636
20,2.37,-18.7735878607746
20,2.376,-15.0650077934167
20,2.382,-12.5368553496635
20,2.388,-10.6572692992148
20,2.394,-9.19069627054211
20,2.4,-8.01151963762926
20,2.406,-7.04410233023662
20,2.412,-6.23886487094732
20,2.418,-5.56124472783836
20,2.424,-4.98602959218336
20,2.43,-4.49419745533115
20,2.436,-4.07103032127034
20,2.442,-3.70492132515146
20,2.448,-3.38658225833061
20,2.454,-3.10849466931747
20,2.46,-2.86451624551096
20,2.466,-2.64959043447444
20,2.472,-2.45952729163406
20,2.478,-2.29083505500779
20,2.484,-2.14058882259615
20,2.49,-2.00632696732567
20,2.496,-1.88596865893707
20,2.502,-1.77774767819841
20,2.508,-1.6801589530143
20,2.514,-1.59191512248244
20,2.52,-1.51191106744519
20,2.526,-1.43919481189113
20,2.532,-1.37294354844838
20,2.538,-1.31244380616876
20,2.544,-1.25707498232179
20,2.55,-1.20629561771212
20,2.556,-1.15963191833608
20,2.562,-1.116668123178
20,2.568,-1.07703839466912
20,2.574,-1.04041996932706
20,2.58,-1.00652735480685
20,2.586,-0.975107398656789
20,2.592,-0.94593508551653
20,2.598,-0.918809944898374
20,2.604,-0.893552972284983
20,2.61,-0.870003983025518
20,2.616,-0.848019332176782
20,2.622,-0.827469944619765
20,2.628,-0.808239608961823
20,2.634,-0.790223496292963
20,2.64,-0.773326871104292
20,2.646,-0.757463966843431
20,2.652,-0.742557002870722
20,2.658,-0.728535323150789
20,2.664,-0.715334639994408
20,2.67,-0.702896368659213
20,2.676,-0.691167040710378
20,2.682,-0.680097785801774
20,2.688,-0.669643873021656
20,2.694,-0.659764304200599
20,2.7,-0.650421452641161
20,2.706,-0.641580741630525
20,2.712,-0.63321035786421
20,2.718,-0.625280995563322
20,2.724,-0.617765627626721
20,2.73,-0.610639300638295
20,2.736,-0.603878950960337
20,2.742,-0.59746323949734
20,2.748,-0.591372403018872
20,2.754,-0.58558812019294
20,2.76,-0.580093390708541
20,2.766,-0.57487242606298
20,2.772,-0.569910550760386
20,2.778,-0.565194112816725
20,2.784,-0.56071040259575
20,2.79,-0.556447579113651
20,2.796,-0.552394603048701
20,2.802,-0.54854117577871
20,2.808,-0.544877683844993
20,2.814,-0.541395148308045
20,2.82,-0.538085178518741
20,2.826,-0.534939929880526
20,2.832,-0.531952065223473
20,2.838,-0.529114719451505
20,2.844,-0.526421467159488
20,2.85,-0.523866292948637
20,2.856,-0.521443564196502
20,2.862,-0.519148006062911
20,2.868,-0.516974678535127
20,2.874,-0.51491895533552
20,2.88,-0.512976504532386
20,2.886,-0.511143270710556
20,2.892,-0.509415458572334
20,2.898,-0.50778951785204
20,2.904,-0.50626212943882
20,2.91,-0.504830192612463
20,2.916,-0.503490813306285
20,2.922,-0.502241293319342
20,2.928,-0.501079120407768
20,2.934,-0.500001959191838
20,2.94,-0.499007642821446
20,2.946,-0.498094165348353
20,2.952,-0.497259674758677
20,2.958,-0.496502466623649
20,2.964,-0.495820978331073
20,2.97,-0.495213783863832
20,2.976,-0.494679589095256
20,2.982,-0.494217227574843
20,2.988,-0.493825656780567
20,2.994,-0.493503954817309
20,3,-0.493251317543406
20,3.006,-0.493067056110072
20,3.012,-0.492950594900897
20,3.018,-0.492901469860922
20,3.024,-0.49291932720721
20,3.03,-0.493003922514918
20,3.036,-0.493155120175223
20,3.042,-0.493372893223386
20,3.048,-0.493657323537676
20,3.054,-0.494008602411836
20,3.06,-0.494427031506017
20,3.066,-0.494913024183513
20,3.072,-0.495467107242724
20,3.078,-0.496089923056443
20,3.084,-0.496782232132873
20,3.09,-0.497544916115776
20,3.096,-0.498378981243678
20,3.102,-0.49928556229137
20,3.108,-0.50026592702011
20,3.114,-0.501321481166538
20,3.12,-0.502453774004086
20,3.126,-0.503664504514999
20,3.132,-0.504955528215552
20,3.138,-0.50632886468205
20,3.144,-0.507786705830954
20,3.15,-0.509331425012255
20,3.156,-0.510965586982232
20,3.162,-0.512691958829063
20,3.168,-0.514513521933088
20,3.174,-0.516433485052788
20,3.18,-0.518455298637798
20,3.186,-0.520582670481757
20,3.192,-0.522819582840701
20,3.198,-0.525170311157106
20,3.204,-0.527639444545717
20,3.21,-0.530231908215669
20,3.216,-0.53295298802375
20,3.222,-0.535808357376564
20,3.228,-0.538804106725706
20,3.234,-0.541946775929117
20,3.24,-0.545243389785364
20,3.246,-0.548701497085239
20,3.252,-0.55232921356811
20,3.258,-0.556135269219124
20,3.264,-0.560129060399166
20,3.27,-0.564320707362841
20,3.276,-0.568721117792449
20,3.282,-0.573342057058844
20,3.288,-0.578196226015546
20,3.294,-0.583297347241743
20,3.3,-0.588660260775855
20,3.306,-0.594301030526591
20,3.312,-0.600237062715666
20,3.318,-0.606487237900827
20,3.324,-0.613072058351852
20,3.33,-0.620013812813451
20,3.336,-0.627336760992254
20,3.342,-0.635067340458461
20,3.348,-0.643234399065669
20,3.354,-0.651869456475049
20,3.36,-0.661006998936285
20,3.366,-0.670684812141931
20,3.372,-0.680944357754692
20,3.378,-0.691831200128911
20,3.384,-0.70339549083784
20,3.39,-0.715692519908504
20,3.396,-0.728783344196767
20,3.402,-0.742735505155026
20,3.408,-0.757623850412297
20,3.414,-0.773531476173067
20,3.42,-0.790550810533618
20,3.426,-0.808784861518316
20,3.432,-0.828348658082142
20,3.438,-0.849370917664915
20,3.444,-0.871995980306864
20,3.45,-0.896386057073689
20,3.456,-0.922723849867728
20,3.462,-0.951215610952661
20,3.468,-0.982094724087147
20,3.474,-1.01562590551325
20,3.48,-1.05211014271919
20,3.486,-1.09189051250399
20,3.492,-1.13535904808445
20,3.498,-1.1829648584891
20,3.504,-1.23522374291223
20,3.51,-1.29272958847973
20,3.516,-1.35616789197901
20,3.522,-1.4263318035966
20,3.528,-1.50414115100954
20,3.534,-1.59066495981789
20,3.54,-1.68714803084622
20,3.546,-1.7950421474819
20,3.552,-1.91604243417933
20,3.558,-2.05212921457615
20,3.564,-2.20561532991521
20,3.57,-2.37919811741105
20,3.576,-2.57601384922823
20,3.582,-2.79968995275364
20,3.588,-3.0543860268626
20,3.594,-3.34480727781788
20,3.6,-3.67616138701574
22,1.2,-0.214728038421467
22,1.206,-0.216035335851242
22,1.212,-0.21734553733054
22,1.218,-0.218658717381399
22,1.224,-0.219974952647655
22,1.23,-0.221294321994365
22,1.236,-0.222616906609321
22,1.242,-0.223942790106914
22,1.248,-0.225272058634406
22,1.254,-0.226604800980816
22,1.26,-0.227941108688552
22,1.266,-0.229281076167982
22,1.272,-0.230624800815105
22,1.278,-0.231972383132467
22,1.284,-0.233323926853603
22,1.29,-0.234679539071076
22,1.296,-0.236039330368414
22,1.302,-0.23740341495612
22,1.308,-0.238771910811956
22,1.314,-0.240144939825778
22,1.32,-0.241522627949123
22,1.326,-0.242905105349828
22,1.332,-0.244292506571912
22,1.338,-0.24568497070105
22,1.344,-0.247082641535878
22,1.35,-0.248485667765465
22,1.356,-0.249894203153258
22,1.362,-0.251308406727847
22,1.368,-0.252728442980901
22,1.374,-0.254154482072635
22,1.38,-0.255586700045216
22,1.386,-0.257025279044507
22,1.392,-0.258470407550598
22,1.398,-0.259922280617562
22,1.404,-0.261381100122922
22,1.41,-0.262847075027366
22,1.416,-0.264320421645201
22,1.422,-0.265801363926139
22,1.428,-0.267290133749009
22,1.434,-0.268786971228023
22,1.44,-0.270292125032285
22,1.446,-0.271805852719202
22,1.452,-0.27332842108258
22,1.458,-0.274860106516217
22,1.464,-0.276401195393748
22,1.47,-0.277951984465747
22,1.476,-0.279512781274905
22,1.482,-0.281083904590372
22,1.488,-0.282665684862268
22,1.494,-0.284258464697516
22,1.5,-0.285862599358168
22,1.506,-0.287478457283482
22,1.512,-0.289106420637137
22,1.518,-0.290746885880945
22,1.524,-0.292400264376662
22,1.53,-0.294066983017421
22,1.536,-0.295747484890596
22,1.542,-0.297442229973881
22,1.548,-0.299151695866518
22,1.554,-0.30087637855782
22,1.56,-0.302616793235114
22,1.566,-0.304373475133584
22,1.572,-0.306146980430434
22,1.578,-0.307937887186105
22,1.584,-0.309746796335479
22,1.59,-0.311574332732065
22,1.596,-0.313421146248519
22,1.602,-0.315287912936979
22,1.608,-0.317175336253046
22,1.614,-0.319084148347408
22,1.62,-0.32101511142941
22,1.626,-0.322969019207308
22,1.632,-0.324946698410091
22,1.638,-0.326949010396253
22,1.644,-0.328976852855278
22,1.65,-0.331031161607983
22,1.656,-0.333112912512351
22,1.662,-0.335223123481996
22,1.668,-0.337362856624959
22,1.674,-0.339533220511063
22,1.68,-0.341735372576804
22,1.686,-0.343970521677348
22,1.692,-0.346239930796025
22,1.698,-0.348544919922528
22,1.704,-0.350886869111909
22,1.71,-0.353267221737496
22,1.716,-0.355687487951803
22,1.722,-0.358149248370897
22,1.728,-0.360654157998686
22,1.734,-0.363203950409221
22,1.74,-0.365800442206529
22,1.746,-0.36844553778313
22,1.752,-0.371141234400354
22,1.758,-0.37388962761542
22,1.764,-0.376692917082612
22,1.77,-0.379553412758161
22,1.776,-0.382473541541206
22,1.782,-0.385455854386118
22,1.788,-0.388503033924669
22,1.794,-0.391617902640115
22,1.8,-0.394803431639191
22,1.806,-0.398062750072354
22,1.812,-0.401399155257381
22,1.818,-0.404816123566782
22,1.824,-0.408317322145303
22,1.83,-0.411906621530398
22,1.836,-0.415588109255701
22,1.842,-0.419366104525576
22,1.848,-0.423245174057842
22,1.854,-0.427230149201626
22,1.86,-0.431326144448424
22,1.866,-0.435538577466858
22,1.872,-0.439873190805406
22,1.878,-0.444336075422886
22,1.884,-0.448933696223774
22,1.89,-0.453672919794875
22,1.896,-0.458561044561653
22,1.902,-0.46360583360708
22,1.908,-0.46881555042338
22,1.914,-0.474198997898202
22,1.92,-0.479765560871782
22,1.926,-0.485525252641355
22,1.932,-0.491488765833865
22,1.938,-0.497667528118953
22,1.944,-0.50407376329182
22,1.95,-0.510720558321184
22,1.956,-0.517621937032223
22,1.962,-0.524792941179429
22,1.968,-0.532249719761593
22,1.974,-0.54000962754224
22,1.98,-0.548091333866171
22,1.986,-0.556514943009069
22,1.992,-0.565302127464916
22,1.998,-0.574476275769778
22,2.004,-0.584062656683494
22,2.01,-0.594088601809081
22,2.016,-0.604583709028424
22,2.022,-0.615580069479581
22,2.028,-0.627112521204224
22,2.034,-0.63921893306334
22,2.04,-0.651940523067548
22,2.046,-0.665322215909756
22,2.052,-0.679413045239671
22,2.058,-0.694266607103067
22,2.064,-0.709941572008937
22,2.07,-0.726502264315316
22,2.076,-0.744019319077048
22,2.082,-0.762570428221206
22,2.088,-0.782241189963389
22,2.094,-0.803126077818474
22,2.1,-0.82532954847493
22,2.106,-0.848967311294633
22,2.112,-0.874167786395361
22,2.118,-0.901073783325743
22,2.124,-0.929844438445259
22,2.13,-0.96065745651283
22,2.136,-0.993711710966209
22,2.142,-1.02923026831295
22,2.148,-1.06746391542183
22,2.154,-1.10869528489148
22,2.16,-1.15324369382844
22,2.166,-1.20147083623972
22,2.172,-1.25378750004583
22,2.178,-1.31066151800415
22,2.184,-1.37262720960195
22,2.19,-1.44029663083488
22,2.196,-1.51437302413123
22,2.202,-1.59566695600403
22,2.208,-1.68511575129936
22,2.214,-1.78380698825103
22,2.22,-1.89300701904819
22,2.226,-2.01419574178376
22,2.232,-2.14910919360776
22,2.238,-2.29979199401176
22,2.244,-2.46866228997817
22,2.25,-2.65859271623998
22,2.256,-2.87301210341643
22,2.262,-3.11603443983697
22,2.268,-3.39262424943861
22,2.274,-3.70881166155098
22,2.28,-4.07197704390604
22,2.286,-4.49123603639409
22,2.292,-4.97797475211043
22,2.298,-5.54661888970504
22,2.304,-6.21578411784461
22,2.31,-7.01008000417846
22,2.316,-7.96309917440446
22,2.322,-9.12270034150316
22,2.328,-10.5610914715476
22,2.334,-12.3959868512735
22,2.34,-14.8406707574735
22,2.346,-18.3406747049643
22,2.352,-23.9179836487118
22,2.358,-28.0030943974014
22,2.364,-21.3173466083506
22,2.37,-16.7432701986641
22,2.376,-13.7422367137656
22,2.382,-11.5734536032411
22,2.388,-9.91218446512437
22,2.394,-8.59309475373112
22,2.4,-7.52056542671827
22,2.406,-6.63388341889931
22,2.412,-5.89175260361104
22,2.418,-5.26460923038996
22,2.424,-4.73046470513211
22,2.43,-4.2724901855405
22,2.436,-3.87752536695003
22,2.442,-3.53510843429363
22,2.448,-3.23681613460549
22,2.454,-2.97579756533807
22,2.46,-2.74643440500826
22,2.466,-2.54408697882902
22,2.472,-2.36490061978254
22,2.478,-2.20565563045436
22,2.484,-2.06364953898074
22,2.49,-1.93660374574513
22,2.496,-1.8225888833799
22,2.502,-1.71996471682099
22,2.508,-1.62733145716467
22,2.514,-1.54349011099308
22,2.52,-1.46741003303853
22,2.526,-1.39820225635682
22,2.532,-1.33509748101819
22,2.538,-1.27742783692789
22,2.544,-1.22461171758754
22,2.55,-1.17614112273351
22,2.556,-1.13157105847578
22,2.562,-1.09051063089591
22,2.568,-1.05261553833278
22,2.574,-1.01758172278266
22,2.58,-0.985139985010417
22,2.586,-0.955051403452079
22,2.592,-0.927103425599039
22,2.598,-0.901106523701703
22,2.604,-0.876891325421208
22,2.61,-0.854306145360474
22,2.616,-0.833214855906988
22,2.622,-0.813495046063005
22,2.628,-0.795036425356701
22,2.634,-0.777739436866098
22,2.64,-0.761514049121904
22,2.646,-0.746278701408351
22,2.652,-0.731959380930961
22,2.658,-0.718488813611886
22,2.664,-0.705805753022995
22,2.67,-0.693854354270672
22,2.676,-0.682583621580115
22,2.682,-0.671946919955289
22,2.688,-0.661901542664494
22,2.694,-0.652408327463556
22,2.7,-0.643431315453772
22,2.706,-0.634937447308886
22,2.712,-0.626896292318171
22,2.718,-0.619279806301115
22,2.724,-0.612062114969502
22,2.73,-0.605219319758623
22,2.736,-0.598729323532363
22,2.742,-0.592571673896495
22,2.748,-0.586727422138518
22,2.754,-0.581178996058057
22,2.76,-0.575910085164121
22,2.766,-0.570905536899783
22,2.772,-0.566151262714854
22,2.778,-0.561634152946391
22,2.784,-0.557341999588181
22,2.79,-0.55326342613632
22,2.796,-0.549387823790789
22,2.802,-0.545705293374027
22,2.808,-0.542206592398718
22,2.814,-0.538883086779758
22,2.82,-0.535726706740322
22,2.826,-0.532729906510602
22,2.832,-0.529885627460697
22,2.838,-0.527187264346973
22,2.844,-0.52462863438487
22,2.85,-0.522203948890776
22,2.856,-0.519907787262237
22,2.862,-0.51773507308897
22,2.868,-0.515681052208415
22,2.874,-0.513741272537928
22,2.88,-0.511911565532542
22,2.886,-0.510188029132187
22,2.892,-0.508567012075395
22,2.898,-0.507045099468707
22,2.904,-0.505619099511635
22,2.91,-0.504286031286726
22,2.916,-0.503043113533011
22,2.922,-0.501887754329073
22,2.928,-0.500817541618844
22,2.934,-0.499830234520062
22,2.94,-0.498923755360746
22,2.946,-0.498096182394824
22,2.952,-0.497345743152565
22,2.958,-0.49667080838605
22,2.964,-0.496069886574028
22,2.97,-0.495541618954282
22,2.976,-0.495084775054905
22,2.982,-0.494698248699395
22,2.988,-0.494381054463269
22,2.994,-0.494132324562772
22,3,-0.493951306158934
22,3.006,-0.493837359062703
22,3.012,-0.493789953829266
22,3.018,-0.49380867023195
22,3.024,-0.493893196108442
22,3.03,-0.494043326573993
22,3.036,-0.494258963598643
22,3.042,-0.49454011594751
22,3.048,-0.49488689948521
22,3.054,-0.495299537847779
22,3.06,-0.495778363487589
22,3.066,-0.496323819098786
22,3.072,-0.496936459433468
22,3.078,-0.497616953520765
22,3.084,-0.498366087303955
22,3.09,-0.499184766713067
22,3.096,-0.500074021193482
22,3.102,-0.501035007714044
22,3.108,-0.502069015281329
22,3.114,-0.503177469990553
22,3.12,-0.504361940647136
22,3.126,-0.505624144997379
22,3.132,-0.506965956611079
22,3.138,-0.508389412464232
22,3.144,-0.509896721275155
22,3.15,-0.511490272653832
22,3.156,-0.51317264713079
22,3.162,-0.514946627139372
22,3.168,-0.516815209033799
22,3.174,-0.518781616234284
22,3.18,-0.520849313601264
22,3.186,-0.523022023151961
22,3.192,-0.525303741245654
22,3.198,-0.52769875737838
22,3.204,-0.530211674744179
22,3.21,-0.532847432738071
22,3.216,-0.535611331596675
22,3.222,-0.538509059395544
22,3.228,-0.541546721648437
22,3.234,-0.544730873783431
22,3.24,-0.548068556804225
22,3.246,-0.551567336483351
22,3.252,-0.555235346476827
22,3.258,-0.559081335799487
22,3.264,-0.563114721155973
22,3.27,-0.567345644686685
22,3.276,-0.57178503776112
22,3.282,-0.576444691534957
22,3.288,-0.581337335083577
22,3.294,-0.586476722035205
22,3.3,-0.591877726754372
22,3.306,-0.597556451273049
22,3.312,-0.60353034433668
22,3.318,-0.60981833412849
22,3.324,-0.61644097646332
22,3.33,-0.623420620506364
22,3.336,-0.630781594380372
22,3.342,-0.638550413383552
22,3.348,-0.646756013959601
22,3.354,-0.655430017052711
22,3.36,-0.664607025055642
22,3.366,-0.674324957236447
22,3.372,-0.684625429326274
22,3.378,-0.695554183892145
22,3.384,-0.70716157923128
22,3.39,-0.719503145843174
22,3.396,-0.732640221102211
22,3.402,-0.746640674618718
22,3.408,-0.761579739000375
22,3.414,-0.777540963384021
22,3.42,-0.794617310290585
22,3.426,-0.812912420174377
22,3.432,-0.832542072627386
22,3.438,-0.853635878724462
22,3.444,-0.876339245657877
22,3.45,-0.900815662853923
22,3.456,-0.927249368487054
22,3.462,-0.95584846706768
22,3.468,-0.986848583008482
22,3.474,-1.0205171522845
22,3.48,-1.05715847509776
22,3.486,-1.09711967753267
22,3.492,-1.14079776032626
22,3.498,-1.18864794891195
22,3.504,-1.24119360165619
22,3.51,-1.29903798337942
22,3.516,-1.36287826915029
22,3.522,-1.43352220847621
22,3.528,-1.51190795037716
22,3.534,-1.59912760066488
22,3.54,-1.69645514448574
22,3.546,-1.80537940200655
22,3.552,-1.9276426612346
22,3.558,-2.06528549406489
22,3.564,-2.22069791496473
22,3.57,-2.39667632509279
22,3.576,-2.59648432479493
22,3.582,-2.82391300988367
22,3.588,-3.08333199844233
22,3.594,-3.37971479943837
22,3.6,-3.71860886560146
24,1.2,-0.212265079039386
24,1.206,-0.213569650406051
24,1.212,-0.214877479837424
24,1.218,-0.216188637523543
24,1.224,-0.217503195923892
24,1.23,-0.218821229863991
24,1.236,-0.220142816634313
24,1.242,-0.221468036091639
24,1.248,-0.222796970763002
24,1.254,-0.224129705952405
24,1.26,-0.225466329850426
24,1.266,-0.2268069336469
24,1.272,-0.22815161164686
24,1.278,-0.229500461389889
24,1.284,-0.230853583773074
24,1.29,-0.232211083177791
24,1.296,-0.233573067600469
24,1.302,-0.234939648787601
24,1.308,-0.236310942375167
24,1.314,-0.237687068032753
24,1.32,-0.239068149612567
24,1.326,-0.240454315303642
24,1.332,-0.241845697791461
24,1.338,-0.243242434423303
24,1.344,-0.244644667379607
24,1.35,-0.246052543851628
24,1.356,-0.247466216225758
24,1.362,-0.248885842274832
24,1.368,-0.250311585356739
24,1.374,-0.251743614620786
24,1.38,-0.253182105222162
24,1.386,-0.254627238544908
24,1.392,-0.256079202433903
24,1.398,-0.257538191436249
24,1.404,-0.259004407052584
24,1.41,-0.260478057998848
24,1.416,-0.26195936047902
24,1.422,-0.263448538469419
24,1.428,-0.26494582401518
24,1.434,-0.266451457539531
24,1.44,-0.267965688166568
24,1.446,-0.269488774058244
24,1.452,-0.271020982766301
24,1.458,-0.27256259160002
24,1.464,-0.274113888010574
24,1.47,-0.275675169992917
24,1.476,-0.277246746506176
24,1.482,-0.278828937913532
24,1.488,-0.280422076442721
24,1.494,-0.282026506668231
24,1.5,-0.283642586016468
24,1.506,-0.285270685295162
24,1.512,-0.286911189248376
24,1.518,-0.288564497138568
24,1.524,-0.290231023357332
24,1.53,-0.291911198066344
24,1.536,-0.293605467870385
24,1.542,-0.295314296524259
24,1.548,-0.297038165675586
24,1.554,-0.298777575645686
24,1.56,-0.300533046250682
24,1.566,-0.302305117665385
24,1.572,-0.304094351332445
24,1.578,-0.305901330919599
24,1.584,-0.307726663327903
24,1.59,-0.309570979754166
24,1.596,-0.311434936810901
24,1.602,-0.313319217707477
24,1.608,-0.31522453349624
24,1.614,-0.317151624387844
24,1.62,-0.319101261140199
24,1.626,-0.321074246525753
24,1.632,-0.323071416882288
24,1.638,-0.325093643752697
24,1.644,-0.327141835619587
24,1.65,-0.32921693974114
24,1.656,-0.331319944094946
24,1.662,-0.333451879437225
24,1.668,-0.335613821485259
24,1.674,-0.337806893231611
24,1.68,-0.340032267399249
24,1.686,-0.3422911690475
24,1.692,-0.344584878339486
24,1.698,-0.346914733482593
24,1.704,-0.349282133854441
24,1.71,-0.351688543327801
24,1.716,-0.354135493809109
24,1.722,-0.356624589006299
24,1.728,-0.359157508443145
24,1.734,-0.361736011738636
24,1.74,-0.364361943171542
24,1.746,-0.367037236552067
24,1.752,-0.369763920424366
24,1.758,-0.372544123625791
24,1.764,-0.37538008123101
24,1.77,-0.378274140911714
24,1.776,-0.381228769745304
24,1.782,-0.384246561509078
24,1.788,-0.387330244499753
24,1.794,-0.390482689921843
24,1.8,-0.393706920892571
24,1.806,-0.397006122115409
24,1.812,-0.40038365027943
24,1.818,-0.403843045247104
24,1.824,-0.407388042099366
24,1.83,-0.411022584113481
24,1.836,-0.414750836756963
24,1.842,-0.418577202788906
24,1.848,-0.422506338569748
24,1.854,-0.426543171690603
24,1.86,-0.430692920045114
24,1.866,-0.434961112479543
24,1.872,-0.439353611171452
24,1.878,-0.443876635903449
24,1.884,-0.448536790416595
24,1.89,-0.453341091048536
24,1.896,-0.458296997884199
24,1.902,-0.463412448672731
24,1.908,-0.468695895793164
24,1.914,-0.474156346584278
24,1.92,-0.479803407390653
24,1.926,-0.485647331718977
24,1.932,-0.491699072945745
24,1.938,-0.497970342071134
24,1.944,-0.504473671074801
24,1.95,-0.511222482498407
24,1.956,-0.518231165958781
24,1.962,-0.525515162385509
24,1.968,-0.533091056879637
24,1.974,-0.540976681207999
24,1.98,-0.549191227082637
24,1.986,-0.557755371529988
24,1.992,-0.566691415832884
24,1.998,-0.576023439734316
24,2.004,-0.585777472829315
24,2.01,-0.595981685346403
24,2.016,-0.606666600838627
24,2.022,-0.61786533367438
24,2.028,-0.629613854648985
24,2.034,-0.641951288540422
24,2.04,-0.654920248019658
24,2.046,-0.668567209013646
24,2.052,-0.682942933426041
24,2.058,-0.698102946070023
24,2.064,-0.714108073786796
24,2.07,-0.731025056046107
24,2.076,-0.748927237891642
24,2.082,-0.7678953579549
24,2.088,-0.788018446475628
24,2.094,-0.809394850909862
24,2.1,-0.832133409869194
24,2.106,-0.856354799928609
24,2.112,-0.882193084403838
24,2.118,-0.909797498704253
24,2.124,-0.939334513526147
24,2.13,-0.970990225229485
24,2.136,-1.00497313257003
24,2.142,-1.04151737095378
24,2.148,-1.08088649006474
24,2.154,-1.12337787874999
24,2.16,-1.16932796326562
24,2.166,-1.21911833245744
24,2.172,-1.27318297753505
24,2.178,-1.33201687654706
24,2.184,-1.39618620674481
24,2.19,-1.46634053467852
24,2.196,-1.54322741797307
24,2.202,-1.62770995940535
24,2.208,-1.72078799001888
24,2.214,-1.82362373289231
24,2.22,-1.93757302570528
24,2.226,-2.06422347654395
24,2.232,-2.20544131954244
24,2.238,-2.36342926345463
24,2.244,-2.54079834547346
24,2.25,-2.74065780572111
24,2.256,-2.96672843150084
24,2.262,-3.22348692775918
24,2.268,-3.51635206626839
24,2.274,-3.85192837984249
24,2.28,-4.23833131751345
24,2.286,-4.68563151732539
24,2.292,-5.20647991101309
24,2.298,-5.81701919266153
24,2.304,-6.53827049209819
24,2.31,-7.39835039832882
24,2.316,-8.43622514005309
24,2.322,-9.70850584347997
24,2.328,-11.3027525256071
24,2.334,-13.3660632093651
24,2.34,-16.1729957936772
24,2.346,-20.2840891183291
24,2.352,-25.9688541548976
24,2.358,-23.9662321038622
24,2.364,-18.6151865002713
24,2.37,-15.049170037704
24,2.376,-12.5431625012665
24,2.382,-10.6624864532173
24,2.388,-9.18992110432287
24,2.394,-8.00439200151973
24,2.4,-7.03147256573709
24,2.406,-6.22183012401145
24,2.412,-5.54084807988291
24,2.418,-4.96317187363735
24,2.424,-4.46962292114267
24,2.43,-4.04533828322634
24,2.436,-3.6785858434591
24,2.442,-3.3599729075129
24,2.448,-3.08189568470369
24,2.454,-2.83814314550857
24,2.46,-2.62360398211203
24,2.466,-2.43404498267548
24,2.472,-2.2659404404969
24,2.478,-2.11633899926262
24,2.484,-1.98275855138452
24,2.49,-1.86310252295945
24,2.496,-1.75559268972172
24,2.502,-1.65871491367035
24,2.508,-1.57117507048067
24,2.514,-1.491863075253
24,2.52,-1.4198233849601
24,2.526,-1.35423070944368
24,2.532,-1.29436993178868
24,2.538,-1.23961944582057
24,2.544,-1.18943727907732
24,2.55,-1.14334949519876
24,2.556,-1.10094046850689
24,2.562,-1.06184470174779
24,2.568,-1.02573992013488
24,2.574,-0.99234122447467
24,2.58,-0.961396125952657
24,2.586,-0.932680317179159
24,2.592,-0.905994059953652
24,2.598,-0.881159091156753
24,2.604,-0.858015965209163
24,2.61,-0.836421765423309
24,2.616,-0.816248127931238
24,2.622,-0.797379531189829
24,2.628,-0.779711811730169
24,2.634,-0.7631508731433
24,2.64,-0.747611560527974
24,2.646,-0.733016676968571
24,2.652,-0.719296122223625
24,2.658,-0.706386136819004
24,2.664,-0.6942286372597
24,2.67,-0.682770630187209
24,2.676,-0.671963695085415
24,2.682,-0.661763526634271
24,2.688,-0.652129529074568
24,2.694,-0.643024456016837
24,2.7,-0.634414090035565
24,2.706,-0.626266957161913
24,2.712,-0.618554072046244
24,2.718,-0.611248710123939
24,2.724,-0.604326203599114
24,2.73,-0.597763758473648
24,2.736,-0.591540290203533
24,2.742,-0.585636275870223
24,2.748,-0.5800336210181
24,2.754,-0.574715539537177
24,2.76,-0.569666445167493
24,2.766,-0.564871853372899
24,2.772,-0.560318292480873
24,2.778,-0.555993223114569
24,2.784,-0.55188496505643
24,2.79,-0.54798263078149
24,2.796,-0.544276064984923
24,2.802,-0.540755789504292
24,2.808,-0.537412953103356
24,2.814,-0.534239285642934
24,2.82,-0.53122705621586
24,2.826,-0.528369034868445
24,2.832,-0.525658457571087
24,2.838,-0.523088994136189
24,2.844,-0.520654718813014
24,2.85,-0.518350083316964
24,2.856,-0.51616989207579
24,2.862,-0.514109279496953
24,2.868,-0.512163689080449
24,2.874,-0.510328854218582
24,2.88,-0.508600780540104
24,2.886,-0.506975729670077
24,2.892,-0.505450204289278
24,2.898,-0.504020934388566
24,2.904,-0.502684864623334
24,2.91,-0.501439142682696
24,2.916,-0.50028110859605
24,2.922,-0.499208284907175
24,2.928,-0.498218367652808
24,2.934,-0.497309218088557
24,2.94,-0.496478855110826
24,2.946,-0.49572544832825
24,2.952,-0.495047311740833
24,2.958,-0.494442897989262
24,2.964,-0.493910793140635
24,2.97,-0.493449711980498
24,2.976,-0.493058493784386
24,2.982,-0.492736098545063
24,2.988,-0.492481603634632
24,2.994,-0.492294200883283
24,3,-0.492173194058981
24,3.006,-0.492117996734937
24,3.012,-0.49212813053377
24,3.018,-0.492203223739687
24,3.024,-0.49234301027205
24,3.03,-0.492547329015787
24,3.036,-0.492816123506247
24,3.042,-0.493149441968026
24,3.048,-0.493547437709487
24,3.054,-0.494010369876609
24,3.06,-0.494538604572139
24,3.066,-0.495132616347978
24,3.072,-0.495792990081151
24,3.078,-0.496520423246026
24,3.084,-0.497315728597893
24,3.09,-0.498179837285722
24,3.096,-0.499113802414746
24,3.102,-0.500118803082325
24,3.108,-0.501196148914174
24,3.114,-0.502347285131082
24,3.12,-0.503573798180538
24,3.126,-0.504877421971386
24,3.132,-0.506260044754665
24,3.138,-0.507723716698287
24,3.144,-0.509270658209225
24,3.15,-0.510903269062534
24,3.156,-0.512624138403565
24,3.162,-0.51443605569703
24,3.168,-0.516342022704928
24,3.174,-0.518345266584631
24,3.18,-0.520449254208592
24,3.186,-0.522657707818812
24,3.192,-0.524974622141993
24,3.198,-0.527404283105754
24,3.204,-0.52995128831253
24,3.21,-0.532620569446038
24,3.216,-0.535417416805609
24,3.222,-0.538347506187023
24,3.228,-0.541416928354571
24,3.234,-0.544632221378591
24,3.24,-0.548000406146469
24,3.246,-0.551529025392989
24,3.252,-0.555226186639326
24,3.258,-0.559100609479094
24,3.264,-0.563161677706204
24,3.27,-0.567419496843279
24,3.276,-0.571884957702771
24,3.282,-0.576569806697118
24,3.288,-0.581486723710502
24,3.294,-0.586649408455952
24,3.3,-0.592072676369024
24,3.306,-0.597772565236855
24,3.312,-0.603766453931438
24,3.318,-0.610073194813447
24,3.324,-0.616713261601359
24,3.33,-0.623708914766691
24,3.336,-0.631084386825574
24,3.342,-0.638866090258092
24,3.348,-0.647082851209041
24,3.354,-0.655766172618193
24,3.36,-0.664950531008886
24,3.366,-0.674673711846344
24,3.372,-0.684977189182133
24,3.378,-0.69590655625174
24,3.384,-0.707512014817456
24,3.39,-0.719848932383785
24,3.396,-0.732978477999102
24,3.402,-0.746968349247946
24,3.408,-0.761893605294946
24,3.414,-0.777837623541298
24,3.42,-0.794893200691531
24,3.426,-0.813163822915964
24,3.432,-0.832765134473614
24,3.438,-0.853826639801541
24,3.444,-0.876493680889801
24,3.45,-0.900929740001167
24,3.456,-0.927319127773071
24,3.462,-0.955870128832746
24,3.468,-0.986818691722255
24,3.474,-1.02043276771312
24,3.48,-1.05701742463872
24,3.486,-1.09692088794088
24,3.492,-1.14054169257394
24,3.498,-1.18833716717501
24,3.504,-1.24083351695727
24,3.51,-1.29863782498283
24,3.516,-1.36245235336819
24,3.522,-1.43309159638826
24,3.528,-1.51150261474702
24,3.534,-1.59878926019108
24,3.54,-1.69624097313764
24,3.546,-1.80536688584644
24,3.552,-1.92793595861026
24,3.558,-2.06602376134987
24,3.564,-2.22206619238757
24,3.57,-2.39891973613267
24,3.576,-2.59992652147956
24,3.582,-2.82897997213133
24,3.588,-3.09058240999524
24,3.594,-3.38987814243561
24,3.6,-3.73263180791148
26,1.2,-0.210652497177719
26,1.206,-0.211960002337401
26,1.212,-0.213271041674229
26,1.218,-0.214585683925205
26,1.224,-0.215904000199416
26,1.23,-0.217226064073792
26,1.236,-0.218551951691311
26,1.242,-0.219881741861742
26,1.248,-0.221215516165157
26,1.254,-0.222553359058257
26,1.26,-0.223895357983766
26,1.266,-0.225241603482994
26,1.272,-0.226592189311796
26,1.278,-0.227947212560049
26,1.284,-0.229306773774876
26,1.29,-0.230670977087811
26,1.296,-0.232039930346079
26,1.302,-0.233413745248254
26,1.308,-0.234792537484459
26,1.314,-0.236176426881401
26,1.32,-0.237565537552444
26,1.326,-0.238959998053016
26,1.332,-0.240359941541569
26,1.338,-0.241765505946439
26,1.344,-0.243176834138844
26,1.35,-0.244594074112372
26,1.356,-0.246017379169286
26,1.362,-0.247446908113961
26,1.368,-0.248882825453858
26,1.374,-0.250325301608396
26,1.38,-0.25177451312612
26,1.386,-0.253230642910606
26,1.392,-0.254693880455551
26,1.398,-0.256164422089506
26,1.404,-0.257642471230773
26,1.41,-0.25912823865296
26,1.416,-0.2606219427618
26,1.422,-0.262123809883755
26,1.428,-0.263634074567109
26,1.434,-0.265152979896113
26,1.44,-0.26668077781896
26,1.446,-0.268217729490273
26,1.452,-0.269764105628895
26,1.458,-0.271320186891824
26,1.464,-0.272886264265134
26,1.47,-0.274462639472843
26,1.476,-0.276049625404649
26,1.482,-0.27764754656368
26,1.488,-0.279256739535204
26,1.494,-0.280877553477669
26,1.5,-0.282510350637093
26,1.506,-0.284155506886344
26,1.512,-0.285813412290549
26,1.518,-0.287484471700215
26,1.524,-0.289169105373627
26,1.53,-0.2908677496302
26,1.536,-0.292580857536637
26,1.542,-0.294308899627727
26,1.548,-0.296052364663927
26,1.554,-0.297811760427826
26,1.56,-0.29958761456188
26,1.566,-0.301380475449846
26,1.572,-0.303190913144632
26,1.578,-0.305019520345324
26,1.584,-0.306866913426481
26,1.59,-0.308733733522889
26,1.596,-0.31062064767326
26,1.602,-0.312528350026601
26,1.608,-0.314457563115184
26,1.614,-0.316409039198412
26,1.62,-0.318383561682091
26,1.626,-0.320381946618093
26,1.632,-0.322405044289556
26,1.638,-0.324453740887339
26,1.644,-0.326528960283752
26,1.65,-0.328631665910118
26,1.656,-0.330762862745101
26,1.662,-0.33292359942144
26,1.668,-0.335114970459145
26,1.674,-0.337338118633925
26,1.68,-0.339594237490308
26,1.686,-0.341884574009612
26,1.692,-0.344210431443803
26,1.698,-0.346573172327058
26,1.704,-0.348974221677945
26,1.71,-0.351415070406071
26,1.716,-0.353897278938243
26,1.722,-0.356422481080436
26,1.728,-0.35899238813326
26,1.734,-0.361608793279988
26,1.74,-0.364273576268057
26,1.746,-0.366988708406562
26,1.752,-0.369756257904282
26,1.758,-0.372578395575017
26,1.764,-0.37545740093929
26,1.77,-0.378395668754111
26,1.776,-0.381395716005354
26,1.782,-0.384460189400558
26,1.788,-0.387591873403219
26,1.794,-0.390793698853785
26,1.8,-0.39406875222651
26,1.806,-0.397420285576287
26,1.812,-0.400851727234498
26,1.818,-0.404366693318926
26,1.824,-0.407969000128962
26,1.83,-0.411662677504445
26,1.836,-0.41545198323447
26,1.842,-0.419341418610942
26,1.848,-0.423335745231735
26,1.854,-0.427440003168808
26,1.86,-0.431659530629035
26,1.866,-0.435999985248698
26,1.872,-0.44046736717801
26,1.878,-0.445068044128698
26,1.884,-0.449808778576758
26,1.89,-0.454696757333779
26,1.896,-0.459739623724051
26,1.902,-0.464945512631736
26,1.908,-0.470323088712544
26,1.914,-0.475881588098719
26,1.92,-0.481630863964638
26,1.926,-0.487581436364254
26,1.932,-0.493744546800982
26,1.938,-0.500132218047024
26,1.944,-0.50675731979286
26,1.95,-0.513633640780596
26,1.956,-0.520775968157489
26,1.962,-0.528200174880842
26,1.968,-0.535923316113658
26,1.974,-0.543963735674295
26,1.98,-0.552341183745845
26,1.986,-0.561076947214343
26,1.992,-0.570193994193216
26,1.998,-0.579717134508589
26,2.004,-0.589673198171115
26,2.01,-0.600091234150458
26,2.016,-0.611002732105933
26,2.022,-0.622441870118334
26,2.028,-0.634445791924804
26,2.034,-0.647054917690929
26,2.04,-0.660313292977449
26,2.046,-0.674268981289241
26,2.052,-0.688974506451787
26,2.058,-0.704487352070604
26,2.064,-0.72087052652039
26,2.07,-0.738193203320587
26,2.076,-0.756531448424876
26,2.082,-0.775969047938805
26,2.088,-0.796598452146087
26,2.094,-0.818521854551593
26,2.1,-0.841852428034957
26,2.106,-0.866715744275124
26,2.112,-0.893251407502405
26,2.118,-0.921614939547105
26,2.124,-0.951979960313279
26,2.13,-0.98454071650071
26,2.136,-1.01951502198925
26,2.142,-1.0571476862386
26,2.148,-1.09771452291539
26,2.154,-1.14152705045708
26,2.16,-1.18893802033634
26,2.166,-1.24034793856483
26,2.172,-1.29621278296792
26,2.178,-1.35705316489604
26,2.184,-1.423465241808
26,2.19,-1.49613375982169
26,2.196,-1.57584769716111
26,2.202,-1.66351909612896
26,2.208,-1.7602058204624
26,2.214,-1.86713916714109
26,2.22,-1.98575751143464
26,2.226,-2.11774749177877
26,2.232,-2.26509467680423
26,2.238,-2.43014624494221
26,2.244,-2.61568901552112
26,2.25,-2.82504730641813
26,2.256,-3.06220673139586
26,2.262,-3.33197248182053
26,2.268,-3.64017436467874
26,2.274,-3.99393678128995
26,2.28,-4.40204155034572
26,2.286,-4.87542805009338
26,2.292,-5.42790448861242
26,2.298,-6.07719812800825
26,2.304,-6.8465761369856
26,2.31,-7.76747842414726
26,2.316,-8.88405208937878
26,2.322,-10.2615014467189
26,2.328,-12.0026813357363
26,2.334,-14.283825294159
26,2.34,-17.4337495610934
26,2.346,-21.9927138285149
26,2.352,-25.6555487756459
26,2.358,-21.266386970728
26,2.364,-16.9155254347018
26,2.37,-13.9049165946802
26,2.376,-11.7052744257181
26,2.382,-10.0157814907168
26,2.388,-8.67367748828018
26,2.394,-7.58278632891966
26,2.4,-6.68148949885142
26,2.406,-5.92770328904955
26,2.412,-5.29124184830263
26,2.418,-4.74963355766486
26,2.424,-4.28567351203648
26,2.43,-3.88590649897738
26,2.436,-3.53963778653366
26,2.442,-3.2382590894057
26,2.448,-2.97477184802484
26,2.454,-2.74343949804641
26,2.46,-2.53952741245692
26,2.466,-2.35910449597248
26,2.472,-2.19888940421261
26,2.478,-2.05612984337132
26,2.484,-1.92850687217953
26,2.49,-1.81405839682351
26,2.496,-1.71111758422314
26,2.502,-1.61826298855909
26,2.508,-1.53427795085692
26,2.514,-1.45811739073511
26,2.52,-1.38888052593705
26,2.526,-1.32578837012481
26,2.532,-1.26816510034181
26,2.538,-1.21542257174756
26,2.544,-1.16704740230658
26,2.55,-1.12259016392911
26,2.556,-1.08165630637322
26,2.562,-1.04389851144928
26,2.568,-1.00901023182003
26,2.574,-0.976720214091364
26,2.58,-0.946787842351275
26,2.586,-0.918999167700662
26,2.592,-0.893163513086045
26,2.598,-0.869110562027565
26,2.604,-0.846687855531347
26,2.61,-0.825758634291183
26,2.616,-0.806199973779255
26,2.622,-0.787901168446047
26,2.628,-0.770762328350188
26,2.634,-0.75469315740457
26,2.64,-0.739611887283817
26,2.646,-0.725444345073828
26,2.652,-0.712123136105141
26,2.658,-0.69958692621829
26,2.664,-0.68777981005879
26,2.67,-0.676650753971082
26,2.676,-0.666153103719838
26,2.682,-0.65624414866594
26,2.688,-0.646884735207473
26,2.694,-0.638038923298003
26,2.7,-0.629673680705832
26,2.706,-0.621758610402296
26,2.712,-0.614265707085165
26,2.718,-0.607169139371599
26,2.724,-0.600445054647737
26,2.73,-0.594071403950373
26,2.736,-0.588027784590479
26,2.742,-0.582295298516369
26,2.748,-0.576856424662793
26,2.754,-0.57169490374774
26,2.76,-0.566795634164804
26,2.766,-0.562144577781257
26,2.772,-0.557728674592593
26,2.778,-0.553535765307112
26,2.784,-0.549554521041187
26,2.79,-0.545774379399602
26,2.796,-0.542185486297222
26,2.802,-0.538778642950319
26,2.808,-0.535545257529008
26,2.814,-0.532477301017856
26,2.82,-0.529567266880744
26,2.826,-0.526808134169305
26,2.832,-0.52419333375244
26,2.838,-0.521716717378312
26,2.844,-0.519372529310192
26,2.85,-0.517155380304014
26,2.856,-0.515060223719421
26,2.862,-0.513082333576895
26,2.868,-0.511217284392494
26,2.874,-0.509460932638362
26,2.88,-0.507809399692364
26,2.886,-0.506259056153332
26,2.892,-0.504806507410696
26,2.898,-0.503448580367893
26,2.904,-0.50218231122879
26,2.91,-0.501004934265023
26,2.916,-0.499913871490043
26,2.922,-0.498906723172876
26,2.928,-0.497981259130995
26,2.934,-0.49713541074758
26,2.94,-0.49636726366377
26,2.946,-0.495675051101411
26,2.952,-0.495057147776165
26,2.958,-0.494512064365055
26,2.964,-0.494038442496025
26,2.97,-0.493635050230872
26,2.976,-0.493300778015796
26,2.982,-0.493034635076936
26,2.988,-0.492835746241111
26,2.994,-0.492703349164393
26,3,-0.49263679195379
26,3.006,-0.49263553116957
26,3.012,-0.492699130198016
26,3.018,-0.492827257986558
26,3.024,-0.493019688135405
26,3.03,-0.493276298341725
26,3.036,-0.493597070194553
26,3.042,-0.493982089320621
26,3.048,-0.494431545883323
26,3.054,-0.494945735439103
26,3.06,-0.495525060157626
26,3.066,-0.49617003041438
26,3.072,-0.496881266766446
26,3.078,-0.497659502324752
26,3.084,-0.498505585538425
26,3.09,-0.499420483409621
26,3.096,-0.500405285160062
26,3.102,-0.501461206373413
26,3.108,-0.502589593641091
26,3.114,-0.503791929742469
26,3.12,-0.505069839394464
26,3.126,-0.506425095609539
26,3.132,-0.507859626705942
26,3.138,-0.509375524019005
26,3.144,-0.510975050367799
26,3.15,-0.512660649337896
26,3.156,-0.514434955447559
26,3.162,-0.516300805272357
26,3.168,-0.518261249611782
26,3.174,-0.52031956679053
26,3.18,-0.522479277197969
26,3.186,-0.524744159180611
26,3.192,-0.527118266416013
26,3.198,-0.529605946910758
26,3.204,-0.53221186378199
26,3.21,-0.534941018000551
26,3.216,-0.537798773294524
26,3.222,-0.540790883435781
26,3.228,-0.543923522158838
26,3.234,-0.547203315991278
26,3.24,-0.550637380309695
26,3.246,-0.554233358973566
26,3.252,-0.557999467933826
26,3.258,-0.561944543263384
26,3.264,-0.566078094113962
26,3.27,-0.570410361169492
26,3.276,-0.57495238124113
26,3.282,-0.579716058735112
26,3.288,-0.584714244823408
26,3.294,-0.589960825260707
26,3.3,-0.595470817922072
26,3.306,-0.601260481286772
26,3.312,-0.607347435268318
26,3.318,-0.613750795993136
26,3.324,-0.620491326364993
26,3.33,-0.62759160452545
26,3.336,-0.635076212638543
26,3.342,-0.642971948799355
26,3.348,-0.651308065300385
26,3.354,-0.660116536998688
26,3.36,-0.66943236412492
26,3.366,-0.679293914578774
26,3.372,-0.689743311585839
26,3.378,-0.700826873571795
26,3.384,-0.712595614272297
26,3.39,-0.725105812476574
26,3.396,-0.738419662444577
26,3.402,-0.752606017994689
26,3.408,-0.767741245598015
26,3.414,-0.783910204615949
26,3.42,-0.801207376178767
26,3.426,-0.819738166244323
26,3.432,-0.839620413245344
26,3.438,-0.860986136611667
26,3.444,-0.883983569561021
26,3.45,-0.908779528159978
26,3.456,-0.935562179094799
26,3.462,-0.964544281263245
26,3.468,-0.995966991690033
26,3.474,-1.03010434496575
26,3.48,-1.06726853811116
26,3.486,-1.107816180292
26,3.492,-1.15215570009462
26,3.498,-1.20075614315611
26,3.504,-1.25415764091146
26,3.51,-1.31298388808444
26,3.516,-1.37795703302083
26,3.522,-1.44991546103461
26,3.528,-1.52983503515105
26,3.534,-1.61885444679881
26,3.54,-1.71830541204877
26,3.546,-1.82974850927427
26,3.552,-1.95501545919358
26,3.558,-2.09625854046882
26,3.564,-2.25600751260955
26,3.57,-2.43723370849332
26,3.576,-2.64341956048697
26,3.582,-2.87862921639437
26,3.588,-3.1475711774678
26,3.594,-3.45563545506657
26,3.6,-3.80887275949975
28,1.2,-0.209148048959881
28,1.206,-0.210465304517903
28,1.212,-0.211786297850731
28,1.218,-0.213111099815094
28,1.224,-0.214439783687713
28,1.23,-0.2157724252627
28,1.236,-0.217109102951482
28,1.242,-0.218449897885357
28,1.248,-0.219794894020876
28,1.254,-0.221144178248171
28,1.26,-0.22249784050241
28,1.266,-0.22385597387855
28,1.272,-0.225218674749557
28,1.278,-0.226586042888264
28,1.284,-0.227958181593127
28,1.29,-0.229335197817956
28,1.296,-0.230717202305966
28,1.302,-0.232104309728274
28,1.308,-0.233496638827121
28,1.314,-0.234894312564019
28,1.32,-0.236297458273132
28,1.326,-0.237706207820096
28,1.332,-0.239120697766606
28,1.338,-0.24054106954101
28,1.344,-0.241967469615278
28,1.35,-0.243400049688611
28,1.356,-0.244838966878061
28,1.362,-0.246284383916521
28,1.368,-0.247736469358421
28,1.374,-0.249195397793577
28,1.38,-0.250661350069581
28,1.386,-0.252134513523149
28,1.392,-0.253615082220936
28,1.398,-0.255103257210289
28,1.404,-0.256599246780408
28,1.41,-0.258103266734519
28,1.416,-0.259615540673613
28,1.422,-0.26113630029232
28,1.428,-0.26266578568762
28,1.434,-0.264204245681012
28,1.44,-0.265751938154892
28,1.446,-0.267309130403871
28,1.452,-0.268876099501867
28,1.458,-0.27045313268578
28,1.464,-0.272040527756704
28,1.47,-0.273638593499553
28,1.476,-0.275247650122186
28,1.482,-0.276868029715069
28,1.488,-0.278500076732618
28,1.494,-0.280144148497439
28,1.5,-0.281800615728717
28,1.506,-0.283469863096167
28,1.512,-0.285152289800986
28,1.518,-0.286848310185322
28,1.524,-0.28855835437189
28,1.53,-0.290282868935592
28,1.536,-0.292022317608844
28,1.542,-0.293777182022721
28,1.548,-0.295547962485969
28,1.554,-0.29733517880416
28,1.56,-0.299139371141401
28,1.566,-0.300961100927153
28,1.572,-0.302800951810909
28,1.578,-0.304659530667675
28,1.584,-0.30653746865736
28,1.59,-0.30843542234145
28,1.596,-0.310354074860569
28,1.602,-0.312294137176682
28,1.608,-0.314256349384217
28,1.614,-0.316241482094301
28,1.62,-0.318250337897046
28,1.626,-0.320283752906805
28,1.632,-0.322342598395938
28,1.638,-0.324427782522875
28,1.644,-0.326540252160816
28,1.65,-0.328680994833767
28,1.656,-0.33085104076727
28,1.662,-0.333051465061553
28,1.668,-0.335283389995617
28,1.674,-0.337547987471333
28,1.68,-0.339846481607314
28,1.686,-0.342180151493209
28,1.692,-0.344550334115812
28,1.698,-0.346958427469297
28,1.704,-0.349405893863058
28,1.71,-0.351894263441431
28,1.716,-0.354425137931105
28,1.722,-0.357000194633079
28,1.728,-0.359621190677558
28,1.734,-0.362289967561789
28,1.74,-0.365008455992419
28,1.746,-0.36777868105596
28,1.752,-0.370602767742961
28,1.758,-0.373482946853673
28,1.764,-0.37642156131565
28,1.77,-0.379421072946252
28,1.776,-0.38248406969618
28,1.782,-0.385613273413405
28,1.788,-0.388811548170557
28,1.794,-0.392081909202773
28,1.8,-0.395427532507599
28,1.806,-0.398851765163315
28,1.812,-0.4023581364276
28,1.818,-0.405950369684446
28,1.824,-0.409632395313963
28,1.83,-0.413408364567035
28,1.836,-0.417282664535247
28,1.842,-0.421259934315465
28,1.848,-0.425345082478873
28,1.854,-0.429543305965538
28,1.86,-0.433860110538426
28,1.866,-0.438301332944921
28,1.872,-0.44287316494995
28,1.878,-0.447582179422501
28,1.884,-0.452435358677474
28,1.89,-0.457440125297232
28,1.896,-0.4626043756824
28,1.902,-0.467936516610079
28,1.908,-0.473445505109543
28,1.914,-0.479140892001839
28,1.92,-0.485032869490506
28,1.926,-0.491132323237118
28,1.932,-0.497450889407762
28,1.938,-0.504001017236269
28,1.944,-0.510796037717899
28,1.95,-0.517850239124247
28,1.956,-0.5251789501185
28,1.962,-0.532798631350602
28,1.968,-0.54072697652717
28,1.974,-0.548983024083109
28,1.98,-0.557587280733284
28,1.986,-0.566561858357184
28,1.992,-0.575930625870313
28,1.998,-0.585719377967973
28,2.004,-0.595956022895465
28,2.01,-0.606670791709419
28,2.016,-0.617896471855872
28,2.022,-0.629668668310544
28,2.028,-0.642026096015962
28,2.034,-0.655010907921815
28,2.04,-0.66866906360377
28,2.046,-0.683050744221087
28,2.052,-0.698210820495952
28,2.058,-0.714209381484987
28,2.064,-0.731112333197656
28,2.07,-0.748992077636771
28,2.076,-0.767928284640897
28,2.082,-0.788008771055165
28,2.088,-0.809330504317462
28,2.094,-0.832000750608767
28,2.1,-0.856138391387001
28,2.106,-0.88187543653645
28,2.112,-0.909358767683851
28,2.118,-0.938752151661902
28,2.124,-0.970238571895273
28,2.13,-1.00402293496043
28,2.136,-1.04033522112638
28,2.142,-1.07943416181809
28,2.148,-1.1216115442882
28,2.154,-1.16719726513347
28,2.16,-1.21656528066432
28,2.166,-1.27014063482515
28,2.172,-1.32840778603021
28,2.178,-1.39192050507373
28,2.184,-1.46131367997787
28,2.19,-1.53731744391089
28,2.196,-1.62077414395965
28,2.202,-1.71265879801717
28,2.208,-1.81410385305952
28,2.214,-1.92642927261562
28,2.22,-2.05117926104835
28,2.226,-2.19016730135881
28,2.232,-2.34553167677265
28,2.238,-2.51980431734413
28,2.244,-2.71599674332533
28,2.25,-2.93770819816256
28,2.256,-3.18926299120073
28,2.262,-3.47588696821632
28,2.268,-3.80393753165435
28,2.274,-4.18120887822856
28,2.28,-4.61734620151433
28,2.286,-5.12442349162223
28,2.292,-5.71777704737307
28,2.298,-6.41725681525752
28,2.304,-7.24919422988079
28,2.31,-8.24966520245658
28,2.316,-9.47023428384919
28,2.322,-10.9887656911589
28,2.328,-12.9312591759453
28,2.334,-15.5180926878543
28,2.34,-19.1417960880612
28,2.346,-23.8716366895554
28,2.352,-23.6994539043649
28,2.358,-18.9616917676131
28,2.364,-15.3784084951838
28,2.37,-12.8140867906579
28,2.376,-10.8837652352862
28,2.382,-9.37218371707695
28,2.388,-8.15590996557222
28,2.394,-7.15841126562778
28,2.4,-6.32884148426993
28,2.406,-5.63151771028576
28,2.412,-5.04031919370725
28,2.418,-4.53550130004553
28,2.424,-4.10177166123069
28,2.43,-3.72706502899253
28,2.436,-3.40172568079554
28,2.442,-3.11793932224792
28,2.448,-2.86932471929561
28,2.454,-2.65063186082425
28,2.46,-2.45751380778392
28,2.466,-2.28635114117846
28,2.472,-2.13411496109729
28,2.478,-1.99825875886275
28,2.484,-1.87663229465528
28,2.49,-1.76741248268631
28,2.496,-1.66904756965754
28,2.502,-1.58021179864608
28,2.508,-1.49976840625133
28,2.514,-1.42673928490806
28,2.52,-1.3602800056567
28,2.526,-1.29965917318896
28,2.532,-1.24424129775337
28,2.538,-1.19347253369725
28,2.544,-1.14686876363798
28,2.55,-1.10400560897022
28,2.556,-1.06451002791514
28,2.562,-1.0280532263326
28,2.568,-0.994344657640814
28,2.574,-0.963126929178581
28,2.58,-0.934171465331364
28,2.586,-0.907274804379564
28,2.592,-0.882255427609395
28,2.598,-0.858951036768916
28,2.604,-0.837216210254571
28,2.61,-0.81692038011071
28,2.616,-0.797946081519003
28,2.622,-0.780187434347021
28,2.628,-0.763548822836267
28,2.634,-0.747943744896097
28,2.64,-0.733293806937815
28,2.646,-0.719527843899527
28,2.652,-0.706581147211141
28,2.658,-0.694394786040276
28,2.664,-0.682915009331504
28,2.67,-0.672092717976443
28,2.676,-0.661882997989683
28,2.682,-0.652244706863354
28,2.688,-0.643140106372104
28,2.694,-0.634534536031862
28,2.7,-0.626396122208455
28,2.706,-0.618695518547055
28,2.712,-0.6114056739702
28,2.718,-0.604501624985283
28,2.724,-0.597960309465644
28,2.73,-0.59176039943283
28,2.736,-0.585882150680575
28,2.742,-0.580307267351093
28,2.748,-0.575018779807482
28,2.754,-0.57000093434828
28,2.76,-0.565239093485314
28,2.766,-0.560719645658355
28,2.772,-0.556429923392741
28,2.778,-0.552358129021665
28,2.784,-0.548493267195965
28,2.79,-0.544825083492383
28,2.796,-0.541344008509105
28,2.802,-0.538041106904908
28,2.808,-0.534908030898439
28,2.814,-0.531936977796411
28,2.82,-0.529120651166251
28,2.826,-0.526452225309384
28,2.832,-0.523925312727837
28,2.838,-0.521533934308828
28,2.844,-0.519272491980486
28,2.85,-0.517135743617217
28,2.856,-0.51511877999559
28,2.862,-0.513217003621817
28,2.868,-0.511426109269645
28,2.874,-0.509742066083556
28,2.88,-0.508161101116296
28,2.886,-0.506679684182781
28,2.892,-0.505294513923671
28,2.898,-0.504002504982364
28,2.904,-0.502800776208435
28,2.91,-0.501686639808775
28,2.916,-0.500657591375491
28,2.922,-0.499711300726159
28,2.928,-0.498845603498498
28,2.934,-0.498058493446916
28,2.94,-0.497348115393702
28,2.946,-0.496712758792121
28,2.952,-0.496150851863108
28,2.958,-0.495660956271058
28,2.964,-0.495241762307847
28,2.97,-0.494892084557598
28,2.976,-0.494610858017728
28,2.982,-0.49439713465471
28,2.988,-0.494250080375752
28,2.994,-0.49416897239997
28,3,-0.49415319701521
28,3.006,-0.494202247708816
28,3.012,-0.49431572366297
28,3.018,-0.494493328607161
28,3.024,-0.494734870022637
28,3.03,-0.495040258695544
28,3.036,-0.495409508617458
28,3.042,-0.495842737234235
28,3.048,-0.496340166045821
28,3.054,-0.49690212156195
28,3.06,-0.497529036620665
28,3.066,-0.498221452078788
28,3.072,-0.49898001888572
28,3.078,-0.499805500554366
28,3.084,-0.500698776045426
28,3.09,-0.501660843084039
28,3.096,-0.502692821930588
28,3.102,-0.503795959630442
28,3.108,-0.504971634770965
28,3.114,-0.506221362777424
28,3.12,-0.507546801783595
28,3.126,-0.508949759116914
28,3.132,-0.510432198442922
28,3.138,-0.51199624761875
28,3.144,-0.513644207311144
28,3.15,-0.515378560440762
28,3.156,-0.517201982521547
28,3.162,-0.519117352971503
28,3.168,-0.521127767479967
28,3.174,-0.523236551525994
28,3.18,-0.525447275153085
28,3.186,-0.527763769117475
28,3.192,-0.530190142540674
28,3.198,-0.532730802211682
28,3.204,-0.535390473701544
28,3.21,-0.538174224471514
28,3.216,-0.541087489177731
28,3.222,-0.544136097399239
28,3.228,-0.547326304043701
28,3.234,-0.550664822715708
28,3.24,-0.554158862367966
28,3.246,-0.557816167594983
28,3.252,-0.561645062974568
28,3.258,-0.565654501913467
28,3.264,-0.569854120512615
28,3.27,-0.574254297034449
28,3.276,-0.578866217631623
28,3.282,-0.583701949084706
28,3.288,-0.588774519397487
28,3.294,-0.594098007215284
28,3.3,-0.599687641165615
28,3.306,-0.605559910375841
28,3.312,-0.611732687601501
28,3.318,-0.618225366607108
28,3.324,-0.625059015682225
28,3.33,-0.632256549456571
28,3.336,-0.639842921504867
28,3.342,-0.647845340614543
28,3.348,-0.656293514036419
28,3.354,-0.665219921563115
28,3.36,-0.674660124896208
28,3.366,-0.684653117489084
28,3.372,-0.695241720908961
28,3.378,-0.706473034774847
28,3.384,-0.718398948529049
28,3.39,-0.731076724726461
28,3.396,-0.744569665224312
28,3.402,-0.758947873681493
28,3.408,-0.774289130199834
28,3.414,-0.790679896843558
28,3.42,-0.808216476260563
28,3.426,-0.827006349825881
28,3.432,-0.847169726788508
28,3.438,-0.868841342016495
28,3.444,-0.892172547334788
28,3.45,-0.917333750419843
28,3.456,-0.94451726610223
28,3.462,-0.973940658157475
28,3.468,-1.00585066575029
28,3.474,-1.04052782825717
28,3.48,-1.07829194596637
28,3.486,-1.1195085430081
28,3.492,-1.16459653380025
28,3.498,-1.21403733640836
28,3.504,-1.26838572667099
28,3.51,-1.32828278681388
28,3.516,-1.39447137233244
28,3.522,-1.4678146011622
28,3.528,-1.5493179580271
28,3.534,-1.64015569987946
28,3.54,-1.74170233577676
28,3.546,-1.85557001738101
28,3.552,-1.98365267950488
28,3.558,-2.1281776512656
28,3.564,-2.29176510787082
28,3.57,-2.47749496043933
28,3.576,-2.68897925639434
28,3.582,-2.93043531138951
28,3.588,-3.20674960801025
28,3.594,-3.52351319067572
28,3.6,-3.88699265971828
30,1.2,-0.20798201794515
30,1.206,-0.209316014980486
30,1.212,-0.210653628536024
30,1.218,-0.211994939557121
30,1.224,-0.21334003127937
30,1.23,-0.214688989332268
30,1.236,-0.216041901845347
30,1.242,-0.217398859556842
30,1.248,-0.218759955925133
30,1.254,-0.220125287243039
30,1.26,-0.221494952755201
30,1.266,-0.222869054778747
30,1.272,-0.22424769882732
30,1.278,-0.225630993738811
30,1.284,-0.227019051806864
30,1.29,-0.22841198891645
30,1.296,-0.22980992468369
30,1.302,-0.231212982600164
30,1.308,-0.232621290181957
30,1.314,-0.234034979123665
30,1.32,-0.235454185457654
30,1.326,-0.236879049718837
30,1.332,-0.238309717115235
30,1.338,-0.239746337704645
30,1.344,-0.241189066577754
30,1.35,-0.242638064047968
30,1.356,-0.244093495848376
30,1.362,-0.245555533336163
30,1.368,-0.247024353704886
30,1.374,-0.248500140205025
30,1.38,-0.249983082373207
30,1.386,-0.251473376270592
30,1.392,-0.252971224730859
30,1.398,-0.254476837618344
30,1.404,-0.255990432096785
30,1.41,-0.257512232909307
30,1.416,-0.259042472670212
30,1.422,-0.260581392169147
30,1.428,-0.262129240688418
30,1.434,-0.263686276333998
30,1.44,-0.265252766381116
30,1.446,-0.266828987635123
30,1.452,-0.268415226808432
30,1.458,-0.270011780914496
30,1.464,-0.271618957679686
30,1.47,-0.273237075974041
30,1.476,-0.274866466261987
30,1.482,-0.276507471074095
30,1.488,-0.278160445501
30,1.494,-0.279825757710849
30,1.5,-0.281503789491469
30,1.506,-0.283194936818741
30,1.512,-0.284899610452623
30,1.518,-0.286618236562488
30,1.524,-0.288351257383335
30,1.53,-0.290099131904809
30,1.536,-0.291862336594878
30,1.542,-0.293641366160187
30,1.548,-0.295436734345329
30,1.554,-0.297248974773316
30,1.56,-0.299078641829716
30,1.566,-0.300926311593142
30,1.572,-0.30279258281488
30,1.578,-0.30467807795068
30,1.584,-0.306583444247996
30,1.59,-0.308509354892015
30,1.596,-0.310456510214264
30,1.602,-0.312425638967749
30,1.608,-0.314417499672801
30,1.614,-0.316432882038213
30,1.62,-0.318472608462588
30,1.626,-0.320537535621008
30,1.632,-0.322628556142787
30,1.638,-0.324746600386208
30,1.644,-0.326892638316809
30,1.65,-0.32906768149619
30,1.656,-0.331272785188777
30,1.662,-0.333509050594716
30,1.668,-0.335777627217536
30,1.674,-0.338079715375995
30,1.68,-0.340416568870215
30,1.686,-0.342789497813105
30,1.692,-0.345199871638732
30,1.698,-0.347649122300575
30,1.704,-0.35013874767333
30,1.71,-0.352670315173261
30,1.716,-0.355245465613253
30,1.722,-0.357865917310104
30,1.728,-0.360533470463066
30,1.734,-0.363250011824269
30,1.74,-0.366017519683413
30,1.746,-0.368838069191134
30,1.752,-0.37171383804748
30,1.758,-0.374647112584378
30,1.764,-0.377640294273489
30,1.77,-0.380695906693708
30,1.776,-0.383816602995679
30,1.782,-0.387005173904159
30,1.788,-0.390264556302824
30,1.794,-0.393597842450322
30,1.8,-0.397008289881002
30,1.806,-0.400499332048902
30,1.812,-0.404074589779137
30,1.818,-0.407737883597292
30,1.824,-0.411493247014217
30,1.83,-0.415344940851464
30,1.836,-0.419297468701187
30,1.842,-0.423355593623921
30,1.848,-0.427524356198271
30,1.854,-0.431809094048509
30,1.86,-0.436215462989339
30,1.866,-0.440749459941927
30,1.872,-0.445417447792004
30,1.878,-0.450226182379346
30,1.884,-0.455182841829005
30,1.89,-0.460295058458048
30,1.896,-0.465570953518019
30,1.902,-0.471019175063127
30,1.908,-0.476648939267694
30,1.914,-0.482470075554356
30,1.92,-0.488493075937314
30,1.926,-0.494729149033637
30,1.932,-0.501190279250496
30,1.938,-0.507889291719035
30,1.944,-0.514839923616494
30,1.95,-0.522056902599504
30,1.956,-0.529556033163987
30,1.962,-0.537354291852738
30,1.968,-0.545469932353112
30,1.974,-0.553922601665979
30,1.98,-0.56273346868669
30,1.986,-0.571925366722544
30,1.992,-0.581522951682856
30,1.998,-0.591552877922272
30,2.004,-0.602043994000994
30,2.01,-0.613027560953658
30,2.016,-0.624537496039602
30,2.022,-0.63661064539103
30,2.028,-0.649287089492885
30,2.034,-0.662610486033046
30,2.04,-0.676628455369854
30,2.046,-0.6913930146955
30,2.052,-0.706961067952037
30,2.058,-0.72339495971052
30,2.064,-0.740763102587107
30,2.07,-0.759140689385325
30,2.076,-0.778610503072101
30,2.082,-0.799263839979194
30,2.088,-0.821201564347703
30,2.094,-0.844535315595625
30,2.1,-0.869388893602615
30,2.106,-0.895899852015202
30,2.112,-0.924221335256534
30,2.118,-0.954524201797471
30,2.124,-0.986999484584409
30,2.13,-1.02186124966548
30,2.136,-1.05934992644099
30,2.142,-1.09973619812532
30,2.148,-1.14332555962902
30,2.154,-1.19046367301549
30,2.16,-1.2415426790584
30,2.166,-1.29700865863146
30,2.172,-1.35737048151215
30,2.178,-1.42321033501924
30,2.184,-1.49519629377977
30,2.19,-1.57409737884396
30,2.196,-1.66080166464921
30,2.202,-1.75633813310908
30,2.208,-1.86190315507336
30,2.214,-1.97889271399672
30,2.22,-2.10894179381449
30,2.226,-2.25397276009762
30,2.232,-2.41625511103003
30,2.238,-2.59847972421758
30,2.244,-2.80385177329113
30,2.25,-3.03620799035146
30,2.256,-3.30016616503849
30,2.262,-3.6013181401374
30,2.268,-3.94648286329512
30,2.274,-4.34404468654052
30,2.28,-4.804416675977
30,2.286,-5.34069420158238
30,2.292,-5.96961045494527
30,2.298,-6.7129933697376
30,2.304,-7.60009745546896
30,2.31,-8.67154720230122
30,2.316,-9.98643159561625
30,2.322,-11.6359685033823
30,2.328,-13.7716369546121
30,2.334,-16.6634711960587
30,2.34,-20.7452138220804
30,2.346,-24.8811151519147
30,2.352,-21.9762114449573
30,2.358,-17.5519614642356
30,2.364,-14.3920246347642
30,2.37,-12.0870174428979
30,2.376,-10.3234187206128
30,2.382,-8.92681883399303
30,2.388,-7.79423454942959
30,2.394,-6.86006820109416
30,2.4,-6.07979215744034
30,2.406,-5.42163492160859
30,2.412,-4.86204232511688
30,2.418,-4.38303694578225
30,2.424,-3.97059166311206
30,2.43,-3.61357570615974
30,2.436,-3.30304062540591
30,2.442,-3.03171778058011
30,2.448,-2.79365327224718
30,2.454,-2.58393576972812
30,2.46,-2.39848934641999
30,2.466,-2.23391317963649
30,2.472,-2.08735588228968
30,2.478,-1.95641594794928
30,2.484,-1.83906220792717
30,2.49,-1.73356982507833
30,2.496,-1.63846847664279
30,2.502,-1.55250018171343
30,2.508,-1.47458481439087
30,2.514,-1.4037917786573
30,2.52,-1.33931664925581
30,2.526,-1.28046183375106
30,2.532,-1.22662050469754
30,2.538,-1.17726320173793
30,2.544,-1.13192662180457
30,2.55,-1.09020420897694
30,2.556,-1.05173822960707
30,2.562,-1.01621307732992
30,2.568,-0.983349599781931
30,2.574,-0.952900276762407
30,2.58,-0.924645110127957
30,2.586,-0.898388110421334
30,2.592,-0.873954285285356
30,2.598,-0.851187051031789
30,2.604,-0.829946002057542
30,2.61,-0.810104983710474
30,2.616,-0.791550423166414
30,2.622,-0.77417988025814
30,2.628,-0.757900786291512
30,2.634,-0.742629343931542
30,2.64,-0.728289565432622
30,2.646,-0.714812429977278
30,2.652,-0.702135143801432
30,2.658,-0.690200489222665
30,2.664,-0.678956250733974
30,2.67,-0.668354708046682
30,2.676,-0.658352187416974
30,2.682,-0.648908663817207
30,2.688,-0.639987407551692
30,2.694,-0.631554669799061
30,2.7,-0.62357940231363
30,2.706,-0.616033007158405
30,2.712,-0.608889112889424
30,2.718,-0.602123374079598
30,2.724,-0.595713291472226
30,2.73,-0.58963805040024
30,2.736,-0.583878375404894
30,2.742,-0.578416399244973
30,2.748,-0.573235544709844
30,2.754,-0.568320417842464
30,2.76,-0.563656711345725
30,2.766,-0.559231117090951
30,2.772,-0.55503124677411
30,2.778,-0.551045559875867
30,2.784,-0.547263298178315
30,2.79,-0.54367442617567
30,2.796,-0.540269576790567
30,2.802,-0.537040001872748
30,2.808,-0.533977527014114
30,2.814,-0.531074510264795
30,2.82,-0.528323804379313
30,2.826,-0.525718722261312
30,2.832,-0.523253005310242
30,2.838,-0.520920794404104
30,2.844,-0.518716603279919
30,2.85,-0.516635294097837
30,2.856,-0.514672054996403
30,2.862,-0.512822379466064
30,2.868,-0.511082047384851
30,2.874,-0.509447107575914
30,2.88,-0.507913861760171
30,2.886,-0.50647884978974
30,2.892,-0.505138836058937
30,2.898,-0.50389079699949
30,2.904,-0.50273190957577
30,2.91,-0.50165954070369
30,2.916,-0.500671237524485
30,2.922,-0.499764718470996
30,2.928,-0.498937865070193
30,2.934,-0.498188714431076
30,2.94,-0.497515452372108
30,2.946,-0.496916407146777
30,2.952,-0.49639004373008
30,2.958,-0.495934958632599
30,2.964,-0.495549875212154
30,2.97,-0.495233639456551
30,2.976,-0.494985216213569
30,2.982,-0.494803685847556
30,2.988,-0.494688241304302
30,2.994,-0.494638185568447
30,3,-0.494652929500167
30,3.006,-0.494731990039788
30,3.012,-0.494874988771538
30,3.018,-0.495081650839344
30,3.024,-0.495351804209904
30,3.03,-0.495685379280024
30,3.036,-0.496082408827439
30,3.042,-0.496543028306057
30,3.048,-0.49706747648869
30,3.054,-0.497656096462479
30,3.06,-0.498309336984016
30,3.066,-0.499027754203615
30,3.072,-0.499812013770318
30,3.078,-0.500662893331426
30,3.084,-0.501581285443236
30,3.09,-0.502568200911864
30,3.096,-0.503624772586244
30,3.102,-0.504752259628229
30,3.108,-0.50595205228811
30,3.114,-0.507225677217513
30,3.12,-0.508574803355378
30,3.126,-0.51000124842718
30,3.132,-0.511506986102121
30,3.138,-0.513094153858222
30,3.144,-0.514765061610907
30,3.15,-0.516522201167003
30,3.156,-0.518368256572971
30,3.162,-0.520306115433994
30,3.168,-0.522338881289102
30,3.174,-0.524469887137051
30,3.18,-0.526702710218567
30,3.186,-0.529041188172251
30,3.192,-0.531489436695095
30,3.198,-0.534051868853496
30,3.204,-0.536733216207513
30,3.21,-0.539538551930265
30,3.216,-0.542473316125667
30,3.222,-0.545543343571981
30,3.228,-0.548754894146096
30,3.234,-0.552114686214192
30,3.24,-0.55562993330986
30,3.246,-0.55930838446052
30,3.252,-0.563158368568305
30,3.258,-0.567188843303461
30,3.264,-0.571409449027202
30,3.27,-0.575830568328484
30,3.276,-0.580463391836317
30,3.282,-0.585319991058016
30,3.288,-0.590413399095197
30,3.294,-0.59575770020675
30,3.3,-0.601368129322839
30,3.306,-0.607261182769915
30,3.312,-0.613454741647038
30,3.318,-0.619968209503031
30,3.324,-0.626822666206592
30,3.33,-0.634041040184274
30,3.336,-0.641648301530447
30,3.342,-0.649671678878382
30,3.348,-0.658140903371917
30,3.354,-0.667088483605865
30,3.36,-0.676550016024246
30,3.366,-0.686564535997505
30,3.372,-0.697174915663445
30,3.378,-0.708428315639019
30,3.384,-0.720376698921668
30,3.39,-0.733077416739222
30,3.396,-0.746593877822237
30,3.402,-0.76099631461988
30,3.408,-0.776362662429153
30,3.414,-0.792779570342768
30,3.42,-0.810343566448167
30,3.426,-0.829162403956027
30,3.432,-0.849356620059244
30,3.438,-0.871061345514536
30,3.444,-0.894428410435389
30,3.45,-0.919628800876955
30,3.456,-0.946855531834302
30,3.462,-0.976327015698345
30,3.468,-1.00829102154315
30,3.474,-1.04302934048591
30,3.48,-1.08086329652298
30,3.486,-1.12216027158688
30,3.492,-1.16734144911183
30,3.498,-1.21689102326952
30,3.504,-1.27136717242871
30,3.51,-1.33141515641015
30,3.516,-1.39778296853577
30,3.522,-1.47134005530564
30,3.528,-1.55309970717061
30,3.534,-1.64424581867956
30,3.54,-1.74616480519195
30,3.546,-1.86048352669819
30,3.552,-1.98911407080802
30,3.558,-2.13430612182045
30,3.564,-2.29870727716221
30,3.57,-2.48543086833425
30,3.576,-2.69812925695235
30,3.582,-2.94106760832766
30,3.588,-3.2191877430568
30,3.594,-3.53814196347534
30,3.6,-3.90425939596896
32,1.2,-0.207007843196015
32,1.206,-0.20834179965595
32,1.212,-0.209679849197179
32,1.218,-0.211022065368913
32,1.224,-0.212368524267181
32,1.23,-0.213719304634343
32,1.236,-0.215074487961249
32,1.242,-0.216434158592241
32,1.248,-0.21779840383311
32,1.254,-0.219167314062182
32,1.26,-0.220540982844706
32,1.266,-0.22191950705073
32,1.272,-0.223302986976622
32,1.278,-0.224691526470449
32,1.284,-0.226085233061401
32,1.29,-0.227484218093471
32,1.296,-0.228888596863621
32,1.302,-0.23029848876464
32,1.308,-0.231714017432965
32,1.314,-0.233135310901657
32,1.32,-0.234562501758879
32,1.326,-0.235995727312079
32,1.332,-0.237435129758206
32,1.338,-0.238880856360234
32,1.344,-0.240333059630358
32,1.35,-0.241791897520137
32,1.356,-0.243257533618006
32,1.362,-0.244730137354458
32,1.368,-0.246209884215336
32,1.374,-0.247696955963659
32,1.38,-0.24919154087032
32,1.386,-0.250693833954265
32,1.392,-0.252204037232484
32,1.398,-0.253722359980432
32,1.404,-0.25524901900337
32,1.41,-0.256784238919184
32,1.416,-0.258328252453311
32,1.422,-0.259881300746389
32,1.428,-0.2614436336753
32,1.434,-0.263015510188322
32,1.44,-0.264597198655118
32,1.446,-0.266188977232402
32,1.452,-0.267791134246034
32,1.458,-0.269403968590566
32,1.464,-0.271027790147032
32,1.47,-0.272662920220098
32,1.476,-0.274309691995586
32,1.482,-0.275968451019465
32,1.488,-0.277639555699579
32,1.494,-0.279323377831319
32,1.5,-0.281020303148596
32,1.506,-0.282730731901588
32,1.512,-0.284455079462702
32,1.518,-0.286193776962476
32,1.524,-0.287947271957051
32,1.53,-0.289716029129096
32,1.536,-0.291500531024152
32,1.542,-0.293301278824433
32,1.548,-0.295118793162345
32,1.554,-0.296953614976084
32,1.56,-0.298806306409825
32,1.566,-0.30067745176125
32,1.572,-0.302567658479214
32,1.578,-0.304477558214739
32,1.584,-0.306407807928536
32,1.59,-0.308359091058652
32,1.596,-0.310332118751979
32,1.602,-0.312327631163671
32,1.608,-0.314346398828821
32,1.614,-0.316389224111028
32,1.62,-0.318456942732827
32,1.626,-0.320550425393334
32,1.632,-0.322670579478853
32,1.638,-0.324818350872604
32,1.644,-0.326994725870213
32,1.65,-0.329200733208037
32,1.656,-0.331437446212122
32,1.662,-0.333705985075901
32,1.668,-0.336007519275652
32,1.674,-0.338343270133279
32,1.68,-0.340714513536749
32,1.686,-0.343122582829422
32,1.692,-0.345568871880268
32,1.698,-0.348054838348121
32,1.704,-0.350582007154015
32,1.71,-0.353151974176942
32,1.716,-0.355766410189519
32,1.722,-0.358427065051591
32,1.728,-0.361135772181155
32,1.734,-0.36389445332378
32,1.74,-0.366705123643434
32,1.746,-0.369569897159687
32,1.752,-0.372490992558393
32,1.758,-0.375470739405403
32,1.764,-0.378511584795526
32,1.77,-0.381616100471739
32,1.776,-0.384786990453061
32,1.782,-0.38802709921279
32,1.788,-0.391339420452965
32,1.794,-0.394727106524922
32,1.8,-0.398193478550856
32,1.806,-0.401742037306313
32,1.812,-0.405376474929538
32,1.818,-0.409100687529928
32,1.824,-0.4129187887751
32,1.83,-0.41683512454396
32,1.836,-0.420854288742036
32,1.842,-0.42498114038519
32,1.848,-0.42922082206875
32,1.854,-0.4335787799514
32,1.86,-0.43806078539677
32,1.866,-0.442672958430963
32,1.872,-0.447421793191395
32,1.878,-0.452314185561461
32,1.884,-0.457357463207057
32,1.89,-0.462559418255156
32,1.896,-0.46792834288188
32,1.902,-0.473473068108091
32,1.908,-0.479203006135126
32,1.914,-0.485128196592322
32,1.92,-0.491259357112197
32,1.926,-0.497607938699094
32,1.932,-0.504186186413973
32,1.938,-0.511007205962395
32,1.944,-0.518085036846288
32,1.95,-0.525434732823501
32,1.956,-0.533072450514825
32,1.962,-0.541015547107129
32,1.968,-0.549282688226308
32,1.974,-0.557893967197116
32,1.98,-0.566871037071598
32,1.986,-0.576237256997595
32,1.992,-0.586017854717344
32,1.998,-0.596240107238913
32,2.004,-0.606933542015553
32,2.01,-0.618130161307288
32,2.016,-0.629864692792958
32,2.022,-0.642174869959844
32,2.028,-0.655101746333255
32,2.034,-0.668690048234259
32,2.04,-0.68298857148696
32,2.046,-0.698050628357857
32,2.052,-0.713934552022843
32,2.058,-0.730704267052837
32,2.064,-0.748429935821844
32,2.07,-0.767188692416029
32,2.076,-0.787065477611737
32,2.082,-0.808153990859668
32,2.088,-0.830557778041454
32,2.094,-0.854391477151147
32,2.1,-0.879782248118801
32,2.106,-0.906871417884929
32,2.112,-0.935816377737948
32,2.118,-0.966792777071279
32,2.124,-0.999997066388
32,2.13,-1.0356494529371
32,2.136,-1.07399734525402
32,2.142,-1.115319378665
32,2.148,-1.15993013321251
32,2.154,-1.20818567937383
32,2.16,-1.26049011653013
32,2.166,-1.31730330587701
32,2.172,-1.37915004525164
32,2.178,-1.44663099065236
32,2.184,-1.52043570126063
32,2.19,-1.60135827577989
32,2.196,-1.69031616351642
32,2.202,-1.78837288143373
32,2.208,-1.89676555878768
32,2.214,-2.0169384783224
32,2.22,-2.150584107857
32,2.226,-2.29969354817334
32,2.232,-2.46661890678494
32,2.238,-2.6541509104186
32,2.244,-2.86561619915737
32,2.25,-3.10500037646636
32,2.256,-3.37710531320345
32,2.262,-3.6877529215105
32,2.268,-4.04405351272207
32,2.274,-4.45476654451367
32,2.28,-4.93079806704119
32,2.286,-5.48590834280545
32,2.292,-6.13775669399921
32,2.298,-6.9095133275857
32,2.304,-7.83247442725144
32,2.31,-8.95055596724374
32,2.316,-10.328536716807
32,2.322,-12.0683259124589
32,2.328,-14.3435032887894
32,2.334,-17.4729435056933
32,2.34,-21.9450891828014
32,2.346,-25.3874624561218
32,2.352,-21.1811600181035
32,2.358,-16.9138254136942
32,2.364,-13.9287265089786
32,2.37,-11.7383292798774
32,2.376,-10.0520143541974
32,2.382,-8.71031581519872
32,2.388,-7.61841046262133
32,2.394,-6.71534125718186
32,2.4,-5.95938967906246
32,2.406,-5.32058767924351
32,2.412,-4.77659891971654
32,2.418,-4.3103033746794
32,2.424,-3.9082981206862
32,2.43,-3.55991896298834
32,2.436,-3.25657345959525
32,2.442,-2.99126899899964
32,2.448,-2.75826840879503
32,2.454,-2.55283224182933
32,2.46,-2.37102201419095
32,2.466,-2.2095475671388
32,2.472,-2.06564714971656
32,2.478,-1.93699224568503
32,2.484,-1.82161140964151
32,2.49,-1.71782889184833
32,2.496,-1.62421488599046
32,2.502,-1.53954498807665
32,2.508,-1.46276700595195
32,2.514,-1.39297366950253
32,2.52,-1.32938010219581
32,2.526,-1.27130515241985
32,2.532,-1.21815586705074
32,2.538,-1.16941453316556
32,2.544,-1.12462782650996
32,2.55,-1.08339769435521
32,2.556,-1.04537367106698
32,2.562,-1.0102463810885
32,2.568,-0.977742029194416
32,2.574,-0.947617714170966
32,2.58,-0.91965743136262
32,2.586,-0.893668653230429
32,2.592,-0.869479396318522
32,2.598,-0.846935698707532
32,2.604,-0.825899444848325
32,2.61,-0.806246485171287
32,2.616,-0.787865006498075
32,2.622,-0.770654116397556
32,2.628,-0.754522610508169
32,2.634,-0.739387896722977
32,2.64,-0.725175054184108
32,2.646,-0.711816008408193
32,2.652,-0.699248806683824
32,2.658,-0.687416980243261
32,2.664,-0.676268981693229
32,2.67,-0.665757687858105
32,2.676,-0.655839959596649
32,2.682,-0.646476251343796
32,2.688,-0.637630264138194
32,2.694,-0.629268636753219
32,2.7,-0.621360670279236
32,2.706,-0.613878082127388
32,2.712,-0.606794785957902
32,2.718,-0.600086694491942
32,2.724,-0.593731542557949
32,2.73,-0.587708728060322
32,2.736,-0.581999168848859
32,2.742,-0.576585173718207
32,2.748,-0.571450325983767
32,2.754,-0.566579378268569
32,2.76,-0.561958157299132
32,2.766,-0.557573477650499
32,2.772,-0.553413063504472
32,2.778,-0.549465477593274
32,2.784,-0.545720056595426
32,2.79,-0.54216685233347
32,2.796,-0.538796578195669
32,2.802,-0.535600560267939
32,2.808,-0.532570692718121
32,2.814,-0.529699397024402
32,2.82,-0.526979584683282
32,2.826,-0.524404623071134
32,2.832,-0.521968304167621
32,2.838,-0.519664815879412
32,2.844,-0.517488715729652
32,2.85,-0.515434906702483
32,2.856,-0.513498615053257
32,2.862,-0.511675369913952
32,2.868,-0.509960984540335
32,2.874,-0.508351539062519
32,2.88,-0.506843364614083
32,2.886,-0.505433028727156
32,2.892,-0.504117321891671
32,2.898,-0.50289324518687
32,2.904,-0.501757998901998
32,2.91,-0.500708972070996
32,2.916,-0.499743732853324
32,2.922,-0.498860019699463
32,2.928,-0.498055733245601
32,2.934,-0.497328928887446
32,2.94,-0.496677809987824
32,2.946,-0.496100721677458
32,2.952,-0.495596145212118
32,2.958,-0.495162692853379
32,2.964,-0.494799103243518
32,2.97,-0.494504237248243
32,2.976,-0.494277074244178
32,2.982,-0.494116708830535
32,2.988,-0.494022347947089
32,2.994,-0.493993308383205
32,3,-0.494029014664655
32,3.006,-0.494128997307584
32,3.012,-0.494292891430717
32,3.018,-0.494520435719415
32,3.024,-0.494811471736715
32,3.03,-0.495165943578996
32,3.036,-0.495583897875416
32,3.042,-0.496065484132647
32,3.048,-0.496610955428169
32,3.054,-0.497220669457518
32,3.06,-0.497895089943058
32,3.066,-0.498634788413814
32,3.072,-0.499440446368465
32,3.078,-0.500312857835682
32,3.084,-0.501252932348714
32,3.09,-0.502261698353796
32,3.096,-0.503340307074694
32,3.102,-0.504490036858974
32,3.108,-0.505712298034882
32,3.114,-0.507008638311241
32,3.12,-0.508380748756946
32,3.126,-0.50983047040079
32,3.132,-0.51135980149724
32,3.138,-0.512970905508989
32,3.144,-0.514666119862843
32,3.15,-0.516447965541993
32,3.156,-0.518319157584735
32,3.162,-0.520282616567582
32,3.168,-0.522341481159562
32,3.174,-0.524499121844116
32,3.18,-0.526759155916081
32,3.186,-0.529125463873299
32,3.192,-0.531602207336229
32,3.198,-0.534193848644135
32,3.204,-0.536905172293791
32,3.21,-0.539741308406012
32,3.216,-0.542707758427264
32,3.222,-0.545810423298241
32,3.228,-0.549055634349511
32,3.234,-0.552450187215576
32,3.24,-0.556001379095227
32,3.246,-0.559717049726279
32,3.252,-0.563605626489765
32,3.258,-0.567676174111294
32,3.264,-0.571938449487878
32,3.27,-0.576402962237656
32,3.276,-0.58108104164903
32,3.282,-0.58598491079675
32,3.288,-0.591127768696675
32,3.294,-0.596523881491223
32,3.3,-0.602188683796234
32,3.306,-0.608138891499839
32,3.312,-0.614392627489646
32,3.318,-0.620969561999255
32,3.324,-0.627891069515048
32,3.33,-0.635180404474936
32,3.336,-0.642862898329953
32,3.342,-0.650966180936098
32,3.348,-0.659520429708017
32,3.354,-0.668558650511332
32,3.36,-0.67811699491118
32,3.366,-0.688235119150099
32,3.372,-0.698956591120632
32,3.378,-0.710329352654556
32,3.384,-0.722406245703594
32,3.39,-0.735245612476758
32,3.396,-0.748911981374988
32,3.402,-0.76347685268455
32,3.408,-0.779019600528955
32,3.414,-0.79562851062403
32,3.42,-0.813401977041373
32,3.426,-0.83244988559486
32,3.432,-0.852895216787888
32,3.438,-0.874875907696246
32,3.444,-0.898547019960659
32,3.45,-0.924083270526733
32,3.456,-0.951681993268565
32,3.462,-0.981566613617854
32,3.468,-1.01399073534053
32,3.474,-1.04924295931746
32,3.48,-1.08765257938024
32,3.486,-1.12959633084828
32,3.492,-1.17550640446224
32,3.498,-1.2258799830705
32,3.504,-1.28129061189541
32,3.51,-1.34240177656724
32,3.516,-1.40998313704917
32,3.522,-1.4849299498506
32,3.528,-1.56828630345772
32,3.534,-1.66127288718016
32,3.54,-1.7653200999157
32,3.546,-1.88210736012554
32,3.552,-2.01360946026241
32,3.558,-2.16215064439645
32,3.564,-2.33046664780966
32,3.57,-2.52177399738716
32,3.576,-2.73984404158089
32,3.582,-2.98907577769402
32,3.588,-3.27455537418794
32,3.594,-3.60207921619271
32,3.6,-3.97809750913152
34,1.2,-0.206723409927735
34,1.206,-0.208048258181423
34,1.212,-0.209377623412498
34,1.218,-0.21071157562691
34,1.224,-0.212050187545443
34,1.23,-0.213393534700856
34,1.236,-0.214741695537884
34,1.242,-0.216094751516215
34,1.248,-0.217452787216664
34,1.254,-0.218815890450613
34,1.26,-0.220184152372964
34,1.266,-0.221557667598721
34,1.272,-0.222936534323435
34,1.278,-0.224320854447655
34,1.284,-0.22571073370561
34,1.29,-0.22710628179833
34,1.296,-0.228507612531418
34,1.302,-0.22991484395771
34,1.308,-0.231328098525038
34,1.314,-0.232747503229405
34,1.32,-0.234173189773757
34,1.326,-0.235605294732702
34,1.332,-0.237043959723433
34,1.338,-0.238489331583161
34,1.344,-0.239941562553384
34,1.35,-0.241400810471356
34,1.356,-0.242867238969057
34,1.362,-0.244341017680116
34,1.368,-0.245822322455002
34,1.374,-0.247311335584974
34,1.38,-0.248808246035182
34,1.386,-0.250313249687391
34,1.392,-0.251826549592844
34,1.398,-0.253348356235745
34,1.404,-0.254878887807942
34,1.41,-0.256418370495345
34,1.416,-0.257967038776744
34,1.422,-0.259525135735606
34,1.428,-0.261092913385596
34,1.434,-0.262670633010479
34,1.44,-0.264258565519236
34,1.446,-0.265856991817126
34,1.452,-0.267466203193617
34,1.458,-0.269086501728028
34,1.464,-0.270718200713902
34,1.47,-0.272361625103092
34,1.476,-0.274017111970637
34,1.482,-0.275685011001591
34,1.488,-0.277365685001037
34,1.494,-0.279059510428512
34,1.5,-0.280766877958301
34,1.506,-0.282488193067002
34,1.512,-0.284223876649934
34,1.518,-0.285974365668045
34,1.524,-0.287740113827045
34,1.53,-0.289521592290692
34,1.536,-0.291319290430196
34,1.542,-0.293133716611806
34,1.548,-0.294965399025004
34,1.554,-0.296814886553513
34,1.56,-0.298682749691922
34,1.566,-0.30056958151047
34,1.572,-0.302475998671113
34,1.578,-0.304402642497893
34,1.584,-0.306350180105066
34,1.59,-0.308319305586472
34,1.596,-0.310310741270171
34,1.602,-0.31232523904229
34,1.608,-0.314363581744624
34,1.614,-0.316426584650709
34,1.62,-0.318515097025358
34,1.626,-0.320630003773327
34,1.632,-0.322772227182703
34,1.638,-0.324942728769552
34,1.644,-0.327142511230419
34,1.65,-0.329372620510108
34,1.656,-0.331634147992432
34,1.662,-0.333928232822508
34,1.668,-0.336256064369613
34,1.674,-0.338618884840426
34,1.68,-0.341017992053244
34,1.686,-0.343454742384613
34,1.692,-0.345930553900673
34,1.698,-0.348446909686602
34,1.704,-0.351005361388557
34,1.71,-0.353607532983774
34,1.716,-0.356255124795707
34,1.722,-0.358949917772587
34,1.728,-0.36169377804926
34,1.734,-0.364488661813957
34,1.74,-0.367336620503388
34,1.746,-0.370239806351753
34,1.752,-0.373200478321339
34,1.758,-0.376221008444982
34,1.764,-0.379303888613282
34,1.77,-0.382451737842493
34,1.776,-0.385667310062242
34,1.782,-0.388953502465967
34,1.788,-0.392313364470723
34,1.794,-0.395750107337724
34,1.8,-0.399267114509544
34,1.806,-0.402867952725546
34,1.812,-0.406556383982906
34,1.818,-0.410336378417286
34,1.824,-0.414212128184581
34,1.83,-0.418188062433205
34,1.836,-0.422268863465621
34,1.842,-0.426459484197725
34,1.848,-0.430765167036142
34,1.854,-0.435191464305843
34,1.86,-0.439744260374743
34,1.866,-0.444429795637369
34,1.872,-0.449254692537504
34,1.878,-0.454225983829162
34,1.884,-0.459351143297574
34,1.89,-0.464638119186423
34,1.896,-0.470095370605828
34,1.902,-0.475731907226729
34,1.908,-0.481557332603136
34,1.914,-0.487581891503599
34,1.92,-0.493816521678862
34,1.926,-0.50027291054391
34,1.932,-0.506963557311178
34,1.938,-0.513901841177897
34,1.944,-0.521102096246067
34,1.95,-0.528579693939621
34,1.956,-0.536351133781585
34,1.962,-0.544434143506329
34,1.968,-0.552847789610736
34,1.974,-0.561612599595677
34,1.98,-0.57075069731894
34,1.986,-0.580285953076057
34,1.992,-0.590244150250826
34,1.998,-0.600653170637727
34,2.004,-0.6115432008399
34,2.01,-0.622946962496009
34,2.016,-0.634899969495814
34,2.022,-0.647440815817587
34,2.028,-0.660611498172807
34,2.034,-0.674457778289737
34,2.04,-0.689029590424318
34,2.046,-0.704381500576198
34,2.052,-0.720573224934357
34,2.058,-0.737670216311752
34,2.064,-0.75574432878897
34,2.07,-0.77487457251834
34,2.076,-0.795147972697193
34,2.082,-0.816660549170348
34,2.088,-0.839518436049132
34,2.094,-0.863839164239776
34,2.1,-0.889753133982872
34,2.106,-0.917405309572496
34,2.112,-0.946957174540584
34,2.118,-0.978588992997864
34,2.124,-1.01250243181451
34,2.13,-1.04892360927372
34,2.136,-1.08810664920772
34,2.142,-1.13033783601549
34,2.148,-1.17594048611179
34,2.154,-1.22528067621047
34,2.16,-1.27877399961119
34,2.166,-1.33689355988212
34,2.172,-1.40017945900874
34,2.178,-1.46925009679976
34,2.184,-1.54481567349483
34,2.19,-1.62769438257966
34,2.196,-1.71883190175385
34,2.202,-1.81932494489292
34,2.208,-1.93044983778909
34,2.214,-2.05369734095728
34,2.22,-2.19081528601098
34,2.226,-2.34386105045463
34,2.232,-2.5152665178743
34,2.238,-2.70791903158471
34,2.244,-2.92526306925611
34,2.25,-3.17142913934483
34,2.256,-3.45139905639061
34,2.262,-3.7712208614237
34,2.268,-4.13829323112669
34,2.274,-4.56175012631024
34,2.28,-5.0529951862393
34,2.286,-5.62646887204731
34,2.292,-6.30079365745502
34,2.298,-7.10056376786819
34,2.304,-8.05929445270794
34,2.31,-9.22458786144064
34,2.316,-10.6678455004945
34,2.322,-12.5041016188868
34,2.328,-14.9363646658718
34,2.334,-18.3587397228212
34,2.34,-23.3950711291424
34,2.346,-25.8686369720824
34,2.352,-20.5691989975112
34,2.358,-16.4137297551986
34,2.364,-13.5553400271825
34,2.37,-11.452124090194
34,2.376,-9.82656303976813
34,2.382,-8.52897707172817
34,2.388,-7.47024452016387
34,2.394,-6.59279510967918
34,2.4,-5.85702775779723
34,2.406,-5.23436836184
34,2.412,-4.70344074794166
34,2.418,-4.24781158011894
34,2.424,-3.85458407303851
34,2.43,-3.51347603423621
34,2.436,-3.21618869536329
34,2.442,-2.95595847381826
34,2.448,-2.72722883628686
34,2.454,-2.52540410249993
34,2.46,-2.34666106393424
34,2.466,-2.18780257682433
34,2.472,-2.0461423579168
34,2.478,-1.91941342522434
34,2.484,-1.80569473517763
34,2.49,-1.70335199747875
34,2.496,-1.61098964744947
34,2.502,-1.52741167122298
34,2.508,-1.45158950336577
34,2.514,-1.38263560770146
34,2.52,-1.3197816484261
34,2.526,-1.26236038582033
34,2.532,-1.20979060683381
34,2.538,-1.1615645382181
34,2.544,-1.11723729790389
34,2.55,-1.0764180257337
34,2.556,-1.03876240254376
34,2.562,-1.00396632077936
34,2.568,-0.971760513264983
34,2.574,-0.941905981698512
34,2.58,-0.91419009465606
34,2.586,-0.888423247753532
34,2.592,-0.864435997189376
34,2.598,-0.842076593039304
34,2.604,-0.821208851059001
34,2.61,-0.801710311908621
34,2.616,-0.783470645067276
34,2.622,-0.766390261597093
34,2.628,-0.750379105615699
34,2.634,-0.735355599063386
34,2.64,-0.72124571828185
34,2.646,-0.707982184198787
34,2.652,-0.695503750652211
34,2.658,-0.683754577684125
34,2.664,-0.672683678561559
34,2.67,-0.662244430907454
34,2.676,-0.652394143694536
34,2.682,-0.643093673015475
34,2.688,-0.634307080526381
34,2.694,-0.626001329296604
34,2.7,-0.618146012510303
34,2.706,-0.610713111073008
34,2.712,-0.603676776696658
34,2.718,-0.597013137482392
34,2.724,-0.590700123403369
34,2.73,-0.584717309419539
34,2.736,-0.579045774240553
34,2.742,-0.573667972998447
34,2.748,-0.568567622304557
34,2.754,-0.563729596349322
34,2.76,-0.559139832863753
34,2.766,-0.554785247900861
34,2.772,-0.550653658516711
34,2.778,-0.546733712536929
34,2.784,-0.543014824687316
34,2.79,-0.539487118448422
34,2.796,-0.53614137306541
34,2.802,-0.532968975207114
34,2.808,-0.529961874823475
34,2.814,-0.52711254479916
34,2.82,-0.524413944044044
34,2.826,-0.521859483699382
34,2.832,-0.519442996171893
34,2.838,-0.517158706738013
34,2.844,-0.515001207486877
34,2.85,-0.512965433394206
34,2.856,-0.511046640340231
34,2.862,-0.509240384903438
34,2.868,-0.507542505778647
34,2.874,-0.505949106682797
34,2.88,-0.504456540625284
34,2.886,-0.503061395431486
34,2.892,-0.501760480419136
34,2.898,-0.500550814136548
34,2.904,-0.499429613080787
34,2.91,-0.498394281321395
34,2.916,-0.497442400962658
34,2.922,-0.496571723383661
34,2.928,-0.495780161201323
34,2.934,-0.495065780906884
34,2.94,-0.494426796131118
34,2.946,-0.493861561498038
34,2.952,-0.493368567030847
34,2.958,-0.492946433077643
34,2.964,-0.492593905727839
34,2.97,-0.492309852693364
34,2.976,-0.492093259631713
34,2.982,-0.49194322689071
34,2.988,-0.491858966657311
34,2.994,-0.491839800495352
34,3,-0.491885157259338
34,3.006,-0.491994571373661
34,3.012,-0.492167681468729
34,3.018,-0.492404229367612
34,3.024,-0.492704059418601
34,3.03,-0.493067118171501
34,3.036,-0.493493454396928
34,3.042,-0.493983219450254
34,3.048,-0.49453666798368
34,3.054,-0.495154159011961
34,3.06,-0.495836157339448
34,3.066,-0.496583235358262
34,3.072,-0.497396075229642
34,3.078,-0.498275471463079
34,3.084,-0.499222333910051
34,3.09,-0.500237691192274
34,3.096,-0.501322694586887
34,3.102,-0.502478622394423
34,3.108,-0.50370688481853
34,3.114,-0.505009029390268
34,3.12,-0.506386746973622
34,3.126,-0.507841878393348
34,3.132,-0.509376421731082
34,3.138,-0.510992540340748
34,3.144,-0.512692571640328
34,3.15,-0.514479036743374
34,3.156,-0.516354651000754
34,3.162,-0.518322335531198
34,3.168,-0.520385229827825
34,3.174,-0.522546705537901
34,3.18,-0.524810381523883
34,3.186,-0.527180140326176
34,3.192,-0.52966014616187
34,3.198,-0.532254864609069
34,3.204,-0.534969084143983
34,3.21,-0.537807939717341
34,3.216,-0.540776938578988
34,3.222,-0.543881988584332
34,3.228,-0.547129429244519
34,3.234,-0.550526065814351
34,3.24,-0.554079206747995
34,3.246,-0.557796704893956
34,3.252,-0.56168700284761
34,3.258,-0.565759182933094
34,3.264,-0.570023022347416
34,3.27,-0.574489054069508
34,3.276,-0.579168634216975
34,3.282,-0.584074016625076
34,3.288,-0.589218435528016
34,3.294,-0.59461619734431
34,3.3,-0.600282782707927
34,3.306,-0.606234960049249
34,3.312,-0.612490912217303
34,3.318,-0.619070377852405
34,3.324,-0.625994809471304
34,3.33,-0.633287550521455
34,3.336,-0.640974034004675
34,3.342,-0.649082005672321
34,3.348,-0.657641775264756
34,3.354,-0.666686499820638
34,3.36,-0.676252503731707
34,3.366,-0.686379640985244
34,3.372,-0.697111705942292
34,3.378,-0.708496900072183
34,3.384,-0.720588363336823
34,3.39,-0.73344478043219
34,3.396,-0.74713107389921
34,3.402,-0.761719198272403
34,3.408,-0.777289052016274
34,3.414,-0.793929527097308
34,3.42,-0.811739719764911
34,3.426,-0.830830330603739
34,3.432,-0.851325287340459
34,3.438,-0.87336363044553
34,3.444,-0.897101709516908
34,3.45,-0.922715748077628
34,3.456,-0.950404846139785
34,3.462,-0.980394504144618
34,3.468,-1.01294076923979
34,3.474,-1.04833512597048
34,3.48,-1.08691027913755
34,3.486,-1.12904700774213
34,3.492,-1.1751823066505
34,3.498,-1.22581907802526
34,3.504,-1.28153768884868
34,3.51,-1.34300977502242
34,3.516,-1.41101474711168
34,3.522,-1.4864595373079
34,3.528,-1.57040221905714
34,3.534,-1.66408022367515
34,3.54,-1.76894395897732
34,3.546,-1.88669667842786
34,3.552,-2.01934140992751
34,3.558,-2.16923555018067
34,3.564,-2.33915322209573
34,3.57,-2.53235443308868
34,3.576,-2.75265803487258
34,3.582,-3.0045117268058
34,3.588,-3.29304555921961
34,3.594,-3.6240832649911
34,3.6,-4.00406414236545
36,1.2,-0.206329649103583
36,1.206,-0.207663738088054
36,1.212,-0.209002650760378
36,1.218,-0.210346459685482
36,1.224,-0.211695240222483
36,1.23,-0.213049070623648
36,1.236,-0.214408032136316
36,1.242,-0.215772209107935
36,1.248,-0.217141689094386
36,1.254,-0.218516562971743
36,1.26,-0.219896925051625
36,1.266,-0.221282873200372
36,1.272,-0.22267450896215
36,1.278,-0.224071937686275
36,1.284,-0.225475268658873
36,1.29,-0.226884615239151
36,1.296,-0.228300095000484
36,1.302,-0.22972182987652
36,1.308,-0.231149946312629
36,1.314,-0.232584575422877
36,1.32,-0.234025853152822
36,1.326,-0.23547392044844
36,1.332,-0.236928923431459
36,1.338,-0.238391013581419
36,1.344,-0.239860347924788
36,1.35,-0.241337089231495
36,1.356,-0.242821406219248
36,1.362,-0.244313473765995
36,1.368,-0.245813473130967
36,1.374,-0.247321592184742
36,1.38,-0.24883802564873
36,1.386,-0.250362975344624
36,1.392,-0.251896650454263
36,1.398,-0.253439267790483
36,1.404,-0.254991052079491
36,1.41,-0.256552236255367
36,1.416,-0.258123061767332
36,1.422,-0.259703778900394
36,1.428,-0.26129464711017
36,1.434,-0.262895935372522
36,1.44,-0.264507922548852
36,1.446,-0.266130897767891
36,1.452,-0.267765160824825
36,1.458,-0.269411022598714
36,1.464,-0.271068805489231
36,1.47,-0.272738843873662
36,1.476,-0.274421484585415
36,1.482,-0.27611708741514
36,1.488,-0.277826025635687
36,1.494,-0.279548686552333
36,1.5,-0.281285472079615
36,1.506,-0.283036799346287
36,1.512,-0.284803101330021
36,1.518,-0.286584827523556
36,1.524,-0.288382444634084
36,1.53,-0.290196437317825
36,1.536,-0.292027308951838
36,1.542,-0.293875582445273
36,1.548,-0.295741801092376
36,1.554,-0.297626529469788
36,1.56,-0.299530354380738
36,1.566,-0.301453885849031
36,1.572,-0.303397758165832
36,1.578,-0.30536263099252
36,1.584,-0.307349190523056
36,1.59,-0.309358150709587
36,1.596,-0.311390254555301
36,1.602,-0.313446275478733
36,1.608,-0.315527018754128
36,1.614,-0.317633323032747
36,1.62,-0.319766061950358
36,1.626,-0.321926145826548
36,1.632,-0.32411452346193
36,1.638,-0.326332184039711
36,1.644,-0.328580159138633
36,1.65,-0.330859524864842
36,1.656,-0.333171404110701
36,1.662,-0.335516968949341
36,1.668,-0.337897443174313
36,1.674,-0.340314104994484
36,1.68,-0.342768289895097
36,1.686,-0.345261393676832
36,1.692,-0.347794875685581
36,1.698,-0.350370262246762
36,1.704,-0.35298915031908
36,1.71,-0.355653211383847
36,1.716,-0.358364195587442
36,1.722,-0.36112393615577
36,1.728,-0.363934354101396
36,1.734,-0.366797463245571
36,1.74,-0.369715375579555
36,1.746,-0.372690306991505
36,1.752,-0.375724583387681
36,1.758,-0.378820647239196
36,1.764,-0.381981064588452
36,1.77,-0.385208532552272
36,1.776,-0.388505887362404
36,1.782,-0.391876112987608
36,1.788,-0.395322350385805
36,1.794,-0.398847907439238
36,1.8,-0.402456269630713
36,1.806,-0.406151111524536
36,1.812,-0.409936309121963
36,1.818,-0.413815953167822
36,1.824,-0.41779436349257
36,1.83,-0.421876104482572
36,1.836,-0.426066001780675
36,1.842,-0.430369160329717
36,1.848,-0.434790983883255
36,1.854,-0.439337196120811
36,1.86,-0.444013863519445
36,1.866,-0.448827420149835
36,1.872,-0.453784694583151
36,1.878,-0.458892939115515
36,1.884,-0.464159861539737
36,1.89,-0.46959365971979
36,1.896,-0.475203059252493
36,1.902,-0.48099735453357
36,1.908,-0.486986453582128
36,1.914,-0.49318092701924
36,1.92,-0.49959206164353
36,1.926,-0.506231919100079
36,1.932,-0.513113400199546
36,1.938,-0.520250315513446
36,1.944,-0.527657462949808
36,1.95,-0.535350713103029
36,1.956,-0.543347103273723
36,1.962,-0.551664941171158
36,1.968,-0.560323919444755
36,1.974,-0.569345242344468
36,1.98,-0.578751765986418
36,1.986,-0.588568153903336
36,1.992,-0.598821049793641
36,1.998,-0.609539269654079
36,2.004,-0.620754015794234
36,2.01,-0.632499115595319
36,2.016,-0.644811288298446
36,2.022,-0.657730443600341
36,2.028,-0.6713000164093
36,2.034,-0.685567342786755
36,2.04,-0.700584082887873
36,2.046,-0.71640669764057
36,2.052,-0.733096986992061
36,2.058,-0.750722698838345
36,2.064,-0.769358219272933
36,2.07,-0.789085356594549
36,2.076,-0.809994233656376
36,2.082,-0.832184305692913
36,2.088,-0.855765523809714
36,2.094,-0.880859667973481
36,2.1,-0.907601877724358
36,2.106,-0.936142414111472
36,2.112,-0.96664869272563
36,2.118,-0.999307635418935
36,2.124,-1.03432839766982
36,2.13,-1.07194553996104
36,2.136,-1.11242272547546
36,2.142,-1.15605704349327
36,2.148,-1.20318407887082
36,2.154,-1.2541838738839
36,2.16,-1.30948796078504
36,2.166,-1.36958768327436
36,2.172,-1.43504407480418
36,2.178,-1.50649962394655
36,2.184,-1.58469233551289
36,2.19,-1.67047259544465
36,2.196,-1.76482347401812
36,2.202,-1.86888526421603
36,2.208,-1.9839852620849
36,2.214,-2.11167407022853
36,2.22,-2.25377006833986
36,2.226,-2.4124141813136
36,2.232,-2.59013773973513
36,2.238,-2.78994715306505
36,2.244,-3.01543043668799
36,2.25,-3.27089257116886
36,2.256,-3.56152960026887
36,2.262,-3.8936559466978
36,2.268,-4.27500681209996
36,2.274,-4.7151498916314
36,2.28,-5.22606209304064
36,2.286,-5.82296565113418
36,2.292,-6.52559079502676
36,2.298,-7.36017557179164
36,2.304,-8.36281240184592
36,2.31,-9.58541720646951
36,2.316,-11.1072058160755
36,2.322,-13.0588178242377
36,2.328,-15.6783486339559
36,2.334,-19.4461852439642
36,2.34,-24.9859596898565
36,2.346,-25.3168287823245
36,2.352,-19.7012355606317
36,2.358,-15.8287522714541
36,2.364,-13.1459129084689
36,2.37,-11.1518727973293
36,2.376,-9.59926133714776
36,2.382,-8.35323013371348
36,2.388,-7.33240410945271
36,2.394,-6.48361144573361
36,2.4,-5.76994031629574
36,2.406,-5.16456462837702
36,2.412,-4.64730167011996
36,2.418,-4.20256504267199
36,2.424,-3.81807717688887
36,2.43,-3.48401902022235
36,2.436,-3.19244425273744
36,2.442,-2.9368610791466
36,2.448,-2.71192472038376
36,2.454,-2.51320583394575
36,2.46,-2.33701275242372
36,2.466,-2.18025294675933
36,2.472,-2.04032374552572
36,2.478,-1.91502528828298
36,2.484,-1.8024906334863
36,2.49,-1.70112926340904
36,2.496,-1.60958115477852
36,2.502,-1.52667924954033
36,2.508,-1.45141864915205
36,2.514,-1.38293122153136
36,2.52,-1.32046458740597
36,2.526,-1.26336466611639
36,2.532,-1.21106112643282
36,2.538,-1.16305521741721
36,2.544,-1.11890955632671
36,2.55,-1.07823953132243
36,2.556,-1.04070604104415
36,2.562,-1.00600934452491
36,2.568,-0.973883836196049
36,2.574,-0.944093593995224
36,2.58,-0.916428575487158
36,2.586,-0.890701358729024
36,2.592,-0.86674434237333
36,2.598,-0.844407334001413
36,2.604,-0.823555467553518
36,2.61,-0.804067400471922
36,2.616,-0.785833749203143
36,2.622,-0.768755728336787
36,2.628,-0.752743964149624
36,2.634,-0.737717457883281
36,2.64,-0.723602677879429
36,2.646,-0.71033276286467
36,2.652,-0.697846821328125
36,2.658,-0.686089314158645
36,2.664,-0.67500950957834
36,2.67,-0.664561000985533
36,2.676,-0.654701279651766
36,2.682,-0.64539135534551
36,2.688,-0.636595418912158
36,2.694,-0.628280541654453
36,2.7,-0.620416407051445
36,2.706,-0.612975070947123
36,2.712,-0.60593074684767
36,2.718,-0.59925961340168
36,2.724,-0.592939641512142
36,2.73,-0.586950438851371
36,2.736,-0.581273109828235
36,2.742,-0.575890129297744
36,2.748,-0.570785228511183
36,2.754,-0.565943291985905
36,2.76,-0.561350264130991
36,2.766,-0.556993064601796
36,2.772,-0.55285951147576
36,2.778,-0.548938251446177
36,2.784,-0.545218696321755
36,2.79,-0.541690965199949
36,2.796,-0.538345831752109
36,2.802,-0.535174676120334
36,2.808,-0.532169440980233
36,2.814,-0.529322591371769
36,2.82,-0.526627077942744
36,2.826,-0.524076303286883
36,2.832,-0.521664091091653
36,2.838,-0.519384657840485
36,2.844,-0.517232586840123
36,2.85,-0.515202804367038
36,2.856,-0.51329055774775
36,2.862,-0.511491395206121
36,2.868,-0.509801147327405
36,2.874,-0.508215910003529
36,2.88,-0.506732028737228
36,2.886,-0.505346084194648
36,2.892,-0.504054878906618
36,2.898,-0.502855425028376
36,2.904,-0.501744933076219
36,2.91,-0.500720801567282
36,2.916,-0.499780607495793
36,2.922,-0.498922097585447
36,2.928,-0.498143180263387
36,2.934,-0.497441918306578
36,2.94,-0.496816522116105
36,2.946,-0.496265343579359
36,2.952,-0.495786870484135
36,2.958,-0.495379721452268
36,2.964,-0.495042641363949
36,2.97,-0.494774497247019
36,2.976,-0.494574274608329
36,2.982,-0.494441074187282
36,2.988,-0.494374109113896
36,2.994,-0.494372702456495
36,3,-0.494436285146238
36,3.006,-0.4945643942679
36,3.012,-0.494756671708612
36,3.018,-0.495012863158122
36,3.024,-0.495332817456313
36,3.03,-0.49571648628561
36,3.036,-0.496163924207929
36,3.042,-0.496675289047744
36,3.048,-0.497250842624992
36,3.054,-0.49789095184335
36,3.06,-0.498596090141804
36,3.066,-0.49936683931935
36,3.072,-0.500203891745138
36,3.078,-0.501108052968666
36,3.084,-0.502080244747204
36,3.09,-0.503121508510377
36,3.096,-0.504233009284615
36,3.102,-0.505416040103508
36,3.108,-0.506672026933255
36,3.114,-0.508002534146261
36,3.12,-0.509409270579861
36,3.126,-0.510894096221471
36,3.132,-0.512459029566514
36,3.138,-0.514106255700403
36,3.144,-0.515838135162131
36,3.15,-0.517657213653078
36,3.156,-0.519566232662221
36,3.162,-0.521568141086494
36,3.168,-0.523666107934306
36,3.174,-0.525863536209726
36,3.18,-0.528164078086296
36,3.186,-0.530571651491377
36,3.192,-0.533090458236176
36,3.198,-0.535725003841739
36,3.204,-0.53848011922908
36,3.21,-0.541360984460946
36,3.216,-0.544373154745069
36,3.222,-0.547522588933829
36,3.228,-0.550815680783417
36,3.234,-0.554259293267874
36,3.24,-0.557860796279638
36,3.246,-0.561628108089703
36,3.252,-0.565569740987459
36,3.258,-0.569694851574039
36,3.264,-0.574013296244213
36,3.27,-0.578535692461909
36,3.276,-0.583273486514672
36,3.282,-0.588239028524501
36,3.288,-0.593445655598146
36,3.294,-0.598907784122002
36,3.3,-0.604641012347027
36,3.306,-0.610662234571523
36,3.312,-0.616989768417628
36,3.318,-0.623643496915181
36,3.324,-0.630645027360057
36,3.33,-0.638017869208747
36,3.336,-0.645787633615122
36,3.342,-0.653982257617269
36,3.348,-0.662632256453329
36,3.354,-0.671771008037987
36,3.36,-0.68143507428157
36,3.366,-0.691664564699928
36,3.372,-0.702503548668813
36,3.378,-0.714000523748099
36,3.384,-0.726208948772784
36,3.39,-0.739187851919907
36,3.396,-0.753002525762343
36,3.402,-0.767725323472616
36,3.408,-0.783436572916062
36,3.414,-0.80022562846291
36,3.42,-0.818192084064144
36,3.426,-0.837447175611109
36,3.432,-0.858115406001388
36,3.438,-0.880336432866118
36,3.444,-0.904267266828439
36,3.45,-0.930084837765204
36,3.456,-0.957988998209464
36,3.462,-0.988206047216626
36,3.468,-1.02099287527575
36,3.474,-1.05664185184424
36,3.48,-1.09548660260947
36,3.486,-1.13790885455816
36,3.492,-1.18434656441438
36,3.498,-1.23530359113809
36,3.504,-1.29136122712852
36,3.51,-1.3531919665765
36,3.516,-1.42157596364237
36,3.522,-1.49742071738171
36,3.528,-1.58178461220699
36,3.534,-1.67590503610195
36,3.54,-1.78123188118657
36,3.546,-1.89946727849062
36,3.552,-2.03261238704189
36,3.558,-2.18302186868402
36,3.564,-2.35346619805972
36,3.57,-2.54720094492758
36,3.576,-2.76804021166354
36,3.582,-3.02042779373341
36,3.588,-3.30949309005441
36,3.594,-3.6410670735587
36,3.6,-4.02161270401307
38,1.2,-0.206707203147346
38,1.206,-0.208049379096868
38,1.212,-0.209396738775455
38,1.218,-0.210749355975067
38,1.224,-0.212107307395303
38,1.23,-0.213470672743481
38,1.236,-0.214839534837837
38,1.242,-0.216213979713988
38,1.248,-0.217594096734831
38,1.254,-0.218979978704034
38,1.26,-0.2203717219833
38,1.266,-0.221769426613582
38,1.272,-0.223173196440441
38,1.278,-0.224583139243746
38,1.284,-0.225999366871938
38,1.29,-0.227421995381042
38,1.296,-0.228851145178715
38,1.302,-0.230286941173501
38,1.308,-0.231729512929605
38,1.314,-0.23317899482743
38,1.32,-0.234635526230137
38,1.326,-0.23609925165655
38,1.332,-0.237570320960722
38,1.338,-0.239048889518429
38,1.344,-0.240535118421003
38,1.35,-0.242029174676832
38,1.356,-0.243531231420879
38,1.362,-0.245041468132683
38,1.368,-0.246560070863184
38,1.374,-0.248087232470896
38,1.38,-0.249623152867819
38,1.386,-0.251168039275622
38,1.392,-0.252722106492628
38,1.398,-0.254285577172122
38,1.404,-0.255858682112562
38,1.41,-0.257441660560319
38,1.416,-0.259034760525603
38,1.422,-0.260638239112211
38,1.428,-0.262252362861892
38,1.434,-0.26387740811402
38,1.44,-0.265513661381437
38,1.446,-0.267161419743304
38,1.452,-0.268820991255866
38,1.458,-0.270492695382113
38,1.464,-0.272176863441312
38,1.47,-0.273873839079566
38,1.476,-0.275583978762474
38,1.482,-0.277307652291146
38,1.488,-0.27904524334289
38,1.494,-0.280797150037892
38,1.5,-0.282563785533392
38,1.506,-0.284345578646903
38,1.512,-0.286142974510102
38,1.518,-0.287956435255183
38,1.524,-0.289786440735534
38,1.53,-0.291633489282707
38,1.536,-0.293498098501842
38,1.542,-0.295380806107803
38,1.548,-0.29728217080438
38,1.554,-0.299202773209254
38,1.56,-0.301143216827347
38,1.566,-0.303104129075578
38,1.572,-0.305086162362137
38,1.578,-0.307089995223611
38,1.584,-0.30911633352359
38,1.59,-0.311165911716556
38,1.596,-0.313239494181184
38,1.602,-0.315337876627454
38,1.608,-0.317461887582277
38,1.614,-0.319612389958719
38,1.62,-0.321790282714231
38,1.626,-0.323996502603704
38,1.632,-0.326232026033638
38,1.638,-0.328497871024109
38,1.644,-0.330795099285766
38,1.65,-0.333124818419687
38,1.656,-0.335488184248397
38,1.662,-0.337886403287088
38,1.668,-0.34032073536481
38,1.674,-0.342792496406003
38,1.68,-0.345303061383822
38,1.686,-0.347853867457323
38,1.692,-0.350446417305823
38,1.698,-0.353082282674638
38,1.704,-0.355763108147619
38,1.71,-0.358490615163287
38,1.716,-0.361266606292546
38,1.722,-0.364092969797715
38,1.728,-0.366971684494092
38,1.734,-0.369904824937233
38,1.74,-0.372894566961008
38,1.746,-0.375943193593805
38,1.752,-0.379053101382552
38,1.758,-0.382226807156953
38,1.764,-0.385466955269229
38,1.77,-0.388776325347768
38,1.776,-0.392157840606783
38,1.782,-0.395614576757777
38,1.788,-0.399149771573041
38,1.794,-0.402766835156073
38,1.8,-0.406469360979079
38,1.806,-0.410261137753469
38,1.812,-0.414146162205743
38,1.818,-0.418128652838202
38,1.824,-0.422213064761902
38,1.83,-0.426404105697962
38,1.836,-0.430706753253164
38,1.842,-0.435126273586601
38,1.848,-0.43966824159634
38,1.854,-0.444338562768419
38,1.86,-0.44914349684583
38,1.866,-0.454089683491823
38,1.872,-0.459184170140979
38,1.878,-0.464434442252574
38,1.884,-0.469848456204683
38,1.89,-0.47543467509424
38,1.896,-0.481202107738351
38,1.902,-0.487160351206238
38,1.908,-0.493319637249448
38,1.914,-0.499690883041368
38,1.92,-0.506285746686045
38,1.926,-0.513116688011959
38,1.932,-0.520197035229513
38,1.938,-0.527541058102471
38,1.944,-0.535164048365586
38,1.95,-0.543082408213321
38,1.956,-0.551313747791108
38,1.962,-0.559876992742033
38,1.968,-0.568792503001086
38,1.974,-0.578082204189027
38,1.98,-0.587769733141541
38,1.986,-0.597880599321077
38,1.992,-0.608442364102804
38,1.998,-0.619484840208355
38,2.004,-0.631040313887803
38,2.01,-0.643143792829397
38,2.016,-0.655833283217501
38,2.022,-0.669150099872379
38,2.028,-0.683139214005042
38,2.034,-0.697849643821189
38,2.04,-0.713334894030092
38,2.046,-0.72965345127964
38,2.052,-0.746869343675228
38,2.058,-0.76505277388161
38,2.064,-0.784280836893074
38,2.07,-0.80463833543851
38,2.076,-0.826218708223285
38,2.082,-0.849125088873697
38,2.088,-0.873471516631172
38,2.094,-0.899384323653968
38,2.1,-0.927003728359159
38,2.106,-0.956485669746502
38,2.112,-0.988003924296384
38,2.118,-1.02175255508668
38,2.124,-1.05794875255135
38,2.13,-1.09683613821233
38,2.136,-1.13868861726466
38,2.142,-1.18381488372487
38,2.148,-1.23256370377605
38,2.154,-1.28533012999376
38,2.16,-1.34256283263479
38,2.166,-1.40477277581381
38,2.172,-1.47254351837712
38,2.178,-1.5465434844719
38,2.184,-1.62754063097077
38,2.19,-1.71642004305451
38,2.196,-1.81420512212379
38,2.202,-1.92208320102162
38,2.208,-2.04143664311887
38,2.214,-2.17388077233222
38,2.22,-2.32131036700523
38,2.226,-2.48595697107215
38,2.232,-2.67045999108332
38,2.238,-2.87795555185238
38,2.244,-3.11218852917444
38,2.25,-3.37765531867556
38,2.256,-3.67978816831524
38,2.262,-4.02519705863917
38,2.268,-4.42199353297898
38,2.274,-4.88023511671853
38,2.28,-5.41255394640934
38,2.286,-6.03507882682264
38,2.292,-6.76884688489249
38,2.298,-7.64207542973339
38,2.304,-8.69403656179837
38,2.31,-9.98213157725738
38,2.316,-11.595914650966
38,2.322,-13.6878717173558
38,2.328,-16.5498348772637
38,2.334,-20.8180440848227
38,2.34,-27.1275880544661
38,2.346,-24.6189191755163
38,2.352,-18.9310517174996
38,2.358,-15.2982139707688
38,2.364,-12.7668315485012
38,2.37,-10.8701483900829
38,2.376,-9.3841566212474
38,2.382,-8.18599553026111
38,2.388,-7.20078577418925
38,2.394,-6.37915252389591
38,2.4,-5.6865596318794
38,2.406,-5.09775394565237
38,2.412,-4.59364270809222
38,2.418,-4.15942226958971
38,2.424,-3.78339287572015
38,2.43,-3.4561710411006
38,2.436,-3.1701440522561
38,2.442,-2.91907875814302
38,2.448,-2.69783281464841
38,2.454,-2.50213652160082
38,2.46,-2.32842489062002
38,2.466,-2.17370644501828
38,2.472,-2.03545949517468
38,2.478,-1.91154934735031
38,2.484,-1.80016170002289
38,2.49,-1.69974870821229
38,2.496,-1.60898505793829
38,2.502,-1.526732013764
38,2.508,-1.45200785935159
38,2.514,-1.38396349339658
38,2.52,-1.32186220372059
38,2.526,-1.26506284272546
38,2.532,-1.21300578318601
38,2.538,-1.16520115541006
38,2.544,-1.12121896307284
38,2.55,-1.08068075141634
38,2.556,-1.04325256240692
38,2.562,-1.0086389602195
38,2.568,-0.976577949634998
38,2.574,-0.946836641588528
38,2.58,-0.919207545738142
38,2.586,-0.893505390749521
38,2.592,-0.86956438996622
38,2.598,-0.847235884011484
38,2.604,-0.82638630324533
38,2.61,-0.806895402356353
38,2.616,-0.788654727081978
38,2.622,-0.771566279429748
38,2.628,-0.755541353060468
38,2.634,-0.740499514890255
38,2.64,-0.726367712632184
38,2.646,-0.713079491059619
38,2.652,-0.700574302337329
38,2.658,-0.688796897919968
38,2.664,-0.677696791329482
38,2.67,-0.667227782652482
38,2.676,-0.657347536891517
38,2.682,-0.648017209400284
38,2.688,-0.639201112563999
38,2.694,-0.630866418678729
38,2.7,-0.622982894659857
38,2.706,-0.615522664788076
38,2.712,-0.608459998196729
38,2.718,-0.601771118229536
38,2.724,-0.595434031163662
38,2.73,-0.589428372108342
38,2.736,-0.583735266161465
38,2.742,-0.57833720314216
38,2.748,-0.573217924421391
38,2.754,-0.568362320550038
38,2.76,-0.56375633853779
38,2.766,-0.559386897770717
38,2.772,-0.555241813672462
38,2.778,-0.551309728316514
38,2.784,-0.547580047286702
38,2.79,-0.544042882161696
38,2.796,-0.540688998068546
38,2.802,-0.537509765810847
38,2.808,-0.534497118130859
38,2.814,-0.531643509712172
38,2.82,-0.528941880571071
38,2.826,-0.526385622521973
38,2.832,-0.523968548434788
38,2.838,-0.521684864031346
38,2.844,-0.519529141993695
38,2.85,-0.517496298180105
38,2.856,-0.515581569765089
38,2.862,-0.513780495138073
38,2.868,-0.512088895411555
38,2.874,-0.510502857404306
38,2.88,-0.509018717978271
38,2.886,-0.507633049619424
38,2.892,-0.506342647163611
38,2.898,-0.505144515577756
38,2.904,-0.504035858715383
38,2.91,-0.503014068973272
38,2.916,-0.502076717782878
38,2.922,-0.501221546876647
38,2.928,-0.500446460275026
38,2.934,-0.499749516945221
38,2.94,-0.499128924087598
38,2.946,-0.498583031009839
38,2.952,-0.498110323553168
38,2.958,-0.497709419038548
38,2.964,-0.497379061704048
38,2.97,-0.497118118607958
38,2.976,-0.496925575974993
38,2.982,-0.496800535965666
38,2.988,-0.496742213851614
38,2.994,-0.496749935581927
38,3,-0.496823135727971
38,3.006,-0.496961355796321
38,3.012,-0.497164242901603
38,3.018,-0.497431548793066
38,3.024,-0.497763129230809
38,3.03,-0.498158943709441
38,3.036,-0.498619055529122
38,3.042,-0.499143632215792
38,3.048,-0.499732946294447
38,3.054,-0.500387376421456
38,3.06,-0.50110740888395
38,3.066,-0.501893639476531
38,3.072,-0.502746775767978
38,3.078,-0.503667639772825
38,3.084,-0.504657171045541
38,3.09,-0.505716430217548
38,3.096,-0.506846603000406
38,3.102,-0.508049004681628
38,3.108,-0.509325085142939
38,3.114,-0.510676434434799
38,3.12,-0.512104788944593
38,3.126,-0.513612038200965
38,3.132,-0.51520023236114
38,3.138,-0.516871590433752
38,3.144,-0.518628509295604
38,3.15,-0.520473573567318
38,3.156,-0.522409566420152
38,3.162,-0.524439481394378
38,3.168,-0.526566535318683
38,3.174,-0.528794182430038
38,3.18,-0.53112612980479
38,3.186,-0.533566354224326
38,3.192,-0.536119120612633
38,3.198,-0.538789002199195
38,3.204,-0.54158090257807
38,3.21,-0.544500079854381
38,3.216,-0.547552173091927
38,3.222,-0.550743231300972
38,3.228,-0.554079745234544
38,3.234,-0.557568682293798
38,3.24,-0.561217524880534
38,3.246,-0.565034312576849
38,3.252,-0.569027688579942
38,3.258,-0.573206950874951
38,3.264,-0.577582108690943
38,3.27,-0.582163944856744
38,3.276,-0.586964084755094
38,3.282,-0.591995072667428
38,3.288,-0.597270456409659
38,3.294,-0.602804881283363
38,3.3,-0.60861419451035
38,3.306,-0.614715561484024
38,3.312,-0.62112759536276
38,3.318,-0.627870501752968
38,3.324,-0.634966240487829
38,3.33,-0.642438706808691
38,3.336,-0.650313934607255
38,3.342,-0.658620324796789
38,3.348,-0.667388902361671
38,3.354,-0.676653606198585
38,3.36,-0.686451616526586
38,3.366,-0.696823725425586
38,3.372,-0.707814756987131
38,3.378,-0.719474044655686
38,3.384,-0.731855974636893
38,3.39,-0.745020605793195
38,3.396,-0.759034378287207
38,3.402,-0.773970925430669
38,3.408,-0.789912005827331
38,3.414,-0.8069485760533
38,3.42,-0.82518202791174
38,3.426,-0.84472561886774
38,3.432,-0.865706129783867
38,3.438,-0.888265790745404
38,3.444,-0.91256452384087
38,3.45,-0.938782561561514
38,3.456,-0.9671235113827
38,3.462,-0.997817951555996
38,3.468,-1.0311276607327
38,3.474,-1.06735060543239
38,3.48,-1.10682683536016
38,3.486,-1.14994546809371
38,3.492,-1.19715298275887
38,3.498,-1.2489630881299
38,3.504,-1.30596848527745
38,3.51,-1.36885490941901
38,3.516,-1.43841791049222
38,3.522,-1.51558291657883
38,3.528,-1.60142921596208
38,3.534,-1.69721858573361
38,3.54,-1.80442937401354
38,3.546,-1.92479688351033
38,3.552,-2.06036086007241
38,3.558,-2.21352067920057
38,3.564,-2.38709830320572
38,3.57,-2.58440800345379
38,3.576,-2.80932977435127
38,3.582,-3.06637955427667
38,3.588,-3.3607624836506
38,3.594,-3.69838310075697
38,3.6,-4.08576433812389
40,1.2,-0.207024210712129
40,1.206,-0.208420076499781
40,1.212,-0.209817843794519
40,1.218,-0.211217700310263
40,1.224,-0.212619834112649
40,1.23,-0.214024433784649
40,1.236,-0.215431688593323
40,1.242,-0.216841788657803
40,1.248,-0.218254925118885
40,1.254,-0.21967129031037
40,1.26,-0.221091077932472
40,1.266,-0.222514483227517
40,1.272,-0.223941703158219
40,1.278,-0.225372936588792
40,1.284,-0.226808384469144
40,1.29,-0.228248250022514
40,1.296,-0.229692738936752
40,1.302,-0.231142059559627
40,1.308,-0.232596423098395
40,1.314,-0.234056043824031
40,1.32,-0.235521139280386
40,1.326,-0.236991930498682
40,1.332,-0.238468642217637
40,1.338,-0.239951503109647
40,1.344,-0.24144074601341
40,1.35,-0.242936608173356
40,1.356,-0.244439331486384
40,1.362,-0.245949162756255
40,1.368,-0.247466353956197
40,1.374,-0.248991162500153
40,1.38,-0.250523851523188
40,1.386,-0.25206469017163
40,1.392,-0.253613953903432
40,1.398,-0.255171924799439
40,1.404,-0.256738891886094
40,1.41,-0.258315151470271
40,1.416,-0.259901007486994
40,1.422,-0.261496771860581
40,1.428,-0.263102764880214
40,1.434,-0.26471931559054
40,1.44,-0.266346762198284
40,1.446,-0.267985452495694
40,1.452,-0.269635744301838
40,1.458,-0.271298005922696
40,1.464,-0.272972616631144
40,1.47,-0.274659967167956
40,1.476,-0.276360460265026
40,1.482,-0.278074511192036
40,1.488,-0.279802548327976
40,1.494,-0.281545013758877
40,1.5,-0.28330236390331
40,1.506,-0.285075070167264
40,1.512,-0.286863619630052
40,1.518,-0.288668515763165
40,1.524,-0.29049027918386
40,1.53,-0.292329448445704
40,1.536,-0.294186580868138
40,1.542,-0.296062253407444
40,1.548,-0.297957063571581
40,1.554,-0.299871630381591
40,1.56,-0.301806595382339
40,1.566,-0.30376262370568
40,1.572,-0.305740405189169
40,1.578,-0.307740655553919
40,1.584,-0.309764117645171
40,1.59,-0.311811562739558
40,1.596,-0.313883791923308
40,1.602,-0.315981637545912
40,1.608,-0.318105964754038
40,1.614,-0.320257673110991
40,1.62,-0.322437698307222
40,1.626,-0.324647013967891
40,1.632,-0.326886633563898
40,1.638,-0.329157612433344
40,1.644,-0.331461049920763
40,1.65,-0.333798091642201
40,1.656,-0.336169931884656
40,1.662,-0.338577816149222
40,1.668,-0.34102304384788
40,1.674,-0.343506971164701
40,1.68,-0.346031014093106
40,1.686,-0.348596651661704
40,1.692,-0.351205429362296
40,1.698,-0.353858962794666
40,1.704,-0.356558941544079
40,1.71,-0.359307133308586
40,1.716,-0.362105388294821
40,1.722,-0.36495564390241
40,1.728,-0.367859929718907
40,1.734,-0.370820372849028
40,1.74,-0.373839203603988
40,1.746,-0.376918761579064
40,1.752,-0.380061502149918
40,1.758,-0.383270003420959
40,1.764,-0.38654697366209
40,1.77,-0.389895259273324
40,1.776,-0.39331785332055
40,1.782,-0.39681790468963
40,1.788,-0.400398727910482
40,1.794,-0.404063813707609
40,1.8,-0.407816840339049
40,1.806,-0.411661685791564
40,1.812,-0.415602440906594
40,1.818,-0.419643423518813
40,1.824,-0.423789193697239
40,1.83,-0.428044570187947
40,1.836,-0.432414648167492
40,1.842,-0.436904818427318
40,1.848,-0.441520788122034
40,1.854,-0.446268603228245
40,1.86,-0.451154672876404
40,1.866,-0.456185795735431
40,1.872,-0.461369188649463
40,1.878,-0.466712517748056
40,1.884,-0.472223932275702
40,1.89,-0.477912101414175
40,1.896,-0.483786254402497
40,1.902,-0.489856224294266
40,1.908,-0.496132495731839
40,1.914,-0.502626257161575
40,1.92,-0.509349457965191
40,1.926,-0.51631487103952
40,1.932,-0.523536161422484
40,1.938,-0.531027961637081
40,1.944,-0.538805954509713
40,1.95,-0.546886964315527
40,1.956,-0.555289057213392
40,1.962,-0.564031652059062
40,1.968,-0.573135642829268
40,1.974,-0.582623534055103
40,1.98,-0.592519590853326
40,1.986,-0.602850005363707
40,1.992,-0.613643081653432
40,1.998,-0.624929441442233
40,2.004,-0.636742253340927
40,2.01,-0.649117488689148
40,2.016,-0.662094207535652
40,2.022,-0.675714878837226
40,2.028,-0.690025739574646
40,2.034,-0.705077198211901
40,2.04,-0.720924288778501
40,2.046,-0.737627182857702
40,2.052,-0.755251767944559
40,2.058,-0.773870302032144
40,2.064,-0.793562155933788
40,2.07,-0.814414656805821
40,2.076,-0.836524048661024
40,2.082,-0.859996588435404
40,2.088,-0.884949799482917
40,2.094,-0.911513908340964
40,2.1,-0.93983349537548
40,2.106,-0.970069395654736
40,2.112,-1.00240089333406
40,2.118,-1.03702826123056
40,2.124,-1.07417570746773
40,2.13,-1.114094803498
40,2.136,-1.15706848300157
40,2.142,-1.20341571978495
40,2.148,-1.25349701571738
40,2.154,-1.30772085803319
40,2.16,-1.36655134038688
40,2.166,-1.43051718566572
40,2.172,-1.50022246306867
40,2.178,-1.57635936038895
40,2.184,-1.65972345880414
40,2.19,-1.75123206714025
40,2.196,-1.85194631278402
40,2.202,-1.96309786713585
40,2.208,-2.08612141867408
40,2.214,-2.22269431627657
40,2.22,-2.37478521859087
40,2.226,-2.54471414573028
40,2.232,-2.73522710487641
40,2.238,-2.94958955840727
40,2.244,-3.19170459616254
40,2.25,-3.46626405424524
40,2.256,-3.77894449390451
40,2.262,-4.13666580544944
40,2.268,-4.54793985625404
40,2.274,-5.02335311244149
40,2.28,-5.57625649103856
40,2.286,-6.2237899869803
40,2.292,-6.98847492777023
40,2.298,-7.90082262453619
40,2.304,-9.00388196817457
40,2.31,-10.3617806063234
40,2.316,-12.0773309816379
40,2.322,-14.3330321610126
40,2.328,-17.503881458831
40,2.334,-22.5367719778608
40,2.34,-30.3227840731615
40,2.346,-23.8742520408239
40,2.352,-18.2482187018156
40,2.358,-14.8089285070346
40,2.364,-12.4023816595952
40,2.37,-10.5886277610433
40,2.376,-9.1609921990812
40,2.382,-8.00578830816529
40,2.388,-7.05325129679607
40,2.394,-6.25706295639223
40,2.4,-5.58463275225034
40,2.406,-5.01201370292626
40,2.412,-4.52102898437344
40,2.418,-4.09753997410199
40,2.424,-3.73034312375581
40,2.43,-3.41043309723888
40,2.436,-3.13049010288532
40,2.442,-2.88451078682534
40,2.448,-2.66753489104289
40,2.454,-2.47543816314544
40,2.46,-2.30477257474215
40,2.466,-2.15264123917727
40,2.472,-2.01659935053226
40,2.478,-1.89457499118392
40,2.484,-1.78480533222974
40,2.49,-1.68578489991612
40,2.496,-1.59622339068538
40,2.502,-1.51501110210569
40,2.508,-1.44119047820963
40,2.514,-1.37393259152747
40,2.52,-1.31251763070185
40,2.526,-1.25631865263361
40,2.532,-1.20478800602247
40,2.538,-1.1574459492015
40,2.544,-1.11387107680132
40,2.55,-1.07369224256359
40,2.556,-1.03658172371795
40,2.562,-1.0022494189119
40,2.568,-0.970437909171658
40,2.574,-0.940918241657691
40,2.58,-0.9134863205295
40,2.586,-0.887959809201166
40,2.592,-0.864175464558634
40,2.598,-0.84198683703942
40,2.604,-0.821262281414353
40,2.61,-0.80188323211453
40,2.616,-0.783742704376681
40,2.622,-0.766743988629506
40,2.628,-0.750799510645634
40,2.634,-0.735829834228816
40,2.64,-0.721762786746462
40,2.646,-0.708532690778223
40,2.652,-0.696079687633103
40,2.658,-0.684349140573021
40,2.664,-0.673291107337354
40,2.67,-0.662859873046185
40,2.676,-0.653013535814914
40,2.682,-0.643713638477558
40,2.688,-0.634924840720759
40,2.694,-0.626614626701528
40,2.7,-0.618753043879654
40,2.706,-0.611312469358785
40,2.712,-0.604267400512755
40,2.718,-0.597594267088167
40,2.724,-0.591271262331187
40,2.73,-0.585278190993928
40,2.736,-0.57959633234168
40,2.742,-0.57420831651237
40,2.748,-0.569098012778856
40,2.754,-0.564250428438204
40,2.76,-0.559651617202638
40,2.766,-0.555288596098396
40,2.772,-0.551149269993451
40,2.778,-0.547222362975295
40,2.784,-0.543497355888019
40,2.79,-0.53996442941501
40,2.796,-0.536614412161166
40,2.802,-0.533438733248445
40,2.808,-0.53042937899091
40,2.814,-0.527578853261878
40,2.82,-0.524880141206819
40,2.826,-0.522326675991897
40,2.832,-0.519912308310265
40,2.838,-0.517631278396774
40,2.844,-0.5154781903271
40,2.85,-0.513447988400038
40,2.856,-0.511535935421648
40,2.862,-0.509737592728117
40,2.868,-0.508048801800194
40,2.874,-0.506465667336391
40,2.88,-0.504984541665219
40,2.886,-0.503602010388047
40,2.892,-0.502314879154878
40,2.898,-0.501120161484439
40,2.904,-0.50001506754863
40,2.91,-0.498996993848919
40,2.916,-0.498063513719203
40,2.922,-0.49721236859592
40,2.928,-0.496441460001881
40,2.934,-0.49574884219553
40,2.94,-0.49513271544193
40,2.946,-0.49459141986631
40,2.952,-0.494123429854719
40,2.958,-0.49372734897031
40,2.964,-0.493401905356786
40,2.97,-0.493145947604011
40,2.976,-0.492958441053462
40,2.982,-0.492838464524066
40,2.988,-0.492785207441523
40,2.994,-0.492797967356459
40,3,-0.492876147839465
40,3.006,-0.493019256742809
40,3.012,-0.493226904821168
40,3.018,-0.493498804705526
40,3.024,-0.493834770226631
40,3.03,-0.494234716086241
40,3.036,-0.494698657876601
40,3.042,-0.495226712450459
40,3.048,-0.495819098646103
40,3.054,-0.496476138374009
40,3.06,-0.49719825807373
40,3.066,-0.497985990552207
40,3.072,-0.498839977216732
40,3.078,-0.499760970718584
40,3.084,-0.500749838025836
40,3.09,-0.501807563946836
40,3.096,-0.50293525512871
40,3.102,-0.504134144558826
40,3.108,-0.505405596600425
40,3.114,-0.506751112597791
40,3.12,-0.508172337090372
40,3.126,-0.509671064680032
40,3.132,-0.511249247600749
40,3.138,-0.512909004045543
40,3.144,-0.5146526273119
40,3.15,-0.516482595833534
40,3.156,-0.518401584174327
40,3.162,-0.520412475068319
40,3.168,-0.522518372599562
40,3.174,-0.524722616625715
40,3.18,-0.527028798561391
40,3.186,-0.529440778650148
40,3.192,-0.531962704868942
40,3.198,-0.534599033625299
40,3.204,-0.537354552426047
40,3.21,-0.540234404717431
40,3.216,-0.543244117119963
40,3.222,-0.546389629307925
40,3.228,-0.549677326813604
40,3.234,-0.553114077070275
40,3.24,-0.556707269046585
40,3.246,-0.560464856868817
40,3.252,-0.564395407877127
40,3.258,-0.568508155618789
40,3.264,-0.5728130583459
40,3.27,-0.577320863658846
40,3.276,-0.582043180021387
40,3.282,-0.586992555969681
40,3.288,-0.592182567948742
40,3.294,-0.597627917837144
40,3.3,-0.60334454136769
40,3.306,-0.609349728820856
40,3.312,-0.615662259563312
40,3.318,-0.622302552229819
40,3.324,-0.629292832608848
40,3.33,-0.636657321596317
40,3.336,-0.644422445935515
40,3.342,-0.652617074873226
40,3.348,-0.661272786342824
40,3.354,-0.670424166847271
40,3.36,-0.680109149873166
40,3.366,-0.690369398439348
40,3.372,-0.701250738291603
40,3.378,-0.712803649323894
40,3.384,-0.725083824067628
40,3.39,-0.738152803580596
40,3.396,-0.752078702830717
40,3.402,-0.766937039760718
40,3.408,-0.78281168470266
40,3.414,-0.799795949763081
40,3.42,-0.817993841315017
40,3.426,-0.837521502923031
40,3.432,-0.858508881027264
40,3.438,-0.881101651682571
40,3.444,-0.90546345377947
40,3.45,-0.931778482691569
40,3.456,-0.960254508462256
40,3.462,-0.991126394767334
40,3.468,-1.02466020931631
40,3.474,-1.06115803346466
40,3.48,-1.10096359900711
40,3.486,-1.14446890380409
40,3.492,-1.19212198539532
40,3.498,-1.24443606325383
40,3.504,-1.30200029569247
40,3.51,-1.36549243593004
40,3.516,-1.43569371172397
40,3.522,-1.51350629084564
40,3.528,-1.59997372428102
40,3.534,-1.69630476962334
40,3.54,-1.80390097065574
40,3.546,-1.92438827599521
40,3.552,-2.05965277188591
40,3.558,-2.21188020458529
40,3.564,-2.38359825257623
40,3.57,-2.57771927987428
40,3.576,-2.79757924049856
40,3.582,-3.04696499592495
40,3.588,-3.33011671390691
40,3.594,-3.65168286625978
40,3.6,-4.0165903929398
42,1.2,-0.206735471807356
42,1.206,-0.208160276460028
42,1.212,-0.209587221199511
42,1.218,-0.211016498065948
42,1.224,-0.212448299523166
42,1.23,-0.213882818627854
42,1.236,-0.215320249199922
42,1.242,-0.21676078599423
42,1.248,-0.218204624874022
42,1.254,-0.219651962986216
42,1.26,-0.22110299893892
42,1.266,-0.222557932981336
42,1.272,-0.224016967186398
42,1.278,-0.225480305636372
42,1.284,-0.226948154611723
42,1.29,-0.228420722783538
42,1.296,-0.229898221409826
42,1.302,-0.231380864535938
42,1.308,-0.232868869199517
42,1.314,-0.23436245564026
42,1.32,-0.235861847514817
42,1.326,-0.237367272117238
42,1.332,-0.238878960605308
42,1.338,-0.240397148233142
42,1.344,-0.241922074590488
42,1.35,-0.243453983849105
42,1.356,-0.244993125016695
42,1.362,-0.246539752198827
42,1.368,-0.24809412486934
42,1.374,-0.249656508149721
42,1.38,-0.251227173097998
42,1.386,-0.252806397007672
42,1.392,-0.254394463717317
42,1.398,-0.255991663931396
42,1.404,-0.257598295552989
42,1.41,-0.25921466402907
42,1.416,-0.260841082709067
42,1.422,-0.262477873217447
42,1.428,-0.264125365841105
42,1.434,-0.265783899932399
42,1.44,-0.267453824328739
42,1.446,-0.269135497789585
42,1.452,-0.270829289451924
42,1.458,-0.272535579305217
42,1.464,-0.274254758686914
42,1.47,-0.275987230799729
42,1.476,-0.277733411251895
42,1.482,-0.279493728621691
42,1.488,-0.281268625047672
42,1.494,-0.283058556846035
42,1.5,-0.284863995156698
42,1.506,-0.286685426619773
42,1.512,-0.288523354084159
42,1.518,-0.290378297350193
42,1.524,-0.292250793948259
42,1.53,-0.294141399955624
42,1.536,-0.296050690853612
42,1.542,-0.297979262427649
42,1.548,-0.299927731712685
42,1.554,-0.301896737986769
42,1.56,-0.303886943815667
42,1.566,-0.305899036151725
42,1.572,-0.307933727490188
42,1.578,-0.309991757086729
42,1.584,-0.312073892239793
42,1.59,-0.314180929641998
42,1.596,-0.316313696804922
42,1.602,-0.318473053561894
42,1.608,-0.320659893653909
42,1.614,-0.322875146403946
42,1.62,-0.32511977848555
42,1.626,-0.327394795791785
42,1.632,-0.329701245411274
42,1.638,-0.332040217718451
42,1.644,-0.334412848585696
42,1.65,-0.336820321725648
42,1.656,-0.33926387117257
42,1.662,-0.341744783912402
42,1.668,-0.344264402671742
42,1.674,-0.346824128877023
42,1.68,-0.349425425795822
42,1.686,-0.352069821873309
42,1.692,-0.354758914277898
42,1.698,-0.357494372671251
42,1.704,-0.360277943219063
42,1.71,-0.363111452860392
42,1.716,-0.365996813854837
42,1.722,-0.368936028628382
42,1.728,-0.371931194940656
42,1.734,-0.374984511398134
42,1.74,-0.378098283340053
42,1.746,-0.381274929126159
42,1.752,-0.384516986857842
42,1.758,-0.387827121567195
42,1.764,-0.391208132911546
42,1.77,-0.394662963414413
42,1.776,-0.398194707297662
42,1.782,-0.401806619953726
42,1.788,-0.405502128111351
42,1.794,-0.409284840753392
42,1.8,-0.413158560850758
42,1.806,-0.41712729798279
42,1.812,-0.421195281921222
42,1.818,-0.425366977262456
42,1.824,-0.429647099201346
42,1.83,-0.434040630549014
42,1.836,-0.438552840107735
42,1.842,-0.443189302527397
42,1.848,-0.447955919781196
42,1.854,-0.452858944412495
42,1.86,-0.457905004720999
42,1.866,-0.463101132074519
42,1.872,-0.468454790552768
42,1.878,-0.473973909152344
42,1.884,-0.479666916807574
42,1.89,-0.485542780510523
42,1.896,-0.491611046845732
42,1.902,-0.497881887291655
42,1.908,-0.504366147681714
42,1.914,-0.511075402264398
42,1.92,-0.518022012854254
42,1.926,-0.525219193625199
42,1.932,-0.532681082165069
42,1.938,-0.540422817487227
42,1.944,-0.548460625782401
42,1.95,-0.55681191479371
42,1.956,-0.565495377811723
42,1.962,-0.574531108416621
42,1.968,-0.583940727243917
42,1.974,-0.593747522221517
42,1.98,-0.603976603922905
42,1.986,-0.614655077908198
42,1.992,-0.625812236186726
42,1.998,-0.63747977023739
42,2.004,-0.649692008373738
42,2.01,-0.662486180647505
42,2.016,-0.67590271495723
42,2.022,-0.689985568579786
42,2.028,-0.704782599985673
42,2.034,-0.720345986551522
42,2.04,-0.736732694665289
42,2.046,-0.754005009755847
42,2.052,-0.772231134999023
42,2.058,-0.791485868891895
42,2.064,-0.811851373590519
42,2.07,-0.833418047925721
42,2.076,-0.856285521411667
42,2.082,-0.88056378842172
42,2.088,-0.90637450512176
42,2.094,-0.933852475841773
42,2.1,-0.963147360478047
42,2.106,-0.994425640431552
42,2.112,-1.02787288772706
42,2.118,-1.06369639060082
42,2.124,-1.10212819933962
42,2.13,-1.14342866893621
42,2.136,-1.18789059074192
42,2.142,-1.23584402443722
42,2.148,-1.28766196518011
42,2.154,-1.34376700984445
42,2.16,-1.40463922225422
42,2.166,-1.47082544209657
42,2.172,-1.54295033814711
42,2.178,-1.62172957670204
42,2.184,-1.70798556483088
42,2.19,-1.80266634080499
42,2.196,-1.9068683283794
42,2.202,-2.02186385795821
42,2.208,-2.14913460077603
42,2.214,-2.29041238326385
42,2.22,-2.44772927896137
42,2.226,-2.62347946188725
42,2.232,-2.82049612146538
42,2.238,-3.04214790181038
42,2.244,-3.29246102898151
42,2.25,-3.57627585132081
42,2.256,-3.8994504983504
42,2.262,-4.26913075579027
42,2.268,-4.69411587722799
42,2.274,-5.18536835106578
42,2.28,-5.7567483877965
42,2.286,-6.42611502328699
42,2.292,-7.21705553892139
42,2.298,-8.16175378890582
42,2.304,-9.3060637495877
42,2.31,-10.7192142677957
42,2.316,-12.5143165166844
42,2.322,-14.8979296477833
42,2.328,-18.31531765806
42,2.334,-24.0067494095391
42,2.34,-31.9730976418338
42,2.346,-23.0755802231339
42,2.352,-17.7779788646925
42,2.358,-14.5126238917833
42,2.364,-12.2038346801585
42,2.37,-10.4513995021585
42,2.376,-9.0650879097543
42,2.382,-7.93903199583606
42,2.388,-7.00765903171669
42,2.394,-6.2271196387272
42,2.4,-5.56638712252061
42,2.406,-5.00256212779676
42,2.412,-4.51819995418812
42,2.418,-4.0996898977604
42,2.424,-3.73621786849416
42,2.43,-3.41907060662528
42,2.436,-3.14114996319884
42,2.442,-2.89662220944247
42,2.448,-2.6806577007818
42,2.454,-2.48923320946995
42,2.46,-2.31897910292336
42,2.466,-2.16705947656352
42,2.472,-2.03107704223822
42,2.478,-1.90899695047114
42,2.484,-1.79908530596663
42,2.49,-1.69985922024365
42,2.496,-1.61004601008909
42,2.502,-1.52854970335621
42,2.508,-1.45442342176692
42,2.514,-1.38684651705829
42,2.52,-1.32510557065798
42,2.526,-1.26857854752424
42,2.532,-1.21672153541213
42,2.538,-1.16905761130799
42,2.544,-1.12516746416127
42,2.55,-1.08468147256395
42,2.556,-1.04727299161025
42,2.562,-1.01265264780556
42,2.568,-0.980563476881943
42,2.574,-0.950776768498795
42,2.58,-0.92308850545381
42,2.586,-0.897316304290885
42,2.592,-0.873296779930718
42,2.598,-0.850883269848279
42,2.604,-0.829943863922657
42,2.61,-0.810359694822083
42,2.616,-0.79202345100802
42,2.622,-0.774838080426024
42,2.628,-0.758715657922497
42,2.634,-0.743576393567814
42,2.64,-0.729347762524417
42,2.646,-0.715963739993551
42,2.652,-0.703364127203871
42,2.658,-0.691493956449054
42,2.664,-0.680302964904454
42,2.67,-0.669745128409677
42,2.676,-0.659778247637265
42,2.682,-0.650363580115032
42,2.688,-0.641465512460784
42,2.694,-0.633051267947532
42,2.7,-0.625090645166634
42,2.706,-0.617555784111955
42,2.712,-0.610420956484777
42,2.718,-0.603662377429136
42,2.724,-0.597258036260077
42,2.73,-0.591187544052018
42,2.736,-0.585431996217502
42,2.742,-0.579973848434909
42,2.748,-0.574796804481271
42,2.754,-0.569885714698499
42,2.76,-0.56522648397101
42,2.766,-0.560805988223202
42,2.772,-0.55661199855946
42,2.778,-0.552633112269084
42,2.784,-0.548858690005984
42,2.79,-0.545278798529909
42,2.796,-0.54188415846324
42,2.802,-0.538666096577058
42,2.808,-0.5356165021724
42,2.814,-0.532727787169028
42,2.82,-0.529992849554848
42,2.826,-0.52740503988542
42,2.832,-0.524958130555135
42,2.838,-0.522646287590141
42,2.844,-0.520464044738483
42,2.85,-0.518406279655569
42,2.856,-0.51646819200317
42,2.862,-0.514645283298173
42,2.868,-0.512933338363455
42,2.874,-0.511328408247555
42,2.88,-0.509826794492796
42,2.886,-0.508425034643198
42,2.892,-0.507119888893704
42,2.898,-0.505908327792013
42,2.904,-0.504787520912386
42,2.91,-0.503754826428789
42,2.916,-0.502807781521483
42,2.922,-0.501944093557473
42,2.928,-0.501161631991101
42,2.934,-0.50045842093599
42,2.94,-0.49983263236461
42,2.946,-0.499282579895867
42,2.952,-0.498806713135183
42,2.958,-0.498403612535223
42,2.964,-0.498071984748808
42,2.97,-0.497810658448742
42,2.976,-0.497618580592074
42,2.982,-0.497494813109317
42,2.988,-0.497438530001478
42,2.994,-0.497449014830363
42,3,-0.497525658589907
42,3.006,-0.497667957948475
42,3.012,-0.497875513854353
42,3.018,-0.498148030498605
42,3.024,-0.49848531463163
42,3.03,-0.498887275231863
42,3.036,-0.499353923526883
42,3.042,-0.499885373369532
42,3.048,-0.50048184197347
42,3.054,-0.501143651014967
42,3.06,-0.501871228109723
42,3.066,-0.502665108676014
42,3.072,-0.503525938197639
42,3.078,-0.504454474903004
42,3.084,-0.505451592878971
42,3.09,-0.506518285641387
42,3.096,-0.507655670187017
42,3.102,-0.508864991555117
42,3.108,-0.510147627930413
42,3.114,-0.511505096323266
42,3.12,-0.512939058867054
42,3.126,-0.514451329777514
42,3.132,-0.51604388302409
42,3.138,-0.517718860768845
42,3.144,-0.519478582634998
42,3.15,-0.521325555873945
42,3.156,-0.52326248650759
42,3.162,-0.525292291531078
42,3.168,-0.527418112271014
42,3.174,-0.529643329004509
42,3.18,-0.531971576956661
42,3.186,-0.534406763807158
42,3.192,-0.536953088851807
42,3.198,-0.53961506398147
42,3.204,-0.542397536659797
42,3.21,-0.545305715102222
42,3.216,-0.548345195882799
42,3.222,-0.551521994222208
42,3.228,-0.554842577240911
42,3.234,-0.558313900495797
42,3.24,-0.561943448157992
42,3.246,-0.565739277233552
42,3.252,-0.569710066279694
42,3.258,-0.573865169126227
42,3.264,-0.57821467417768
42,3.27,-0.582769469946327
42,3.276,-0.587541317551898
42,3.282,-0.592542931021759
42,3.288,-0.597788066337965
42,3.294,-0.603291620306522
42,3.3,-0.609069740473389
42,3.306,-0.615139947482787
42,3.312,-0.621521271471831
42,3.318,-0.628234404324416
42,3.324,-0.635301869872772
42,3.33,-0.642748214443437
42,3.336,-0.650600220502526
42,3.342,-0.658887146572806
42,3.348,-0.667640997082019
42,3.354,-0.67689682637137
42,3.36,-0.68669308175996
42,3.366,-0.697071991343184
42,3.372,-0.708080003122544
42,3.378,-0.719768283146799
42,3.384,-0.73219328162114
42,3.39,-0.745417377449191
42,3.396,-0.759509613457678
42,3.402,-0.774546536669175
42,3.408,-0.790613160499815
42,3.414,-0.807804068744539
42,3.42,-0.826224684766176
42,3.426,-0.84599273353991
42,3.432,-0.867239929255989
42,3.438,-0.890113927212785
42,3.444,-0.91478058593033
42,3.45,-0.941426594008533
42,3.456,-0.970262526506194
42,3.462,-1.00152640783334
42,3.468,-1.03548787267248
42,3.474,-1.07245303365323
42,3.48,-1.11277018479621
42,3.486,-1.15683649350035
42,3.492,-1.20510586139131
42,3.498,-1.25809816582483
42,3.504,-1.31641012906758
42,3.51,-1.38072810037052
42,3.516,-1.45184307547706
42,3.522,-1.53066831499325
42,3.528,-1.61825995104938
42,3.534,-1.71584097973863
42,3.54,-1.82482900645989
42,3.546,-1.94686801227574
42,3.552,-2.08386419279175
42,3.558,-2.2380255082829
42,3.564,-2.41190384902933
42,3.57,-2.60843746158238
42,3.576,-2.83098917604192
42,3.582,-3.08337249724953
42,3.588,-3.36985191937966
42,3.594,-3.69509449165337
42,3.6,-4.06403440736386
44,1.2,-0.207481940936812
44,1.206,-0.208912192161482
44,1.212,-0.210344478498198
44,1.218,-0.211778995519268
44,1.224,-0.213215939208825
44,1.23,-0.214655506134616
44,1.236,-0.216097893620956
44,1.242,-0.217543299923046
44,1.248,-0.21899192440299
44,1.254,-0.22044396770767
44,1.26,-0.221899631948802
44,1.266,-0.22335912088545
44,1.272,-0.22482264010923
44,1.278,-0.226290397232486
44,1.284,-0.227762602079776
44,1.29,-0.229239466882906
44,1.296,-0.230721206479846
44,1.302,-0.232208038517829
44,1.308,-0.233700183660974
44,1.314,-0.235197865802751
44,1.32,-0.236701312283645
44,1.326,-0.238210754114366
44,1.332,-0.239726426205023
44,1.338,-0.241248567600582
44,1.344,-0.242777421723087
44,1.35,-0.244313236621009
44,1.356,-0.245856265226218
44,1.362,-0.247406765618998
44,1.368,-0.2489650013016
44,1.374,-0.250531241480883
44,1.38,-0.252105761360483
44,1.386,-0.253688842443182
44,1.392,-0.255280772843951
44,1.398,-0.25688184761437
44,1.404,-0.258492369079042
44,1.41,-0.260112647184634
44,1.416,-0.261742999862355
44,1.422,-0.263383753404559
44,1.428,-0.265035242856263
44,1.434,-0.266697812422504
44,1.44,-0.268371815892309
44,1.446,-0.270057617080312
44,1.452,-0.271755590286939
44,1.458,-0.27346612077827
44,1.464,-0.275189605286662
44,1.47,-0.276926452533262
44,1.476,-0.278677083773761
44,1.482,-0.280441933368601
44,1.488,-0.282221449379127
44,1.494,-0.284016094191074
44,1.5,-0.285826345167051
44,1.506,-0.287652695329685
44,1.512,-0.289495654077136
44,1.518,-0.291355747932958
44,1.524,-0.293233521332301
44,1.53,-0.295129537446544
44,1.536,-0.297044379048746
44,1.542,-0.298978649422215
44,1.548,-0.300932973314945
44,1.554,-0.302907997942522
44,1.56,-0.304904394042592
44,1.566,-0.306922856983943
44,1.572,-0.308964107933634
44,1.578,-0.311028895085723
44,1.584,-0.313117994955465
44,1.59,-0.315232213743089
44,1.596,-0.317372388771545
44,1.602,-0.319539390002972
44,1.608,-0.321734121638892
44,1.614,-0.32395752380963
44,1.62,-0.326210574358648
44,1.626,-0.328494290728175
44,1.632,-0.330809731952733
44,1.638,-0.333158000767811
44,1.644,-0.335540245841382
44,1.65,-0.337957664136679
44,1.656,-0.340411503415093
44,1.662,-0.342903064888909
44,1.668,-0.345433706034311
44,1.674,-0.348004843575813
44,1.68,-0.350617956654291
44,1.686,-0.353274590191656
44,1.692,-0.355976358466345
44,1.698,-0.358724948914852
44,1.704,-0.361522126175909
44,1.71,-0.364369736395138
44,1.716,-0.367269711809638
44,1.722,-0.370224075633483
44,1.728,-0.373234947267
44,1.734,-0.376304547854544
44,1.74,-0.379435206217726
44,1.746,-0.382629365193342
44,1.752,-0.385889588407876
44,1.758,-0.389218567523228
44,1.764,-0.392619129991523
44,1.77,-0.396094247360203
44,1.776,-0.39964704417243
44,1.782,-0.403280807512011
44,1.788,-0.406998997246609
44,1.794,-0.41080525702812
44,1.8,-0.414703426114741
44,1.806,-0.418697552085389
44,1.812,-0.422791904524097
44,1.818,-0.426990989759607
44,1.824,-0.431299566753923
44,1.83,-0.435722664242894
44,1.836,-0.440265599242486
44,1.842,-0.44493399704605
44,1.848,-0.449733812850838
44,1.854,-0.45467135516664
44,1.86,-0.459753311175567
44,1.866,-0.46498677423019
44,1.872,-0.470379273697566
44,1.878,-0.4759388073795
44,1.884,-0.481673876764923
44,1.89,-0.487593525399145
44,1.896,-0.493707380687022
44,1.902,-0.500025699483674
44,1.908,-0.506559417867504
44,1.914,-0.513320205536922
44,1.92,-0.520320525324787
44,1.926,-0.527573698384394
44,1.932,-0.535093975668527
44,1.938,-0.54289661640023
44,1.944,-0.550997974321666
44,1.95,-0.559415592607349
44,1.956,-0.568168308442425
44,1.962,-0.577276368397154
44,1.968,-0.586761555878526
44,1.974,-0.596647332111739
44,1.98,-0.606958992301655
44,1.986,-0.617723838851862
44,1.992,-0.628971373781378
44,1.998,-0.640733512782185
44,2.004,-0.65304482371209
44,2.01,-0.665942792724771
44,2.016,-0.679468121712527
44,2.022,-0.693665061288897
44,2.028,-0.708581784182195
44,2.034,-0.724270804664136
44,2.04,-0.740789450520281
44,2.046,-0.758200395105815
44,2.052,-0.776572258250744
44,2.058,-0.795980286218487
44,2.064,-0.816507122624907
44,2.07,-0.838243684243561
44,2.076,-0.8612901580216
44,2.082,-0.885757138488338
44,2.088,-0.911766928150665
44,2.094,-0.939455027555022
44,2.1,-0.968971846599965
44,2.106,-1.00048467458677
44,2.112,-1.03417995362065
44,2.118,-1.07026590860007
44,2.124,-1.10897559750233
44,2.13,-1.1505704584227
44,2.136,-1.19534444539788
44,2.142,-1.24362886412869
44,2.148,-1.29579804218385
44,2.154,-1.3522759972266
44,2.16,-1.41354430268275
44,2.166,-1.48015139489783
44,2.172,-1.55272362160048
44,2.178,-1.63197840152913
44,2.184,-1.71873995353904
44,2.19,-1.81395816595508
44,2.196,-1.91873132095066
44,2.202,-2.03433357480596
44,2.208,-2.1622483378342
44,2.214,-2.30420901890357
44,2.22,-2.46224903033774
44,2.226,-2.63876353725678
44,2.232,-2.83658625530002
44,2.238,-3.05908577061779
44,2.244,-3.31028757041804
44,2.25,-3.59503055888898
44,2.256,-3.9191708595872
44,2.262,-4.28985218249202
44,2.268,-4.71587281793938
44,2.274,-5.20819793378946
44,2.28,-5.78069924979435
44,2.286,-6.45126672084895
44,2.292,-7.24356003547643
44,2.298,-8.18992531578227
44,2.304,-9.33658304333694
44,2.31,-10.7536343197375
44,2.316,-12.5564938592627
44,2.322,-14.9589975250692
44,2.328,-18.4379015124423
44,2.334,-24.4949213814365
44,2.34,-38.4043622173112
44,2.346,-23.6490265921502
44,2.352,-17.98294086981
44,2.358,-14.6315361241407
44,2.364,-12.2878317773824
44,2.37,-10.5167623273173
44,2.376,-9.11869458485884
44,2.382,-7.98435004988537
44,2.388,-7.04667322303394
44,2.394,-6.26108496203248
44,2.4,-5.59616422162206
44,2.406,-5.0287814377204
44,2.412,-4.54134795931239
44,2.418,-4.12015716706641
44,2.424,-3.75432722004903
44,2.43,-3.43509446334635
44,2.436,-3.15532160044173
44,2.442,-2.90914342625165
44,2.448,-2.69170431988693
44,2.454,-2.49895920594901
44,2.46,-2.32751982813642
44,2.466,-2.17453425670455
44,2.472,-2.03759132386875
44,2.478,-1.91464410327912
44,2.484,-1.80394815627029
44,2.49,-1.70401136656634
44,2.496,-1.61355295833501
44,2.502,-1.53146985023067
44,2.508,-1.45680890911087
44,2.514,-1.38874397555915
44,2.52,-1.32655676828951
44,2.526,-1.26962095567134
44,2.532,-1.21738882372051
44,2.538,-1.16938008072528
44,2.544,-1.12517242631928
44,2.55,-1.08439358253452
44,2.556,-1.04671454011193
44,2.562,-1.01184381811793
44,2.568,-0.979522571016568
44,2.574,-0.949520406566152
44,2.58,-0.921631801638036
44,2.586,-0.895673022389469
44,2.592,-0.871479471022986
44,2.598,-0.848903394317222
44,2.604,-0.827811899761369
44,2.61,-0.808085233903012
44,2.616,-0.789615284774415
44,2.622,-0.772304276275954
44,2.628,-0.756063627392486
44,2.634,-0.740812953281691
44,2.64,-0.726479188750653
44,2.646,-0.712995817548428
44,2.652,-0.700302193345895
44,2.658,-0.688342940330198
44,2.664,-0.67706742307475
44,2.67,-0.666429276811298
44,2.676,-0.656385990471786
44,2.682,-0.646898535922058
44,2.688,-0.637931037706028
44,2.694,-0.629450478383777
44,2.7,-0.621426435200494
44,2.706,-0.613830844382691
44,2.712,-0.606637789838031
44,2.718,-0.599823313447919
44,2.724,-0.593365244497348
44,2.73,-0.587243046093241
44,2.736,-0.581437676687682
44,2.742,-0.575931465052118
44,2.748,-0.570707997247921
44,2.754,-0.565752014311917
44,2.76,-0.561049319526255
44,2.766,-0.55658669427363
44,2.772,-0.552351821593719
44,2.778,-0.548333216657279
44,2.784,-0.544520163462451
44,2.79,-0.540902657135236
44,2.796,-0.537471351284059
44,2.802,-0.534217509918215
44,2.808,-0.531132963492883
44,2.814,-0.528210068689865
44,2.82,-0.525441671584592
44,2.826,-0.522821073886351
44,2.832,-0.52034200197115
44,2.838,-0.517998578455281
44,2.844,-0.515785296083373
44,2.85,-0.513696993727342
44,2.856,-0.511728834313081
44,2.862,-0.509876284509803
44,2.868,-0.508135096033128
44,2.874,-0.506501288427641
44,2.88,-0.504971133207572
44,2.886,-0.503541139245928
44,2.892,-0.502208039313033
44,2.898,-0.500968777674734
44,2.904,-0.499820498669262
44,2.91,-0.498760536189266
44,2.916,-0.49778640400267
44,2.922,-0.496895786852222
44,2.928,-0.496086532279527
44,2.934,-0.495356643124337
44,2.94,-0.494704270654909
44,2.946,-0.494127708289504
44,2.952,-0.493625385873072
44,2.958,-0.493195864476987
44,2.964,-0.492837831692985
44,2.97,-0.492550097395769
44,2.976,-0.49233158995148
44,2.982,-0.492181352852298
44,2.988,-0.492098541759688
44,2.994,-0.492082421941582
44,3,-0.49213236609085
44,3.006,-0.492247852514883
44,3.012,-0.492428463688124
44,3.018,-0.492673885161523
44,3.024,-0.49298390482499
44,3.03,-0.493358412520929
44,3.036,-0.493797400008978
44,3.042,-0.494300961284082
44,3.048,-0.494869293252248
44,3.054,-0.495502696770215
44,3.06,-0.49620157805772
44,3.066,-0.496966450493106
44,3.072,-0.497797936805605
44,3.078,-0.498696771679903
44,3.084,-0.499663804791538
44,3.09,-0.500700004294288
44,3.096,-0.501806460783989
44,3.102,-0.502984391766268
44,3.108,-0.504235146659571
44,3.114,-0.505560212368414
44,3.12,-0.506961219466346
44,3.126,-0.50843994903255
44,3.132,-0.50999834019115
44,3.138,-0.511638498408071
44,3.144,-0.513362704606278
44,3.15,-0.515173425167312
44,3.156,-0.517073322894428
44,3.162,-0.519065269021424
44,3.168,-0.52115235636031
44,3.174,-0.523337913691743
44,3.18,-0.525625521513794
44,3.186,-0.528019029277744
44,3.192,-0.530522574254233
44,3.198,-0.533140602189711
44,3.204,-0.535877889931723
44,3.21,-0.538739570222074
44,3.216,-0.54173115888089
44,3.222,-0.544858584630828
44,3.228,-0.548128221840698
44,3.234,-0.551546926501794
44,3.24,-0.55512207578859
44,3.246,-0.558861611599168
44,3.252,-0.562774088520363
44,3.258,-0.566868726719012
44,3.264,-0.571155470325243
44,3.27,-0.575645051947212
44,3.276,-0.580349064040699
44,3.282,-0.585280037953517
44,3.288,-0.590451531575042
44,3.294,-0.59587822664813
44,3.3,-0.601576036947037
44,3.306,-0.607562228693189
44,3.312,-0.61385555477535
44,3.318,-0.620476404565726
44,3.324,-0.627446971384256
44,3.33,-0.634791439965993
44,3.336,-0.642536196638239
44,3.342,-0.650710065324054
44,3.348,-0.659344572966687
44,3.354,-0.668474248528599
44,3.36,-0.678136960373029
44,3.366,-0.688374297603661
44,3.372,-0.699232001840303
44,3.378,-0.710760456970091
44,3.384,-0.723015245666284
44,3.39,-0.736057782945712
44,3.396,-0.749956038786482
44,3.402,-0.764785363901452
44,3.408,-0.780629435225191
44,3.414,-0.797581340597998
44,3.42,-0.815744825613319
44,3.426,-0.835235729743479
44,3.432,-0.856183643806622
44,3.438,-0.87873382674122
44,3.444,-0.903049426701234
44,3.45,-0.929314059894467
44,3.456,-0.957734810616222
44,3.462,-0.988545727875391
44,3.468,-1.02201190820413
44,3.474,-1.0584342710508
44,3.48,-1.09815515296058
44,3.486,-1.14156486991473
44,3.492,-1.1891094240244
44,3.498,-1.24129956137901
44,3.504,-1.29872142202283
44,3.51,-1.36204905995143
44,3.516,-1.43205914881579
44,3.522,-1.50964822407382
44,3.528,-1.59585283815833
44,3.534,-1.69187301073297
44,3.54,-1.79909932280308
44,3.546,-1.91914390112682
44,3.552,-2.05387531925238
44,3.558,-2.20545702541818
44,3.564,-2.37638817068952
44,3.57,-2.56954445389789
44,3.576,-2.78821450456768
44,3.582,-3.03612387880546
44,3.588,-3.317433117833
44,3.594,-3.63668717054299
44,3.6,-3.99867864044769
46,1.2,-0.20660382498308
46,1.206,-0.208052797281149
46,1.212,-0.209504152767073
46,1.218,-0.210958088679276
46,1.224,-0.212414802787138
46,1.23,-0.213874493564196
46,1.236,-0.215337360362654
46,1.242,-0.216803603589403
46,1.248,-0.218273424883841
46,1.254,-0.219747027297735
46,1.26,-0.221224615477418
46,1.266,-0.222706395848558
46,1.272,-0.224192576803779
46,1.278,-0.225683368893467
46,1.284,-0.227178985019971
46,1.29,-0.228679640635581
46,1.296,-0.230185553944529
46,1.302,-0.231696946109389
46,1.308,-0.233214041462141
46,1.314,-0.23473706772029
46,1.32,-0.236266256208414
46,1.326,-0.23780184208542
46,1.332,-0.239344064577986
46,1.338,-0.240893167220538
46,1.344,-0.242449398102199
46,1.35,-0.244013010121098
46,1.356,-0.245584261246583
46,1.362,-0.247163414789696
46,1.368,-0.248750739682505
46,1.374,-0.250346510766757
46,1.38,-0.2519510090924
46,1.386,-0.253564522226574
46,1.392,-0.255187344573637
46,1.398,-0.25681977770687
46,1.404,-0.258462130712522
46,1.41,-0.260114720546907
46,1.416,-0.261777872407265
46,1.422,-0.263451920117159
46,1.428,-0.265137206527245
46,1.434,-0.266834083932295
46,1.44,-0.268542914505288
46,1.446,-0.270264070749663
46,1.452,-0.271997935970648
46,1.458,-0.273744904766796
46,1.464,-0.275505383542817
46,1.47,-0.277279791044979
46,1.476,-0.279068558920273
46,1.482,-0.28087213230078
46,1.488,-0.282690970414587
46,1.494,-0.284525547224854
46,1.5,-0.286376352098601
46,1.506,-0.288243890506945
46,1.512,-0.290128684758617
46,1.518,-0.292031274768691
46,1.524,-0.293952218864597
46,1.53,-0.295892094631617
46,1.536,-0.297851499800197
46,1.542,-0.299831053177558
46,1.548,-0.30183139562631
46,1.554,-0.303853191092838
46,1.56,-0.305897127688535
46,1.566,-0.307963918827093
46,1.572,-0.310054304421293
46,1.578,-0.312169052142996
46,1.584,-0.314308958750277
46,1.59,-0.316474851485884
46,1.596,-0.318667589551597
46,1.602,-0.320888065663259
46,1.608,-0.323137207691693
46,1.614,-0.325415980395046
46,1.62,-0.32772538724853
46,1.626,-0.330066472377914
46,1.632,-0.332440322603691
46,1.638,-0.334848069603242
46,1.644,-0.337290892198953
46,1.65,-0.33977001878082
46,1.656,-0.342286729872727
46,1.662,-0.34484236085225
46,1.668,-0.347438304834716
46,1.674,-0.350076015732939
46,1.68,-0.352757011505092
46,1.686,-0.355482877604086
46,1.692,-0.35825527064293
46,1.698,-0.36107592229171
46,1.704,-0.363946643423132
46,1.71,-0.366869328524936
46,1.716,-0.369845960399056
46,1.722,-0.372878615169026
46,1.728,-0.375969467618991
46,1.734,-0.379120796889718
46,1.74,-0.382334992559053
46,1.746,-0.385614561136894
46,1.752,-0.38896213300719
46,1.758,-0.392380469852466
46,1.764,-0.395872472599604
46,1.77,-0.399441189929
46,1.776,-0.403089827393192
46,1.782,-0.406821757195276
46,1.788,-0.410640528682064
46,1.794,-0.414549879612307
46,1.8,-0.418553748265789
46,1.806,-0.422656286465697
46,1.812,-0.426861873593555
46,1.818,-0.431175131683865
46,1.824,-0.435600941694236
46,1.83,-0.440144461056447
46,1.836,-0.444811142624508
46,1.842,-0.449606755147799
46,1.848,-0.454537405410547
46,1.854,-0.459609562193785
46,1.86,-0.464830082232481
46,1.866,-0.47020623835903
46,1.872,-0.475745750045031
46,1.878,-0.481456816576539
46,1.884,-0.487348153124108
46,1.89,-0.493429029998182
46,1.896,-0.499709315413514
46,1.902,-0.506199522123428
46,1.908,-0.512910858326741
46,1.914,-0.519855283297606
46,1.92,-0.527045568242179
46,1.926,-0.534495362946854
46,1.932,-0.542219268851863
46,1.938,-0.55023291926232
46,1.944,-0.55855306749832
46,1.95,-0.567197683887104
46,1.956,-0.576186062616816
46,1.962,-0.585538939603971
46,1.968,-0.595278622679041
46,1.974,-0.605429135569088
46,1.98,-0.61601637735702
46,1.986,-0.627068299328006
46,1.992,-0.638615101380027
46,1.998,-0.650689450483298
46,2.004,-0.663326724029593
46,2.01,-0.676565281325807
46,2.016,-0.69044676696612
46,2.022,-0.705016450376365
46,2.028,-0.720323606476307
46,2.034,-0.736421943168155
46,2.04,-0.753370082252863
46,2.046,-0.771232101424639
46,2.052,-0.790078146228104
46,2.058,-0.809985122317778
46,2.064,-0.831037480079679
46,2.07,-0.853328105712738
46,2.076,-0.876959335287663
46,2.082,-0.902044111182144
46,2.088,-0.928707303729495
46,2.094,-0.957087225031894
46,2.1,-0.987337366824646
46,2.106,-1.0196284002141
46,2.112,-1.05415048227193
46,2.118,-1.09111592312871
46,2.124,-1.13076227771567
46,2.13,-1.17335593908552
46,2.136,-1.21919632584525
46,2.142,-1.26862077533734
46,2.148,-1.32201027767993
46,2.154,-1.37979621472324
46,2.16,-1.44246830381621
46,2.166,-1.51058399082902
46,2.172,-1.58477959252163
46,2.178,-1.66578355820503
46,2.184,-1.75443230885347
46,2.19,-1.85168922396244
46,2.196,-1.95866749011005
46,2.202,-2.07665771092391
46,2.208,-2.20716142092782
46,2.214,-2.35193196716783
46,2.22,-2.51302465464061
46,2.226,-2.69285864305252
46,2.232,-2.89429390923836
46,2.238,-3.12072777318934
46,2.244,-3.37621722582593
46,2.25,-3.66563593048206
46,2.256,-3.9948788817958
46,2.262,-4.37113433655935
46,2.268,-4.80325369338369
46,2.274,-5.30226912494876
46,2.28,-5.88214313930758
46,2.286,-6.56089874840706
46,2.292,-7.36240623078197
46,2.298,-8.31936960597498
46,2.304,-9.47866102483966
46,2.31,-10.9116634493972
46,2.316,-12.7365869233321
46,2.322,-15.1744126423064
46,2.328,-18.7260428063485
46,2.334,-25.0442932292914
46,2.34,-42.234793738203
46,2.346,-23.5754066440196
46,2.352,-17.9689599423272
46,2.358,-14.6488751132621
46,2.364,-12.3220149248239
46,2.37,-10.5604540167594
46,2.376,-9.16767993509069
46,2.382,-8.03599113660911
46,2.388,-7.09923458414625
46,2.394,-6.31339804047068
46,2.4,-5.64744042820126
46,2.406,-5.07849760289451
46,2.412,-4.58917066476529
46,2.418,-4.16588997838084
46,2.424,-3.79787257042662
46,2.43,-3.47642555821494
46,2.436,-3.19446151276595
46,2.442,-2.94614951101016
46,2.448,-2.72665662978975
46,2.454,-2.53195193919019
46,2.46,-2.35865507678409
46,2.466,-2.20391749661641
46,2.472,-2.06532821677004
46,2.478,-1.94083828139859
46,2.484,-1.82869973728546
46,2.49,-1.72741600667135
46,2.496,-1.63570129776032
46,2.502,-1.55244724141222
46,2.508,-1.4766953452273
46,2.514,-1.40761415816256
46,2.52,-1.34448026871168
46,2.526,-1.28666243694822
46,2.532,-1.23360829885284
46,2.538,-1.18483318988921
46,2.544,-1.13991072070626
46,2.55,-1.09846480625509
46,2.556,-1.06016290436694
46,2.562,-1.02471026386708
46,2.568,-0.991845017846347
46,2.574,-0.961333986516363
46,2.58,-0.932969077496222
46,2.586,-0.906564190484349
46,2.592,-0.88195254890253
46,2.598,-0.858984393928758
46,2.604,-0.837524986893835
46,2.61,-0.817452874730177
46,2.616,-0.7986583803712
46,2.622,-0.781042285981635
46,2.628,-0.764514681874564
46,2.634,-0.748993958120117
46,2.64,-0.734405919319274
46,2.646,-0.72068300592255
46,2.652,-0.707763607915104
46,2.658,-0.695591458745186
46,2.664,-0.684115099107856
46,2.67,-0.673287401663181
46,2.676,-0.663065149012034
46,2.682,-0.653408658309405
46,2.688,-0.644281446794883
46,2.694,-0.635649933287704
46,2.7,-0.627483171349885
46,2.706,-0.619752610383506
46,2.712,-0.612431881410536
46,2.718,-0.605496604698992
46,2.724,-0.598924216756746
46,2.73,-0.592693814523163
46,2.736,-0.586786014855965
46,2.742,-0.581182827641981
46,2.748,-0.575867541061583
46,2.754,-0.570824617711046
46,2.76,-0.566039600439519
46,2.766,-0.561499026889737
46,2.772,-0.557190351847959
46,2.778,-0.55310187660987
46,2.784,-0.549222684658401
46,2.79,-0.545542583027541
46,2.796,-0.54205204879494
46,2.802,-0.538742180206704
46,2.808,-0.53560465199103
46,2.814,-0.532631674464812
46,2.82,-0.529815956078659
46,2.826,-0.527150669083076
46,2.832,-0.524629418031146
46,2.838,-0.52224621086225
46,2.844,-0.519995432337202
46,2.85,-0.517871819618363
46,2.856,-0.515870439808705
46,2.862,-0.513986669282337
46,2.868,-0.512216174655318
46,2.874,-0.51055489526042
46,2.88,-0.508999027002547
46,2.886,-0.507545007483549
46,2.892,-0.506189502295674
46,2.898,-0.504929392392662
46,2.904,-0.503761762455933
46,2.91,-0.502683890181474
46,2.916,-0.501693236419718
46,2.922,-0.500787436107516
46,2.928,-0.499964289936928
46,2.934,-0.499221756710849
46,2.94,-0.498557946340556
46,2.946,-0.497971113444475
46,2.952,-0.497459651511685
46,2.958,-0.497022087597409
46,2.964,-0.496657077521112
46,2.97,-0.496363401541219
46,2.976,-0.496139960483317
46,2.982,-0.495985772301578
46,2.988,-0.495899969055701
46,2.994,-0.495881794288322
46,3,-0.495930600790009
46,3.006,-0.496045848741387
46,3.012,-0.496227104224096
46,3.018,-0.496474038094364
46,3.024,-0.496786425215158
46,3.03,-0.49716414404486
46,3.036,-0.497607176582544
46,3.042,-0.498115608671993
46,3.048,-0.498689630668662
46,3.054,-0.499329538475992
46,3.06,-0.500035734959663
46,3.066,-0.500808731750751
46,3.072,-0.501649151451077
46,3.078,-0.502557730256684
46,3.084,-0.503535321017995
46,3.09,-0.50458289675815
46,3.096,-0.505701554674141
46,3.102,-0.506892520648624
46,3.108,-0.508157154304011
46,3.114,-0.509496954634276
46,3.12,-0.510913566254342
46,3.126,-0.512408786311477
46,3.132,-0.513984572108429
46,3.138,-0.515643049493635
46,3.144,-0.517386522080175
46,3.15,-0.519217481362099
46,3.156,-0.521138617804419
46,3.162,-0.523152832991688
46,3.168,-0.525263252929593
46,3.174,-0.527473242604639
46,3.18,-0.529786421918852
46,3.186,-0.532206683129698
46,3.192,-0.53473820994042
46,3.198,-0.53738549840246
46,3.204,-0.540153379810567
46,3.21,-0.543047045792346
46,3.216,-0.546072075817534
46,3.222,-0.549234467379391
46,3.228,-0.552540669130827
46,3.234,-0.555997617292131
46,3.24,-0.55961277568628
46,3.246,-0.563394179801709
46,3.252,-0.567350485332884
46,3.258,-0.571491021705955
46,3.264,-0.575825851161996
46,3.27,-0.580365834044744
46,3.276,-0.585122701024858
46,3.282,-0.590109133089885
46,3.288,-0.595338850241353
46,3.294,-0.600826709968305
46,3.3,-0.606588816714751
46,3.306,-0.612642643728733
46,3.312,-0.619007168877336
46,3.318,-0.625703026239619
46,3.324,-0.632752675552837
46,3.33,-0.640180591893392
46,3.336,-0.648013478329387
46,3.342,-0.656280504695985
46,3.348,-0.665013576127647
46,3.354,-0.674247635546385
46,3.36,-0.684021004965902
46,3.366,-0.694375771247139
46,3.372,-0.705358222851604
46,3.378,-0.717019345211342
46,3.384,-0.729415383598358
46,3.39,-0.742608483869638
46,3.396,-0.7566674232299
46,3.402,-0.771668445247039
46,3.408,-0.787696215838219
46,3.414,-0.804844919894964
46,3.42,-0.823219521726003
46,3.426,-0.842937216677113
46,3.432,-0.8641291062706
46,3.438,-0.886942135150929
46,3.444,-0.911541335213623
46,3.45,-0.938112430752728
46,3.456,-0.96686486854234
46,3.462,-0.998035348765131
46,3.468,-1.03189194694533
46,3.474,-1.06873893389517
46,3.48,-1.10892242051693
46,3.486,-1.15283697747073
46,3.492,-1.20093340649876
46,3.498,-1.25372787068431
46,3.504,-1.311812624869
46,3.51,-1.3758686239716
46,3.516,-1.44668032409776
46,3.522,-1.5251530253641
46,3.528,-1.61233312963487
46,3.534,-1.70943168955345
46,3.54,-1.81785158853521
46,3.546,-1.93921858411484
46,3.552,-2.0754162197948
46,3.558,-2.22862418425557
46,3.564,-2.4013589453436
46,3.57,-2.59651420848281
46,3.576,-2.81739662318993
46,3.582,-3.06774866941127
46,3.588,-3.35174495922731
46,3.594,-3.67393892698678
46,3.6,-4.03912184985654
48,1.2,-0.20725487452277
48,1.206,-0.208701453115971
48,1.212,-0.210150864883582
48,1.218,-0.211603306827037
48,1.224,-0.213058976631666
48,1.23,-0.214518072839585
48,1.236,-0.215980795024035
48,1.242,-0.217447343965416
48,1.248,-0.218917921829315
48,1.254,-0.220392732346751
48,1.26,-0.221871980996896
48,1.266,-0.22335587519261
48,1.272,-0.224844624468981
48,1.278,-0.226338440675223
48,1.284,-0.227837538170187
48,1.29,-0.229342134021828
48,1.296,-0.230852448210895
48,1.302,-0.232368703839189
48,1.308,-0.233891127342762
48,1.314,-0.235419948710305
48,1.32,-0.236955401707208
48,1.326,-0.23849772410556
48,1.332,-0.240047157920542
48,1.338,-0.241603949653598
48,1.344,-0.243168350542801
48,1.35,-0.244740616820855
48,1.356,-0.246321009981221
48,1.362,-0.247909797052795
48,1.368,-0.249507250883697
48,1.374,-0.251113650434681
48,1.38,-0.25272928108269
48,1.386,-0.254354434935187
48,1.392,-0.255989411155835
48,1.398,-0.257634516302222
48,1.404,-0.259290064676189
48,1.41,-0.260956378687641
48,1.416,-0.262633789232463
48,1.422,-0.26432263608534
48,1.428,-0.266023268308411
48,1.434,-0.267736044676515
48,1.44,-0.269461334120049
48,1.446,-0.27119951618636
48,1.452,-0.272950981520752
48,1.458,-0.274716132368186
48,1.464,-0.276495383096825
48,1.47,-0.278289160744686
48,1.476,-0.280097905590673
48,1.482,-0.281922071751385
48,1.488,-0.28376212780518
48,1.494,-0.285618557445028
48,1.5,-0.287491860161809
48,1.506,-0.289382551959833
48,1.512,-0.291291166106427
48,1.518,-0.29321825391759
48,1.524,-0.295164385581775
48,1.53,-0.297130151024142
48,1.536,-0.299116160813586
48,1.542,-0.301123047115115
48,1.548,-0.303151464690319
48,1.554,-0.305202091948797
48,1.56,-0.307275632053656
48,1.566,-0.309372814084365
48,1.572,-0.311494394260516
48,1.578,-0.313641157230206
48,1.584,-0.315813917427149
48,1.59,-0.318013520500773
48,1.596,-0.320240844823911
48,1.602,-0.322496803083054
48,1.608,-0.324782343956477
48,1.614,-0.327098453885833
48,1.62,-0.329446158947418
48,1.626,-0.331826526829533
48,1.632,-0.334240668923025
48,1.638,-0.336689742532557
48,1.644,-0.339174953216633
48,1.65,-0.341697557265193
48,1.656,-0.344258864324117
48,1.662,-0.346860240176729
48,1.668,-0.349503109693242
48,1.674,-0.352188959959885
48,1.68,-0.354919343600312
48,1.686,-0.357695882303119
48,1.692,-0.360520270570128
48,1.698,-0.36339427970149
48,1.704,-0.366319762034893
48,1.71,-0.369298655457625
48,1.716,-0.372332988211685
48,1.722,-0.375424884014073
48,1.728,-0.378576567515995
48,1.734,-0.381790370126941
48,1.74,-0.385068736231786
48,1.746,-0.388414229831475
48,1.752,-0.391829541640583
48,1.758,-0.395317496678057
48,1.764,-0.398881062390569
48,1.77,-0.402523357351622
48,1.776,-0.406247660583426
48,1.782,-0.410057421552921
48,1.788,-0.41395627089812
48,1.794,-0.417948031946284
48,1.8,-0.422036733091202
48,1.806,-0.42622662110346
48,1.812,-0.430522175454645
48,1.818,-0.434928123744456
48,1.824,-0.439449458328499
48,1.83,-0.444091454254383
48,1.836,-0.448859688624589
48,1.842,-0.453760061516807
48,1.848,-0.458798818605935
48,1.854,-0.463982575647046
48,1.86,-0.469318344995502
48,1.866,-0.474813564359329
48,1.872,-0.480476127999985
48,1.878,-0.486314420621519
48,1.884,-0.492337354214525
48,1.89,-0.498554408151338
48,1.896,-0.504975672862492
48,1.902,-0.511611897462339
48,1.908,-0.518474541734537
48,1.914,-0.525575832936404
48,1.92,-0.532928827935754
48,1.926,-0.5405474812558
48,1.932,-0.548446719673962
48,1.938,-0.556642524100179
48,1.944,-0.565152019551222
48,1.95,-0.57399357414106
48,1.956,-0.583186908125339
48,1.962,-0.592753214173376
48,1.968,-0.602715290195591
48,1.974,-0.613097686231869
48,1.98,-0.623926867110236
48,1.986,-0.635231392819968
48,1.992,-0.647042118813809
48,1.998,-0.659392418766733
48,2.004,-0.672318432680303
48,2.01,-0.685859343641251
48,2.016,-0.700057687030187
48,2.022,-0.71495969654343
48,2.028,-0.730615692052545
48,2.034,-0.747080515099189
48,2.04,-0.764414018728267
48,2.046,-0.782681619424932
48,2.052,-0.801954920170716
48,2.058,-0.822312415107434
48,2.064,-0.843840288037911
48,2.07,-0.86663331905402
48,2.076,-0.890795916029282
48,2.082,-0.916443290624698
48,2.088,-0.943702801929614
48,2.094,-0.972715495012729
48,2.1,-1.00363786663813
48,2.106,-1.03664389638813
48,2.112,-1.07192738865121
48,2.118,-1.10970467965791
48,2.124,-1.15021777432394
48,2.13,-1.19373799052185
48,2.136,-1.24057020409137
48,2.142,-1.29105780709882
48,2.148,-1.34558851543465
48,2.154,-1.40460119089996
48,2.16,-1.46859387889395
48,2.166,-1.5381333075039
48,2.172,-1.61386614959904
48,2.178,-1.69653241957046
48,2.184,-1.78698146480541
48,2.19,-1.88619112444617
48,2.196,-1.99529077213927
48,2.202,-2.11558914602362
48,2.208,-2.24860811332563
48,2.214,-2.39612384068426
48,2.22,-2.56021727751375
48,2.226,-2.74333645830947
48,2.232,-2.94837396897001
48,2.238,-3.17876412734149
48,2.244,-3.43860620575137
48,2.25,-3.73282272213022
48,2.256,-4.06736605160395
48,2.262,-4.44949344154451
48,2.268,-4.88814193414591
48,2.274,-5.3944544861655
48,2.28,-5.98254420041491
48,2.286,-6.67065058239495
48,2.292,-7.48297434349593
48,2.298,-8.45275656669016
48,2.304,-9.62780391594845
48,2.31,-11.0812617403041
48,2.316,-12.93503688472
48,2.322,-15.4191963110109
48,2.328,-19.0639112539448
48,2.334,-25.6927767104683
48,2.34,-41.5367105756344
48,2.346,-23.2811529077967
48,2.352,-17.8484795419735
48,2.358,-14.5935203829644
48,2.364,-12.299971275887
48,2.37,-10.5579320182589
48,2.376,-9.1773654508425
48,2.382,-8.05350709019336
48,2.388,-7.12175623797516
48,2.394,-6.33901508674587
48,2.4,-5.67482508052351
48,2.406,-5.10671436038095
48,2.412,-4.61755843744471
48,2.418,-4.19398443231944
48,2.424,-3.82535255814524
48,2.43,-3.50307493161472
48,2.436,-3.22014129288972
48,2.442,-2.97077731963606
48,2.448,-2.75019136378233
48,2.454,-2.55438230573622
48,2.46,-2.37999100819965
48,2.466,-2.22418372922024
48,2.472,-2.08455950279527
48,2.478,-1.95907583538088
48,2.484,-1.8459886157811
48,2.49,-1.74380319293039
48,2.496,-1.65123431786889
48,2.502,-1.56717318005156
48,2.508,-1.49066016086893
48,2.514,-1.42086222164631
48,2.52,-1.35705406753884
48,2.526,-1.29860240163198
48,2.532,-1.24495271833722
48,2.538,-1.1956181911685
48,2.544,-1.15017029395316
48,2.55,-1.10823086145878
48,2.556,-1.06946534904504
48,2.562,-1.03357709411676
48,2.568,-1.00030241704474
48,2.574,-0.969406427526265
48,2.58,-0.940679425398016
48,2.586,-0.913933803731357
48,2.592,-0.889001377453008
48,2.598,-0.865731073396714
48,2.604,-0.843986928123254
48,2.61,-0.823646348463246
48,2.616,-0.804598596874695
48,2.622,-0.786743469634221
48,2.628,-0.769990140815122
48,2.634,-0.754256149123665
48,2.64,-0.739466508110384
48,2.646,-0.725552923162625
48,2.652,-0.712453101113485
48,2.658,-0.700110140349036
48,2.664,-0.688471991023816
48,2.67,-0.677490976457647
48,2.676,-0.667123368027536
48,2.682,-0.65732900692333
48,2.688,-0.648070967034314
48,2.694,-0.639315254001188
48,2.7,-0.631030536123844
48,2.706,-0.623187903377966
48,2.712,-0.615760651276435
48,2.718,-0.608724086727197
48,2.724,-0.602055353397447
48,2.73,-0.595733274403727
48,2.736,-0.589738210415019
48,2.742,-0.584051931488314
48,2.748,-0.578657501157561
48,2.754,-0.573539171472306
48,2.76,-0.568682287835116
48,2.766,-0.564073202620181
48,2.772,-0.559699196672098
48,2.778,-0.555548407885897
48,2.784,-0.55160976615889
48,2.79,-0.547872934083454
48,2.796,-0.544328252819131
48,2.802,-0.540966692643321
48,2.808,-0.537779807733462
48,2.814,-0.534759694781283
48,2.82,-0.531898955081548
48,2.826,-0.529190659775031
48,2.832,-0.526628317958483
48,2.838,-0.524205847403642
48,2.844,-0.521917547653485
48,2.85,-0.519758075287177
48,2.856,-0.517722421165887
48,2.862,-0.515805889490201
48,2.868,-0.514004078516456
48,2.874,-0.512312862794076
48,2.88,-0.510728376799442
48,2.886,-0.509246999853689
48,2.892,-0.507865342222582
48,2.898,-0.506580232306443
48,2.904,-0.505388704836656
48,2.91,-0.50428799000334
48,2.916,-0.503275503445861
48,2.922,-0.502348837044335
48,2.928,-0.501505750456251
48,2.934,-0.500744163347609
48,2.94,-0.500062148272951
48,2.946,-0.499457924163102
48,2.952,-0.498929850383583
48,2.958,-0.498476421330445
48,2.964,-0.498096261533728
48,2.97,-0.497788121242122
48,2.976,-0.497550872465184
48,2.982,-0.497383505452626
48,2.988,-0.497285125592507
48,2.994,-0.49725495071292
48,3,-0.497292308774046
48,3.006,-0.497396635939704
48,3.012,-0.497567475019863
48,3.018,-0.497804474277556
48,3.024,-0.498107386595911
48,3.03,-0.498476069002864
48,3.036,-0.498910482553512
48,3.042,-0.499410692571771
48,3.048,-0.499976869255387
48,3.054,-0.500609288650381
48,3.06,-0.501308334003207
48,3.066,-0.502074497501324
48,3.072,-0.502908382415103
48,3.078,-0.503810705656692
48,3.084,-0.504782300774133
48,3.09,-0.505824121401741
48,3.096,-0.506937245191073
48,3.102,-0.508122878249943
48,3.108,-0.509382360120595
48,3.114,-0.510717169332086
48,3.12,-0.512128929566159
48,3.126,-0.513619416480525
48,3.132,-0.51519056523866
48,3.138,-0.516844478800819
48,3.144,-0.518583437037116
48,3.15,-0.520409906730676
48,3.156,-0.522326552546051
48,3.162,-0.524336249047032
48,3.168,-0.526442093857085
48,3.174,-0.528647422066275
48,3.18,-0.530955822000359
48,3.186,-0.533371152480627
48,3.192,-0.535897561718042
48,3.198,-0.538539508001481
48,3.204,-0.541301782358605
48,3.21,-0.544189533388522
48,3.216,-0.547208294489132
48,3.222,-0.550364013728231
48,3.228,-0.553663086637745
48,3.234,-0.557112392244033
48,3.24,-0.560719332685705
48,3.246,-0.564491876814048
48,3.252,-0.568438608220444
48,3.258,-0.572568778191757
48,3.264,-0.576892364158662
48,3.27,-0.581420134275379
48,3.276,-0.586163718853023
48,3.282,-0.591135689464747
48,3.288,-0.596349646650994
48,3.294,-0.601820317279665
48,3.3,-0.607563662761397
48,3.306,-0.613596999487972
48,3.312,-0.619939133055413
48,3.318,-0.626610508057005
48,3.324,-0.633633375491113
48,3.33,-0.641031980128955
48,3.336,-0.648832770537645
48,3.342,-0.657064634860406
48,3.348,-0.665759165930904
48,3.354,-0.674950959853216
48,3.36,-0.684677952828201
48,3.366,-0.694981801768204
48,3.372,-0.705908315136267
48,3.378,-0.717507941497905
48,3.384,-0.729836324513399
48,3.39,-0.742954934562606
48,3.396,-0.756931788925058
48,3.402,-0.771842274488759
48,3.408,-0.787770089392501
48,3.414,-0.804808322895459
48,3.42,-0.823060696202893
48,3.426,-0.842642991066365
48,3.432,-0.86368469784995
48,3.438,-0.886330920563665
48,3.444,-0.910744583293231
48,3.45,-0.937108990715635
48,3.456,-0.965630805230538
48,3.462,-0.996543514944934
48,3.468,-1.03011148064262
48,3.474,-1.06663466630115
48,3.48,-1.10645417704998
48,3.486,-1.14995875103841
48,3.492,-1.19759237777007
48,3.498,-1.24986324515827
48,3.504,-1.30735425062429
48,3.51,-1.37073534715552
48,3.516,-1.44077803149209
48,3.522,-1.51837231493349
48,3.528,-1.60454654127653
48,3.534,-1.70049042025279
48,3.54,-1.80758161052025
48,3.546,-1.92741608445674
48,3.552,-2.06184229050751
48,3.558,-2.21299872225735
48,3.564,-2.38335378670221
48,3.57,-2.57574564637959
48,3.576,-2.79341768633062
48,3.582,-3.04004193865861
48,3.588,-3.31971739661006
48,3.594,-3.63692139087405
48,3.6,-3.99637802765533
50,1.2,-0.20779008874199
50,1.206,-0.20924727930042
50,1.212,-0.210707548859942
50,1.218,-0.212171096169767
50,1.224,-0.213638120757497
50,1.23,-0.215108823103416
50,1.236,-0.216583404816369
50,1.242,-0.218062068811435
50,1.248,-0.219545019489691
50,1.254,-0.22103246292033
50,1.26,-0.222524607025386
50,1.266,-0.224021661767349
50,1.272,-0.225523839339968
50,1.278,-0.2270313543625
50,1.284,-0.22854442407773
50,1.29,-0.230063268554085
50,1.296,-0.231588110892096
50,1.302,-0.233119177435613
50,1.308,-0.234656697988063
50,1.314,-0.236200906034125
50,1.32,-0.23775203896718
50,1.326,-0.239310338322911
50,1.332,-0.240876050019471
50,1.338,-0.242449424604595
50,1.344,-0.244030717510133
50,1.35,-0.245620189314401
50,1.356,-0.247218106012863
50,1.362,-0.248824739297615
50,1.368,-0.250440366846172
50,1.374,-0.252065272620139
50,1.38,-0.253699747174269
50,1.386,-0.255344087976575
50,1.392,-0.256998599740053
50,1.398,-0.258663594766702
50,1.404,-0.260339393304558
50,1.41,-0.262026323918374
50,1.416,-0.26372472387485
50,1.422,-0.265434939543093
50,1.428,-0.267157326811223
50,1.434,-0.268892251520007
50,1.44,-0.270640089914487
50,1.446,-0.27240122911456
50,1.452,-0.274176067605612
50,1.458,-0.275965015750329
50,1.464,-0.277768496322811
50,1.47,-0.279586945066352
50,1.476,-0.281420811276095
50,1.482,-0.283270558408078
50,1.488,-0.285136664716101
50,1.494,-0.287019623918037
50,1.5,-0.288919945893261
50,1.506,-0.290838157413004
50,1.512,-0.292774802905509
50,1.518,-0.294730445258045
50,1.524,-0.296705666657914
50,1.53,-0.298701069474751
50,1.536,-0.300717277186586
50,1.542,-0.302754935352206
50,1.548,-0.304814712632658
50,1.554,-0.306897301864832
50,1.56,-0.309003421190255
50,1.566,-0.311133815242501
50,1.572,-0.313289256396796
50,1.578,-0.315470546085707
50,1.584,-0.317678516184946
50,1.59,-0.319914030473787
50,1.596,-0.32217798617474
50,1.602,-0.324471315577566
50,1.608,-0.326794987753005
50,1.614,-0.329150010362061
50,1.62,-0.331537431566999
50,1.626,-0.333958342050797
50,1.632,-0.336413877152143
50,1.638,-0.338905219123772
50,1.644,-0.341433599522301
50,1.65,-0.344000301738582
50,1.656,-0.346606663678073
50,1.662,-0.349254080601636
50,1.668,-0.351944008137751
50,1.674,-0.354677965478324
50,1.68,-0.357457538770873
50,1.686,-0.360284384721151
50,1.692,-0.363160234421297
50,1.698,-0.366086897419825
50,1.704,-0.369066266051121
50,1.71,-0.372100320043578
50,1.716,-0.375191131427051
50,1.722,-0.378340869762127
50,1.728,-0.381551807715546
50,1.734,-0.384826327008214
50,1.74,-0.388166924764569
50,1.746,-0.391576220294502
50,1.752,-0.395056962341859
50,1.758,-0.398612036836495
50,1.764,-0.402244475190273
50,1.77,-0.405957463180941
50,1.776,-0.409754350471918
50,1.782,-0.413638660820507
50,1.788,-0.417614103031777
50,1.794,-0.421684582720969
50,1.8,-0.425854214953137
50,1.806,-0.430127337835358
50,1.812,-0.434508527144197
50,1.818,-0.43900261207928
50,1.824,-0.443614692242698
50,1.83,-0.448350155954148
50,1.836,-0.453214700022754
50,1.842,-0.458214351108902
50,1.848,-0.463355488823309
50,1.854,-0.468644870725887
50,1.86,-0.474089659404259
50,1.866,-0.479697451830959
50,1.872,-0.485476311219977
50,1.878,-0.491434801627477
50,1.884,-0.497582025568599
50,1.89,-0.503927664952762
50,1.896,-0.510482025674295
50,1.902,-0.517256086233635
50,1.908,-0.524261550808213
50,1.914,-0.531510907241227
50,1.92,-0.539017490472254
50,1.926,-0.546795551996876
50,1.932,-0.554860336013997
50,1.938,-0.563228163000959
50,1.944,-0.571916521549171
50,1.95,-0.580944169398428
50,1.956,-0.590331244728524
50,1.962,-0.600099388904538
50,1.968,-0.610271882029592
50,1.974,-0.620873792839945
50,1.98,-0.63193214468476
50,1.986,-0.643476099572091
50,1.992,-0.655537162538155
50,1.998,-0.668149408915282
50,2.004,-0.681349737442217
50,2.01,-0.695178152587468
50,2.016,-0.709678079952165
50,2.022,-0.724896719196182
50,2.028,-0.740885439604036
50,2.034,-0.757700224193497
50,2.04,-0.775402169190447
50,2.046,-0.794058046773774
50,2.052,-0.813740940264514
50,2.058,-0.834530962430288
50,2.064,-0.856516069344619
50,2.07,-0.879792984334055
50,2.076,-0.904468249030457
50,2.082,-0.930659421501092
50,2.088,-0.958496444953307
50,2.094,-0.988123214723838
50,2.1,-1.01969937631252
50,2.106,-1.05340239328919
50,2.112,-1.08942993121551
50,2.118,-1.12800261256114
50,2.124,-1.16936720830397
50,2.13,-1.2138003449235
50,2.136,-1.26161282137195
50,2.142,-1.3131546500301
50,2.148,-1.36882095949843
50,2.154,-1.4290589264547
50,2.16,-1.49437594015695
50,2.166,-1.56534924833491
50,2.172,-1.6426373896038
50,2.178,-1.72699378832427
50,2.184,-1.8192829772518
50,2.19,-1.92050002707588
50,2.196,-2.0317939078824
50,2.202,-2.15449569662686
50,2.208,-2.29015279248752
50,2.214,-2.44057063121029
50,2.22,-2.60786383418578
50,2.226,-2.79451933987675
50,2.232,-3.00347492567764
50,2.238,-3.23821776814288
50,2.244,-3.50290952456626
50,2.25,-3.80254721431477
50,2.256,-4.14317356849657
50,2.262,-4.53215763436091
50,2.268,-4.97857835183785
50,2.274,-5.49376453858766
50,2.28,-6.09208211764912
50,2.286,-6.79212995020328
50,2.292,-7.61864570183417
50,2.298,-8.60571943237235
50,2.304,-9.80259077190056
50,2.31,-11.2850240735431
50,2.316,-13.1802403635506
50,2.322,-15.7308423314313
50,2.328,-19.504718322852
50,2.334,-26.5047522860223
50,2.34,-35.8878636819513
50,2.346,-22.6660354974885
50,2.352,-17.5659913774694
50,2.358,-14.4283880320685
50,2.364,-12.1943852961256
50,2.37,-10.4879250624438
50,2.376,-9.13059589509707
50,2.382,-8.02273038578058
50,2.388,-7.10233885678545
50,2.394,-6.32781615960662
50,2.4,-5.66962916318645
50,2.406,-5.10591572873351
50,2.412,-4.61997172496225
50,2.418,-4.19872391855617
50,2.424,-3.83175135744246
50,2.43,-3.51062877020237
50,2.436,-3.22846822219392
50,2.442,-2.97958820402236
50,2.448,-2.75926790650061
50,2.454,-2.56356049216063
50,2.46,-2.38914852253959
50,2.466,-2.23323033057069
50,2.472,-2.09342963033533
50,2.478,-1.9677229068569
50,2.484,-1.85438062033366
50,2.49,-1.75191927805726
50,2.496,-1.65906214279266
50,2.502,-1.57470686168646
50,2.508,-1.49789867911172
50,2.514,-1.42780818141116
50,2.52,-1.36371273833809
50,2.526,-1.30498097339613
50,2.532,-1.25105972590822
50,2.538,-1.20146307048557
50,2.544,-1.1557630411259
50,2.55,-1.11358177225263
50,2.556,-1.07458482121507
50,2.562,-1.0384754788448
50,2.568,-1.00498990870949
50,2.574,-0.973892983357391
50,2.58,-0.944974708380696
50,2.586,-0.918047143548953
50,2.592,-0.892941745370483
50,2.598,-0.869507067863433
50,2.604,-0.847606768562528
50,2.61,-0.827117875258834
50,2.616,-0.807929275992107
50,2.622,-0.78994040065252
50,2.628,-0.773060067411421
50,2.634,-0.757205471263463
50,2.64,-0.742301295363253
50,2.646,-0.728278928694644
50,2.652,-0.715075776011774
50,2.658,-0.702634648015897
50,2.664,-0.690903221443003
50,2.67,-0.679833560186144
50,2.676,-0.669381689806513
50,2.682,-0.659507218833324
50,2.688,-0.650173001144319
50,2.694,-0.641344834480294
50,2.7,-0.632991190798938
50,2.706,-0.625082974732185
50,2.712,-0.617593306891667
50,2.718,-0.610497329180207
50,2.724,-0.603772029624091
50,2.73,-0.597396084548738
50,2.736,-0.591349716187451
50,2.742,-0.585614564043926
50,2.748,-0.580173568530416
50,2.754,-0.575010865578096
50,2.76,-0.57011169106869
50,2.766,-0.565462294069484
50,2.772,-0.561049857970142
50,2.778,-0.556862428721731
50,2.784,-0.552888849467727
50,2.79,-0.549118700935336
50,2.796,-0.545542247024545
50,2.802,-0.54215038509331
50,2.808,-0.538934600490879
50,2.814,-0.535886924938969
50,2.82,-0.532999898402227
50,2.826,-0.530266534127061
50,2.832,-0.527680286560603
50,2.838,-0.525235021891213
50,2.844,-0.522924990977931
50,2.85,-0.520744804459601
50,2.856,-0.518689409855304
50,2.862,-0.516754070486043
50,2.868,-0.514934346064552
50,2.874,-0.513226074814704
50,2.88,-0.511625356995581
50,2.886,-0.510128539717062
50,2.892,-0.508732202944735
50,2.898,-0.507433146601603
50,2.904,-0.506228378682816
50,2.91,-0.505115104307598
50,2.916,-0.504090715639772
50,2.922,-0.503152782614755
50,2.928,-0.502299044416805
50,2.934,-0.501527401655761
50,2.94,-0.50083590919739
50,2.946,-0.500222769605971
50,2.952,-0.499686327161895
50,2.958,-0.499225062420893
50,2.964,-0.498837587284966
50,2.97,-0.498522640558414
50,2.976,-0.498279083965378
50,2.982,-0.498105898608111
50,2.988,-0.498002181848022
50,2.994,-0.497967144593787
50,3,-0.498000108983563
50,3.006,-0.498100506450417
50,3.012,-0.49826787616235
50,3.018,-0.498501863830527
50,3.024,-0.498802220881419
50,3.03,-0.499168803990597
50,3.036,-0.499601574978103
50,3.042,-0.500100601067382
50,3.048,-0.500666055511835
50,3.054,-0.50129821859539
50,3.06,-0.501997479015505
50,3.066,-0.502764335659631
50,3.072,-0.503599399788294
50,3.078,-0.50450339764088
50,3.084,-0.505477173482564
50,3.09,-0.506521693114123
50,3.096,-0.50763804786919
50,3.102,-0.508827459127085
50,3.108,-0.510091283372928
50,3.114,-0.511431017840692
50,3.12,-0.512848306779333
50,3.126,-0.514344948386705
50,3.132,-0.515922902461306
50,3.138,-0.517584298827654
50,3.144,-0.519331446597332
50,3.15,-0.521166844334963
50,3.156,-0.523093191205883
50,3.162,-0.525113399191202
50,3.168,-0.527230606465419
50,3.174,-0.529448192042526
50,3.18,-0.53176979180855
50,3.186,-0.534199316071823
50,3.192,-0.536740968777428
50,3.198,-0.539399268548957
50,3.204,-0.542179071739834
50,3.21,-0.545085597697633
50,3.216,-0.548124456468952
50,3.222,-0.551301679199435
50,3.228,-0.554623751514268
50,3.234,-0.558097650199094
50,3.24,-0.561730883540603
50,3.246,-0.565531535730814
50,3.252,-0.56950831578958
50,3.258,-0.573670611517815
50,3.264,-0.578028549059743
50,3.27,-0.582593058727521
50,3.276,-0.587375947827922
50,3.282,-0.592389981328952
50,3.288,-0.597648971317527
50,3.294,-0.60316787632914
50,3.3,-0.60896291177991
50,3.306,-0.615051672903847
50,3.312,-0.621453271797015
50,3.318,-0.628188490400661
50,3.324,-0.635279951521824
50,3.33,-0.642752310299879
50,3.336,-0.650632468886904
50,3.342,-0.65894981752935
50,3.348,-0.667736505727327
50,3.354,-0.677027747719581
50,3.36,-0.686862167211334
50,3.366,-0.697282187047411
50,3.372,-0.708334470455251
50,3.378,-0.720070421568165
50,3.384,-0.732546754219103
50,3.39,-0.745826139506974
50,3.396,-0.759977944425625
50,3.402,-0.775079075964177
50,3.408,-0.791214947600959
50,3.414,-0.808480588099663
50,3.42,-0.826981916068582
50,3.426,-0.8468372079736
50,3.432,-0.86817879233635
50,3.438,-0.891155008858573
50,3.444,-0.915932478380595
50,3.45,-0.942698738124928
50,3.456,-0.97166530685152
50,3.462,-1.00307125665091
50,3.468,-1.03718738245128
50,3.474,-1.07432107726883
50,3.48,-1.11482204114692
50,3.486,-1.1590889749403
50,3.492,-1.20757743684641
50,3.498,-1.26080906990298
50,3.504,-1.31938244221616
50,3.51,-1.38398577743207
50,3.516,-1.45541188874366
50,3.522,-1.53457566145437
50,3.528,-1.62253444962907
50,3.534,-1.72051174951696
50,3.54,-1.82992446620262
50,3.546,-1.95241396781168
50,3.552,-2.08988087132864
50,3.558,-2.24452304231142
50,3.564,-2.41887548486139
50,3.57,-2.61584943702893
50,3.576,-2.83876573346522
50,3.582,-3.09137381109742
50,3.588,-3.37784174335804
50,3.594,-3.70269298579799
50,3.6,-4.07064984449111
