"d [mm]","Freq [GHz]","dB(S(1,1)) []"
2,1.2,-0.512517089217802
2,1.206,-0.527324895328538
2,1.212,-0.542092518092482
2,1.218,-0.55681201430203
2,1.224,-0.571475073800991
2,1.23,-0.58607300617559
2,1.236,-0.600596727413344
2,1.242,-0.615036746611483
2,1.248,-0.629383152830738
2,1.254,-0.643625602206287
2,1.26,-0.657753305445642
2,1.266,-0.671755015863447
2,1.272,-0.685619018125603
2,1.278,-0.699333117900445
2,1.284,-0.712884632642555
2,1.29,-0.726260383765935
2,1.296,-0.739446690497591
2,1.302,-0.752429365740493
2,1.308,-0.765193714316442
2,1.314,-0.77772453400505
2,1.32,-0.790006119844623
2,1.326,-0.802022272214658
2,1.332,-0.813756309277889
2,1.338,-0.82519108442227
2,1.344,-0.836309009409752
2,1.35,-0.847092084009292
2,1.356,-0.857521932965184
2,1.362,-0.86757985122848
2,1.368,-0.877246858457421
2,1.374,-0.886503763871659
2,1.38,-0.895331242622569
2,1.386,-0.903709924916096
2,1.392,-0.911620499192578
2,1.398,-0.919043830726421
2,1.404,-0.925961097053124
2,1.41,-0.932353941656947
2,1.416,-0.938204647353223
2,1.422,-0.943496330768023
2,1.428,-0.948213159245684
2,1.434,-0.952340591392496
2,1.44,-0.955865642281057
2,1.446,-0.958777174082427
2,1.452,-0.961066212548793
2,1.458,-0.962726289323313
2,1.464,-0.96375380949151
2,1.47,-0.964148443094825
2,1.476,-0.963913538488291
2,1.482,-0.963056554428476
2,1.488,-0.961589506617095
2,1.494,-0.959529423097083
2,1.5,-0.956898801406811
2,1.506,-0.953726058760225
2,1.512,-0.950045964765418
2,1.518,-0.945900044367531
2,1.524,-0.941336936870146
2,1.53,-0.9364126951412
2,1.536,-0.93119100755797
2,1.542,-0.925743324028943
2,1.548,-0.920148866708682
2,1.554,-0.914494505973549
2,1.56,-0.908874483038179
2,1.566,-0.903389962447412
2,1.572,-0.898148400736239
2,1.578,-0.893262721927448
2,1.584,-0.888850296280029
2,1.59,-0.885031725763732
2,1.596,-0.881929447950884
2,1.602,-0.879666179085725
2,1.608,-0.878363226573406
2,1.614,-0.878138710454057
2,1.62,-0.879105741917148
2,1.626,-0.881370613838554
2,1.632,-0.885031062968474
2,1.638,-0.890174665132957
2,1.644,-0.896877423177026
2,1.65,-0.905202602159461
2,1.656,-0.915199857594211
2,1.662,-0.92690469072761
2,1.668,-0.940338250655311
2,1.674,-0.955507487477982
2,1.68,-0.972405644785333
2,1.686,-0.991013064701078
2,1.692,-1.01129826559184
2,1.698,-1.03321924222265
2,1.704,-1.05672493123309
2,1.71,-1.08175678158686
2,1.716,-1.10825037005626
2,1.722,-1.13613700548622
2,1.728,-1.16534527194988
2,1.734,-1.19580246922334
2,1.74,-1.22743591847279
2,1.746,-1.26017411089246
2,1.752,-1.29394768657531
2,1.758,-1.3286902395967
2,1.764,-1.36433895276008
2,1.77,-1.40083507146949
2,1.776,-1.43812423068021
2,1.782,-1.47615665188157
2,1.788,-1.51488722871976
2,1.794,-1.55427552036877
2,1.8,-1.59428567132874
2,1.806,-1.63488627520331
2,1.812,-1.67605019839928
2,1.818,-1.71775437779683
2,1.824,-1.75997960441811
2,1.83,-1.80271030310505
2,1.836,-1.84593431629871
2,1.842,-1.88964269825713
2,1.848,-1.93382952449667
2,1.854,-1.97849171991131
2,1.86,-2.02362890791848
2,1.866,-2.06924328208995
2,1.872,-2.11533950103521
2,1.878,-2.16192460679299
2,1.884,-2.20900796662925
2,1.89,-2.25660123791629
2,1.896,-2.30471835565339
2,1.902,-2.35337554216638
2,1.908,-2.40259133857226
2,1.914,-2.45238665770198
2,1.92,-2.5027848583254
2,1.926,-2.55381184070829
2,1.932,-2.60549616374302
2,1.938,-2.65786918412622
2,1.944,-2.71096521830312
2,1.95,-2.76482172815552
2,1.956,-2.8194795316757
2,1.962,-2.87498304013766
2,1.968,-2.93138052354895
2,1.974,-2.98872440643366
2,1.98,-3.04707159625734
2,1.986,-3.10648384704698
2,1.992,-3.16702816097346
2,1.998,-3.22877723083176
2,2.004,-3.29180992645341
2,2.01,-3.35621182808036
2,2.016,-3.42207580957444
2,2.022,-3.48950267396551
2,2.028,-3.55860184316635
2,2.034,-3.6294921025796
2,2.04,-3.70230239962701
2,2.046,-3.7771726927169
2,2.052,-3.85425484352862
2,2.058,-3.93371354032025
2,2.064,-4.01572723270833
2,2.07,-4.10048904828744
2,2.076,-4.18820764757394
2,2.082,-4.279107954777
2,2.088,-4.37343167612581
2,2.094,-4.47143748271739
2,2.1,-4.57340068829086
2,2.106,-4.67961219048049
2,2.112,-4.79037636270789
2,2.118,-4.90600747804591
2,2.124,-5.02682411090675
2,2.13,-5.153140792562
2,2.136,-5.28525598976176
2,2.142,-5.42343523485626
2,2.148,-5.56788797434634
2,2.154,-5.71873645387943
2,2.16,-5.87597478797688
2,2.166,-6.03941639183034
2,2.172,-6.2086283774403
2,2.178,-6.3828526354981
2,2.184,-6.56091554405407
2,2.19,-6.74113203497209
2,2.196,-6.92121548738277
2,2.202,-7.0982125458504
2,2.208,-7.26849040390127
2,2.214,-7.42781053954598
2,2.22,-7.57152239176672
2,2.226,-7.69489679225108
2,2.232,-7.79358774417083
2,2.238,-7.86416519294956
2,2.244,-7.90461523448629
2,2.25,-7.91468163668997
2,2.256,-7.89594438113869
2,2.262,-7.85159790835916
2,2.268,-7.78597808364647
2,2.274,-7.70395384872713
2,2.28,-7.61032009358223
2,2.286,-7.50930231697629
2,2.292,-7.40423250367427
2,2.298,-7.29740490659759
2,2.304,-7.19008602694291
2,2.31,-7.08263818503851
2,2.316,-6.97471552653155
2,2.322,-6.86549768302905
2,2.328,-6.75393377250935
2,2.334,-6.63897505630883
2,2.34,-6.51977803233992
2,2.346,-6.39586231116256
2,2.352,-6.26721103589037
2,2.358,-6.13430706826497
2,2.364,-5.9981056739059
2,2.37,-5.8599527284454
2,2.376,-5.72146452718092
2,2.382,-5.58438926959115
2,2.388,-5.4504703154111
2,2.394,-5.32132773229777
2,2.4,-5.19836881442051
2,2.406,-4.95540031720129
2,2.412,-4.70024567503314
2,2.418,-4.43232286919509
2,2.424,-4.15128495378956
2,2.43,-3.85702276593997
2,2.436,-3.5496642769011
2,2.442,-3.22957055935812
2,2.448,-2.8973286646932
2,2.454,-2.55374196565922
2,2.46,-2.19981869152846
2,2.466,-1.83675944433769
2,2.472,-1.46594443145266
2,2.478,-1.08892099092484
2,2.484,-0.707391743398128
2,2.49,-0.323203407305193
2,2.496,0.061664002456305
2,2.502,0.445108170514829
2,2.508,0.824916490270837
2,2.514,1.19878004652793
2,2.52,1.56431053337483
2,2.526,1.91906089398028
2,2.532,2.26055009050826
2,2.538,2.5862918257807
2,2.544,2.89382627274453
2,2.55,3.18075299724039
2,2.556,3.44476240648651
2,2.562,3.68366238168348
2,2.568,3.8953964335201
2,2.574,4.07804990414383
2,2.58,4.2298415099967
2,2.586,4.3490988573675
2,2.592,4.43421833724424
2,2.598,4.48361179935021
2,2.604,4.49564435133943
2,2.61,4.46856926119913
2,2.616,4.40046702054888
2,2.622,4.28919594592805
2,2.628,4.13236105937812
2,2.634,3.92730620483447
2,2.64,3.67113126028912
2,2.646,3.36073186554479
2,2.652,2.9928535705159
2,2.658,2.56414648678143
2,2.664,2.07120181671182
2,2.67,1.51055019236383
2,2.676,0.878606578974108
2,2.682,0.17156199218289
2,2.688,-0.614743909622955
2,2.694,-1.48486786268987
2,2.7,-2.44349132558157
2,2.706,-3.49433665745896
2,2.712,-4.63727929663217
2,2.718,-5.86182785716618
2,2.724,-7.13425493810957
2,2.73,-8.37703045397277
2,2.736,-9.45057176140158
2,2.742,-10.1752510943096
2,2.748,-10.4310873284599
2,2.754,-10.2581962933677
2,2.76,-9.8197650007778
2,2.766,-9.28258391885638
2,2.772,-8.75469103485888
2,2.778,-8.28965592195948
2,2.784,-7.9095630859037
2,2.79,-7.62340575546576
2,2.796,-7.4384165881388
2,2.802,-7.3671927504397
2,2.808,-7.43314332098149
2,2.814,-7.67489991652333
2,2.82,-8.14463575460201
2,2.826,-8.8691551497127
2,2.832,-9.62585072280137
2,2.838,-9.26489628136871
2,2.844,-6.4048715207706
2,2.85,-2.30824663972362
2,2.856,1.2551999263521
2,2.862,3.35680693885241
2,2.868,3.95167844043783
2,2.874,3.72129901703169
2,2.88,3.23483794758689
2,2.886,2.73419327767917
2,2.892,2.29299537926315
2,2.898,1.92509262591602
2,2.904,1.62616933655238
2,2.91,1.38767684256635
2,2.916,1.20126982749448
2,2.922,1.06008937809591
2,2.928,0.959000550899415
2,2.934,0.894442386437763
2,2.94,0.863895304539286
2,2.946,0.864099990492216
2,2.952,0.884786959235662
2,2.958,0.898771313086161
2,2.964,0.938604622054231
2,2.97,1.13891781216361
2,2.976,1.45938036842684
2,2.982,1.84170574065643
2,2.988,2.10460775509996
2,2.994,1.29123674721647
2,3,-2.37337236005889
2,3.006,1.25935720912783
2,3.012,2.45395475570196
2,3.018,2.02619339923879
2,3.024,1.35773117272234
2,3.03,0.837125534855962
2,3.036,0.50456062545214
2,3.042,0.348367923895821
2,3.048,0.369110805453113
2,3.054,0.602758547066572
2,3.06,1.18917334630959
2,3.066,2.85366870872015
2,3.072,14.2763234517086
2,3.078,3.32449363214199
2,3.084,2.54114659969849
2,3.09,1.41589623856631
2,3.096,1.34668226999474
2,3.102,1.39937066156571
2,3.108,2.62028023886837
2,3.114,-2.95573425032082
2,3.12,1.79971671737897
2,3.126,3.78106199316422
2,3.132,-5.83964131863224
2,3.138,-2.11897894334765
2,3.144,-3.15460959578598
2,3.15,0.0584105168168524
2,3.156,0.0107661428975869
2,3.162,-0.0659265063698581
2,3.168,-0.642705112486922
2,3.174,0.511722279335683
2,3.18,1.34652003650458
2,3.186,12.5982322439809
2,3.192,-10.5759953515506
2,3.198,-11.7440940183368
2,3.204,-4.76079454790978
2,3.21,-0.721851271349626
2,3.216,-0.626992361265374
2,3.222,-1.94589748893384
2,3.228,-2.65512463675743
2,3.234,-2.66736976090498
2,3.24,-2.68031323732927
2,3.246,-2.69400910267453
2,3.252,-2.70856280221374
2,3.258,-2.7241984956044
2,3.264,-2.74146903336635
2,3.27,-2.76215384773413
2,3.276,-2.79661313458409
2,3.282,-2.62643725244995
2,3.288,-2.77096287103243
2,3.294,-2.79932349964254
2,3.3,-2.82116773349499
2,3.306,-2.83622728472669
2,3.312,-2.85182162602752
2,3.318,-2.86795759708677
2,3.324,-2.88464352780381
2,3.33,-2.90188941064324
2,3.336,-2.9197070907878
2,3.342,-2.93811047566326
2,3.348,-2.95711576541206
2,3.354,-2.97674170583618
2,3.36,-2.99700986519026
2,3.366,-3.01794493595009
2,3.372,-3.03957506226892
2,3.378,-3.06193219320953
2,3.384,-3.0850524609354
2,3.39,-3.10897658177348
2,3.396,-3.13375027631566
2,3.402,-3.15942470237481
2,3.408,-3.18605689149563
2,3.414,-3.2137101756535
2,3.42,-3.24245458554607
2,3.426,-3.27236719525992
2,3.432,-3.30353237984755
2,3.438,-3.33604194226657
2,3.444,-3.36999505407767
2,3.45,-3.40549794027035
2,3.456,-3.44266322283484
2,3.462,-3.48160882086124
2,3.468,-3.52245628823674
2,3.474,-3.56532845545731
2,3.48,-3.61034623276268
2,3.486,-3.65762443214337
2,3.492,-3.70726648159532
2,3.498,-3.75935794349924
2,3.504,-3.81395881819221
2,3.51,-3.87109472134839
2,3.516,-3.930747174971
2,3.522,-3.99284344647987
2,3.528,-4.05724659917117
2,3.534,-4.12374665767701
2,3.54,-4.19205400556384
2,3.546,-4.26179626526637
2,3.552,-4.33251990047706
2,3.558,-4.4036975693432
2,3.564,-4.47474180845892
2,3.57,-4.5450249530757
2,3.576,-4.61390436980422
2,3.582,-4.6807512277828
2,3.588,-4.74498033655715
2,3.594,-4.80607820497954
2,3.6,-4.86362654155286
4,1.2,-0.404577684531568
4,1.206,-0.407756662382095
4,1.212,-0.410957349355898
4,1.218,-0.414179546456857
4,1.224,-0.417423064739894
4,1.23,-0.420687725297393
4,1.236,-0.423973359254651
4,1.242,-0.427279807774279
4,1.248,-0.430606922069624
4,1.254,-0.433954563427176
4,1.26,-0.437322603238022
4,1.266,-0.440710923038388
4,1.272,-0.444119414559331
4,1.278,-0.447547979785639
4,1.284,-0.450996531024087
4,1.29,-0.454464990981101
4,1.296,-0.457953292849989
4,1.302,-0.461461380407868
4,1.308,-0.464989208122476
4,1.314,-0.468536741268992
4,1.32,-0.47210395605714
4,1.326,-0.475690839768693
4,1.332,-0.479297390905716
4,1.338,-0.482923619349709
4,1.344,-0.486569546531999
4,1.35,-0.490235205615616
4,1.356,-0.493920641689021
4,1.362,-0.497625911971992
4,1.368,-0.501351086034048
4,1.374,-0.505096246025791
4,1.38,-0.508861486923586
4,1.386,-0.512646916788061
4,1.392,-0.516452657036793
4,1.398,-0.520278842731807
4,1.404,-0.524125622882325
4,1.41,-0.527993160763399
4,1.416,-0.531881634250954
4,1.422,-0.535791236173955
4,1.428,-0.539722174684308
4,1.434,-0.543674673645256
4,1.44,-0.54764897303898
4,1.446,-0.551645329394247
4,1.452,-0.555664016234938
4,1.458,-0.559705324550329
4,1.464,-0.563769563288119
4,1.47,-0.567857059871189
4,1.476,-0.571968160739126
4,1.482,-0.576103231915699
4,1.488,-0.580262659603427
4,1.494,-0.584446850806522
4,1.5,-0.588656233983549
4,1.506,-0.592891259731198
4,1.512,-0.597152401500659
4,1.518,-0.601440156348248
4,1.524,-0.605755045721865
4,1.53,-0.610097616285133
4,1.536,-0.614468440781082
4,1.542,-0.618868118937376
4,1.548,-0.623297278415191
4,1.554,-0.627756575804008
4,1.56,-0.632246697664677
4,1.566,-0.636768361623305
4,1.572,-0.641322317518624
4,1.578,-0.645909348605694
4,1.584,-0.650530272818963
4,1.59,-0.655185944097902
4,1.596,-0.65987725377858
4,1.602,-0.66460513205487
4,1.608,-0.669370549513076
4,1.614,-0.674174518744108
4,1.62,-0.679018096037541
4,1.626,-0.683902383162257
4,1.632,-0.688828529238494
4,1.638,-0.693797732706666
4,1.644,-0.698811243398523
4,1.65,-0.703870364716573
4,1.656,-0.708976455928246
4,1.662,-0.714130934581453
4,1.668,-0.719335279048891
4,1.674,-0.724591031208808
4,1.68,-0.729899799270461
4,1.686,-0.735263260753147
4,1.692,-0.740683165628171
4,1.698,-0.746161339633954
4,1.704,-0.751699687774966
4,1.71,-0.757300198016126
4,1.716,-0.762964945184993
4,1.722,-0.76869609509505
4,1.728,-0.774495908904249
4,1.734,-0.780366747724101
4,1.74,-0.78631107749562
4,1.746,-0.792331474149708
4,1.752,-0.798430629070776
4,1.758,-0.804611354883885
4,1.764,-0.810876591587185
4,1.77,-0.817229413052953
4,1.776,-0.823673033922562
4,1.782,-0.830210816922357
4,1.788,-0.836846280629692
4,1.794,-0.843583107720599
4,1.8,-0.850425153732984
4,1.806,-0.857376456381941
4,1.812,-0.864441245466717
4,1.818,-0.871623953411934
4,1.824,-0.87892922648918
4,1.83,-0.886361936768783
4,1.836,-0.893927194855651
4,1.842,-0.901630363467493
4,1.848,-0.909477071918591
4,1.854,-0.917473231577516
4,1.86,-0.925625052372978
4,1.866,-0.93393906042822
4,1.872,-0.942422116911328
4,1.878,-0.951081438196157
4,1.884,-0.959924617436951
4,1.89,-0.968959647668555
4,1.896,-0.978194946554026
4,1.902,-0.987639382912104
4,1.908,-0.997302305168909
4,1.914,-1.00719357189096
4,1.92,-1.01732358457093
4,1.926,-1.02770332285299
4,1.932,-1.03834438240153
4,1.938,-1.04925901563608
4,1.944,-1.06046017557526
4,1.95,-1.07196156305574
4,1.956,-1.08377767761644
4,1.962,-1.09592387236593
4,1.968,-1.10841641318037
4,1.974,-1.1212725426129
4,1.98,-1.13451054893093
4,1.986,-1.14814984073806
4,1.992,-1.16221102768068
4,1.998,-1.17671600778755
4,2.004,-1.19168806204343
4,2.01,-1.20715195685544
4,2.016,-1.22313405513474
4,2.022,-1.23966243678536
4,2.028,-1.25676702946855
4,2.034,-1.27447975059401
4,2.04,-1.29283466158064
4,2.046,-1.31186813552818
4,2.052,-1.33161903954889
4,2.058,-1.35212893312481
4,2.064,-1.37344228398202
4,2.07,-1.39560670310796
4,2.076,-1.41867320068202
4,2.082,-1.44269646484237
4,2.088,-1.46773516537152
4,2.094,-1.49385228454976
4,2.1,-1.52111547759397
4,2.106,-1.54959746526885
4,2.112,-1.57937646141972
4,2.118,-1.61053663832606
4,2.124,-1.64316863290113
4,2.13,-1.67737009685169
4,2.136,-1.71324629394563
4,2.142,-1.75091074748834
4,2.148,-1.79048594094985
4,2.154,-1.83210407436985
4,2.16,-1.87590787864291
4,2.166,-1.9220514889756
4,2.172,-1.97070137761841
4,2.178,-2.02203734428157
4,2.184,-2.07625356028639
4,2.19,-2.13355965927327
4,2.196,-2.1941818629153
4,2.202,-2.25836412422598
4,2.208,-2.32636926325622
4,2.214,-2.39848005967638
4,2.22,-2.4750002532078
4,2.226,-2.55625538517304
4,2.232,-2.64259339140517
4,2.238,-2.73438482691577
4,2.244,-2.83202256423589
4,2.25,-2.93592075795616
4,2.256,-3.04651280497924
4,2.262,-3.16424795015688
4,2.268,-3.28958608669406
4,2.274,-3.42299017614292
4,2.28,-3.56491556043028
4,2.286,-3.71579525585449
4,2.292,-3.87602010702832
4,2.298,-4.04591244407266
4,2.304,-4.22569164690309
4,2.31,-4.41542981352561
4,2.316,-4.61499562413014
4,2.322,-4.82398460854071
4,2.328,-5.04163455318605
4,2.334,-5.26672601413363
4,2.34,-5.49747023361508
4,2.346,-5.73139067028201
4,2.352,-5.96521029185972
4,2.358,-6.19476485595447
4,2.364,-6.41497186157041
4,2.37,-6.61989329569395
4,2.376,-6.80293303301959
4,2.382,-6.95720005477847
4,2.388,-7.07604023853585
4,2.394,-7.15369170287154
4,2.4,-7.18596265609567
4,2.406,-7.17079035643614
4,2.412,-7.1085421943296
4,2.418,-7.00197641642853
4,2.424,-6.85587261162574
4,2.43,-6.67643021279508
4,2.436,-6.47057924702517
4,2.442,-6.24533953990041
4,2.448,-6.00731862059459
4,2.454,-5.76238248912698
4,2.46,-5.51548896713353
4,2.466,-5.2706489441548
4,2.472,-5.0309741655673
4,2.478,-4.79877456691088
4,2.484,-4.57567711734637
4,2.49,-4.36274747792513
4,2.496,-4.16060349839699
4,2.502,-3.96951513401666
4,2.508,-3.78948896925658
4,2.514,-3.62033765228015
4,2.52,-3.46173564072158
4,2.526,-3.31326311209706
4,2.532,-3.17443996929686
4,2.538,-3.04475174952656
4,2.544,-2.92366903261005
4,2.55,-2.81066170480888
4,2.556,-2.70520920117528
4,2.562,-2.60680763919722
4,2.568,-2.51497457517776
4,2.574,-2.4292519629461
4,2.58,-2.34920776989579
4,2.586,-2.27443660460459
4,2.592,-2.2045596297561
4,2.598,-2.13922397027344
4,2.604,-2.07810177638811
4,2.61,-2.02088906214393
4,2.616,-1.9673044093562
4,2.622,-1.91708760348988
4,2.628,-1.86999824981275
4,2.634,-1.82581440433959
4,2.64,-1.78433124356954
4,2.646,-1.74535978908838
4,2.652,-1.70872569717423
4,2.658,-1.6742681191503
4,2.664,-1.6418386350137
4,2.67,-1.61130026055478
4,2.676,-1.58252652655208
4,2.682,-1.55540062751413
4,2.688,-1.52981463671338
4,2.694,-1.50566878381879
4,2.7,-1.48287079120683
4,2.706,-1.46133526495667
4,2.712,-1.44098313657072
4,2.718,-1.4217411515728
4,2.724,-1.40354140129755
4,2.73,-1.38632089437791
4,2.736,-1.37002116464913
4,2.742,-1.35458791240661
4,2.748,-1.3399706761749
4,2.754,-1.32612253236074
4,2.76,-1.31299982037046
4,2.766,-1.30056189096986
4,2.772,-1.2887708758506
4,2.778,-1.27759147654121
4,2.784,-1.26699077096275
4,2.79,-1.25693803607836
4,2.796,-1.24740458522399
4,2.802,-1.23836361883386
4,2.808,-1.22979008739027
4,2.814,-1.22166056553279
4,2.82,-1.21395313635887
4,2.826,-1.20664728503545
4,2.832,-1.19972380092138
4,2.838,-1.19316468747294
4,2.844,-1.18695307927123
4,2.85,-1.1810731655696
4,2.856,-1.17551011981432
4,2.862,-1.17025003464065
4,2.868,-1.16527986189154
4,2.874,-1.16058735724688
4,2.88,-1.1561610290879
4,2.886,-1.1519900912551
4,2.892,-1.14806441938845
4,2.898,-1.14437451056605
4,2.904,-1.14091144598277
4,2.91,-1.1376668564331
4,2.916,-1.13463289038327
4,2.922,-1.13180218443644
4,2.928,-1.12916783601225
4,2.934,-1.12672337807731
4,2.94,-1.124462755778
4,2.946,-1.12238030483961
4,2.952,-1.12047073160799
4,2.958,-1.11872909462089
4,2.964,-1.11715078760591
4,2.97,-1.11573152381158
4,2.976,-1.11446732158618
4,2.982,-1.11335449112699
4,2.988,-1.11238962232957
4,2.994,-1.11156957367369
4,3,-1.11089146208829
4,3.006,-1.11035265374387
4,3.012,-1.1099507557261
4,3.018,-1.10968360854917
4,3.024,-1.10954927947233
4,3.03,-1.10954605658765
4,3.036,-1.10967244365085
4,3.042,-1.10992715563148
4,3.048,-1.11030911496242
4,3.054,-1.1108174484724
4,3.06,-1.11145148498885
4,3.066,-1.11221075360209
4,3.072,-1.11309498258518
4,3.078,-1.11410409896728
4,3.084,-1.11523822876191
4,3.09,-1.11649769785502
4,3.096,-1.11788303356104
4,3.102,-1.11939496685925
4,3.108,-1.12103443532596
4,3.114,-1.12280258678241
4,3.12,-1.12470078368193
4,3.126,-1.12673060826442
4,3.132,-1.12889386851066
4,3.138,-1.1311926049336
4,3.144,-1.13362909824912
4,3.15,-1.13620587797389
4,3.156,-1.13892573200414
4,3.162,-1.14179171723523
4,3.168,-1.14480717128887
4,3.174,-1.14797572542221
4,3.18,-1.15130131870116
4,3.186,-1.15478821352903
4,3.192,-1.15844101263113
4,3.198,-1.16226467760667
4,3.204,-1.16626454917074
4,3.21,-1.17044636922146
4,3.216,-1.17481630488197
4,3.222,-1.17938097468141
4,3.228,-1.18414747705641
4,3.234,-1.18912342137288
4,3.24,-1.19431696168813
4,3.246,-1.19973683349638
4,3.252,-1.20539239372476
4,3.258,-1.2112936642752
4,3.264,-1.21745137943708
4,3.27,-1.2238770375295
4,3.276,-1.23058295716876
4,3.282,-1.23758233859736
4,3.288,-1.24488933055605
4,3.294,-1.25251910323013
4,3.3,-1.26048792785586
4,3.306,-1.26881326363373
4,3.312,-1.27751385266133
4,3.318,-1.2866098236723
4,3.324,-1.29612280544785
4,3.33,-1.30607605085535
4,3.336,-1.31649457256484
4,3.342,-1.32740529159862
4,3.348,-1.33883719998286
4,3.354,-1.35082153889234
4,3.36,-1.3633919938108
4,3.366,-1.37658490836878
4,3.372,-1.39043951866758
4,3.378,-1.40499821005041
4,3.384,-1.42030679843708
4,3.39,-1.43641483849238
4,3.396,-1.45337596104639
4,3.402,-1.47124824231691
4,3.408,-1.49009460759185
4,3.414,-1.50998327209526
4,3.42,-1.53098822176616
4,3.426,-1.55318973659662
4,3.432,-1.57667495896887
4,3.438,-1.60153850905291
4,3.444,-1.62788314871388
4,3.45,-1.6558204944505
4,3.456,-1.68547177853577
4,3.462,-1.71696865562079
4,3.468,-1.75045404941494
4,3.474,-1.78608303044086
4,3.48,-1.82402371099179
4,3.486,-1.8644581369202
4,3.492,-1.90758314729863
4,3.498,-1.95361116173566
4,3.504,-2.00277084049226
4,3.51,-2.05530754366278
4,3.516,-2.11148349153538
4,3.522,-2.17157749764666
4,3.528,-2.23588410767931
4,3.534,-2.30471192985557
4,3.54,-2.37838088458538
4,3.546,-2.45721803194496
4,3.552,-2.54155155503299
4,3.558,-2.63170238689451
4,3.564,-2.72797287273621
4,3.57,-2.8306317661578
4,3.576,-2.93989478335658
4,3.582,-3.05589990774182
4,3.588,-3.17867668763582
4,3.594,-3.30810895764023
4,3.6,-3.44389081596104
6,1.2,-0.326085880243007
6,1.206,-0.327992839551624
6,1.212,-0.329910451631555
6,1.218,-0.331838665546259
6,1.224,-0.333777436253803
6,1.23,-0.335726724648177
6,1.236,-0.33768649760606
6,1.242,-0.33965672803904
6,1.248,-0.341637394951462
6,1.254,-0.343628483503883
6,1.26,-0.345629985082291
6,1.266,-0.347641897373146
6,1.272,-0.349664224444387
6,1.278,-0.351696976832495
6,1.284,-0.353740171635765
6,1.29,-0.355793832613927
6,1.296,-0.357857990294275
6,1.302,-0.359932682084456
6,1.308,-0.362017952392127
6,1.314,-0.364113852751649
6,1.32,-0.36622044195805
6,1.326,-0.368337786208455
6,1.332,-0.370465959251257
6,1.338,-0.372605042543227
6,1.344,-0.374755125414895
6,1.35,-0.376916305244447
6,1.356,-0.379088687640469
6,1.362,-0.381272386633818
6,1.368,-0.383467524879029
6,1.374,-0.385674233865579
6,1.38,-0.387892654139379
6,1.386,-0.390122935534955
6,1.392,-0.3923652374187
6,1.398,-0.394619728943696
6,1.404,-0.396886589316547
6,1.41,-0.399166008076777
6,1.416,-0.401458185389311
6,1.422,-0.403763332350615
6,1.428,-0.406081671309115
6,1.434,-0.408413436200531
6,1.44,-0.41075887289877
6,1.446,-0.413118239583194
6,1.452,-0.415491807122883
6,1.458,-0.41787985947882
6,1.464,-0.420282694124803
6,1.47,-0.422700622487938
6,1.476,-0.425133970409774
6,1.482,-0.42758307862897
6,1.488,-0.430048303286659
6,1.494,-0.432530016455576
6,1.5,-0.435028606694185
6,1.506,-0.43754447962707
6,1.512,-0.440078058552914
6,1.518,-0.442629785081541
6,1.524,-0.445200119801465
6,1.53,-0.447789542979627
6,1.536,-0.450398555294987
6,1.542,-0.453027678607764
6,1.548,-0.455677456766275
6,1.554,-0.458348456453411
6,1.56,-0.461041268074901
6,1.566,-0.463756506691677
6,1.572,-0.466494812998784
6,1.578,-0.469256854353473
6,1.584,-0.472043325855175
6,1.59,-0.474854951480411
6,1.596,-0.477692485275679
6,1.602,-0.480556712611736
6,1.608,-0.483448451502824
6,1.614,-0.486368553994605
6,1.62,-0.489317907624944
6,1.626,-0.492297436961777
6,1.632,-0.495308105222766
6,1.638,-0.498350915981607
6,1.644,-0.501426914966327
6,1.65,-0.50453719195517
6,1.656,-0.507682882776093
6,1.662,-0.510865171416359
6,1.668,-0.514085292249109
6,1.674,-0.517344532384296
6,1.68,-0.520644234151939
6,1.686,-0.523985797726158
6,1.692,-0.52737068389912
6,1.698,-0.53080041701467
6,1.704,-0.534276588072131
6,1.71,-0.537800858011589
6,1.716,-0.541374961192711
6,1.722,-0.545000709080228
6,1.728,-0.548679994150031
6,1.734,-0.552414794030997
6,1.74,-0.556207175898839
6,1.746,-0.560059301139519
6,1.752,-0.563973430301035
6,1.758,-0.567951928354138
6,1.764,-0.571997270283916
6,1.77,-0.576112047036025
6,1.776,-0.580298971843401
6,1.782,-0.584560886961211
6,1.788,-0.588900770840194
6,1.794,-0.593321745771072
6,1.8,-0.597827086035354
6,1.806,-0.602420226600965
6,1.812,-0.607104772404281
6,1.818,-0.611884508263873
6,1.824,-0.616763409475082
6,1.83,-0.621745653138875
6,1.836,-0.626835630283239
6,1.842,-0.632037958840441
6,1.848,-0.637357497549241
6,1.854,-0.642799360857486
6,1.86,-0.648368934907254
6,1.866,-0.654071894692501
6,1.872,-0.659914222487448
6,1.878,-0.665902227653193
6,1.884,-0.672042567940332
6,1.89,-0.678342272416625
6,1.896,-0.684808766161191
6,1.902,-0.691449896880684
6,1.908,-0.698273963618118
6,1.914,-0.705289747742099
6,1.92,-0.7125065464231
6,1.926,-0.719934208824363
6,1.932,-0.727583175258479
6,1.938,-0.735464519586519
6,1.944,-0.743589995165783
6,1.95,-0.751972084684358
6,1.956,-0.760624054256877
6,1.962,-0.769560012196149
6,1.968,-0.778794972920539
6,1.974,-0.788344926507312
6,1.98,-0.798226914459031
6,1.986,-0.808459112313424
6,1.992,-0.819060919798612
6,1.998,-0.830053059315799
6,2.004,-0.841457683621749
6,2.01,-0.85329849368514
6,2.016,-0.865600867805414
6,2.022,-0.878392003212284
6,2.028,-0.891701071510109
6,2.034,-0.905559389496607
6,2.04,-0.920000607072566
6,2.046,-0.935060914170857
6,2.052,-0.950779268873425
6,2.058,-0.967197649157385
6,2.064,-0.984361331020805
6,2.07,-1.0023191960904
6,2.076,-1.02112407221321
6,2.082,-1.04083311098915
6,2.088,-1.06150820671915
6,2.094,-1.08321646183315
6,2.1,-1.1060307045335
6,2.106,-1.13003006515428
6,2.112,-1.15530061860794
6,2.118,-1.18193610128195
6,2.124,-1.21003871187684
6,2.13,-1.23972000695856
6,2.136,-1.27110190345429
6,2.142,-1.30431780196943
6,2.148,-1.33951384666737
6,2.154,-1.37685033955275
6,2.16,-1.41650332935322
6,2.166,-1.45866639781979
6,2.172,-1.50355266917187
6,2.178,-1.55139707159674
6,2.184,-1.60245888315583
6,2.19,-1.65702459810187
6,2.196,-1.71541115338222
6,2.202,-1.77796955883816
6,2.208,-1.84508897806138
6,2.214,-1.91720130965014
6,2.22,-1.99478632013615
6,2.226,-2.07837737925377
6,2.232,-2.16856784420472
6,2.238,-2.26601813023046
6,2.244,-2.37146348735717
6,2.25,-2.48572247354492
6,2.256,-2.60970606668685
6,2.262,-2.74442728320717
6,2.268,-2.89101105651046
6,2.274,-3.05070395518037
6,2.28,-3.22488306029119
6,2.286,-3.4150629311651
6,2.292,-3.62289900585391
6,2.298,-3.85018491086421
6,2.304,-4.09883985004161
6,2.31,-4.37088028910103
6,2.316,-4.66836723114823
6,2.322,-4.99331603364398
6,2.328,-5.34754933810335
6,2.334,-5.73246456743197
6,2.34,-6.14867510434025
6,2.346,-6.59546937697811
6,2.352,-7.0700189377357
6,2.358,-7.56626856652
6,2.364,-8.07349076065336
6,2.37,-8.57464660043872
6,2.376,-9.0450508982436
6,2.382,-9.45241153217351
6,2.388,-9.75980247323333
6,2.394,-9.93265545795248
6,2.4,-9.94848137046768
6,2.406,-9.80474593867153
6,2.412,-9.51984905060632
6,2.418,-9.12651361320524
6,2.424,-8.66198710137513
6,2.43,-8.16015453979343
6,2.436,-7.64765467632666
6,2.442,-7.14329240426989
6,2.448,-6.65916905542298
6,2.454,-6.20231432462802
6,2.46,-5.77620222049351
6,2.466,-5.38194515151941
6,2.472,-5.01915869619837
6,2.478,-4.68655816396558
6,2.484,-4.38235740777831
6,2.49,-4.10452913674083
6,2.496,-3.85097095247549
6,2.502,-3.61960828890704
6,2.508,-3.4084556045057
6,2.514,-3.2156502262673
6,2.52,-3.03946848384996
6,2.526,-2.87833055989431
6,2.532,-2.73079832855758
6,2.538,-2.59556901216785
6,2.544,-2.47146651967683
6,2.55,-2.35743168233772
6,2.556,-2.25251216677607
6,2.562,-2.15585255357495
6,2.568,-2.06668487412778
6,2.574,-1.98431976862761
6,2.58,-1.90813834262996
6,2.586,-1.83758474438522
6,2.592,-1.77215945036725
6,2.598,-1.71141322548049
6,2.604,-1.65494171274711
6,2.61,-1.60238060173023
6,2.616,-1.55340132339092
6,2.622,-1.50770722003923
6,2.628,-1.46503014152308
6,2.634,-1.42512742213248
6,2.64,-1.38777919643152
6,2.646,-1.35278601607555
6,2.652,-1.31996673344117
6,2.658,-1.2891566214805
6,2.664,-1.2602057025453
6,2.67,-1.23297726198381
6,2.676,-1.2073465250834
6,2.682,-1.18319947842323
6,2.688,-1.16043181892615
6,2.694,-1.13894801587737
6,2.7,-1.11866047292975
6,2.706,-1.09948877866303
6,2.712,-1.08135903562891
6,2.718,-1.06420325901389
6,2.724,-1.04795883710759
6,2.73,-1.0325680466906
6,2.736,-1.01797761727024
6,2.742,-1.00413833880646
6,2.748,-0.99100470819745
6,2.754,-0.978534610344623
6,2.76,-0.966689030100188
6,2.766,-0.955431791825172
6,2.772,-0.944729323658846
6,2.778,-0.934550443928967
6,2.784,-0.924866167421045
6,2.79,-0.915649529479466
6,2.796,-0.906875426137495
6,2.802,-0.898520468671245
6,2.808,-0.890562851147279
6,2.814,-0.882982229688184
6,2.82,-0.875759612316888
6,2.826,-0.868877258361572
6,2.832,-0.862318586510307
6,2.838,-0.856068090699602
6,2.844,-0.850111263105584
6,2.85,-0.844434523581637
6,2.856,-0.839025154953247
6,2.862,-0.833871243640172
6,2.868,-0.82896162512938
6,2.874,-0.824285833869459
6,2.88,-0.819834057199569
6,2.886,-0.815597092963968
6,2.892,-0.811566310497057
6,2.898,-0.807733614694292
6,2.904,-0.804091412911593
6,2.91,-0.800632584460557
6,2.916,-0.797350452488675
6,2.922,-0.794238758053721
6,2.928,-0.791291636219493
6,2.934,-0.788503594016071
6,2.94,-0.785869490122663
6,2.946,-0.783384516144026
6,2.952,-0.781044179363901
6,2.958,-0.778844286869412
6,2.964,-0.776780930950525
6,2.97,-0.774850475687744
6,2.976,-0.773049544649403
6,2.982,-0.771375009627518
6,2.988,-0.769823980348156
6,2.994,-0.76839379509867
6,3,-0.767082012220008
6,3.006,-0.765886402417872
6,3.012,-0.764804941851561
6,3.018,-0.76383580596406
6,3.024,-0.762977364021459
6,3.03,-0.762228174333984
6,3.036,-0.76158698013492
6,3.042,-0.761052706097527
6,3.048,-0.760624455473716
6,3.054,-0.760301507841838
6,3.06,-0.760083317454335
6,3.066,-0.759969512179554
6,3.072,-0.759959893035176
6,3.078,-0.760054434314362
6,3.084,-0.760253284308922
6,3.09,-0.760556766637328
6,3.096,-0.760965382189055
6,3.102,-0.761479811700195
6,3.108,-0.762100918979297
6,3.114,-0.762829754806318
6,3.12,-0.763667561531736
6,3.126,-0.764615778407463
6,3.132,-0.765676047685942
6,3.138,-0.766850221528882
6,3.144,-0.768140369772765
6,3.15,-0.769548788604171
6,3.156,-0.771078010204423
6,3.162,-0.772730813430313
6,3.168,-0.77451023560533
6,3.174,-0.776419585504414
6,3.18,-0.778462457624469
6,3.186,-0.780642747843523
6,3.192,-0.782964670582371
6,3.198,-0.785432777595689
6,3.204,-0.788051978533068
6,3.21,-0.790827563426339
6,3.216,-0.793765227276613
6,3.222,-0.796871096933732
6,3.228,-0.800151760482232
6,3.234,-0.803614299371858
6,3.24,-0.807266323557325
6,3.246,-0.811116009941978
6,3.252,-0.815172144453454
6,3.258,-0.819444168117013
6,3.264,-0.823942227534258
6,3.27,-0.828677230222495
6,3.276,-0.833660905323051
6,3.282,-0.838905870246945
6,3.288,-0.844425703893753
6,3.294,-0.85023502715584
6,3.3,-0.856349591505903
6,3.306,-0.862786376563056
6,3.312,-0.86956369764236
6,3.318,-0.876701324416869
6,3.324,-0.884220611961705
6,3.33,-0.892144645608898
6,3.336,-0.900498401221618
6,3.342,-0.909308922700891
6,3.348,-0.918605518768877
6,3.354,-0.928419981335132
6,3.36,-0.938786828048915
6,3.366,-0.949743571977044
6,3.372,-0.961331021726868
6,3.378,-0.973593615764095
6,3.384,-0.986579795160066
6,3.39,-1.00034241954973
6,3.396,-1.01493923169502
6,3.402,-1.03043337673547
6,3.408,-1.04689398297353
6,3.414,-1.06439681188959
6,3.42,-1.08302498601501
6,3.426,-1.10286980430532
6,3.432,-1.12403165574617
6,3.438,-1.14662104307243
6,3.444,-1.17075972965991
6,3.45,-1.19658202380991
6,3.456,-1.22423621571898
6,3.462,-1.25388618329648
6,3.468,-1.28571318350051
6,3.474,-1.31991784577011
6,3.48,-1.35672238310055
6,3.486,-1.39637303385781
6,3.492,-1.43914274288096
6,3.498,-1.48533408283206
6,3.504,-1.53528240481198
6,3.51,-1.58935918915951
6,3.516,-1.64797554062042
6,3.522,-1.71158573335809
6,3.528,-1.78069065606624
6,3.534,-1.85584092973823
6,3.54,-1.93763936257638
6,3.546,-2.02674225796603
6,3.552,-2.12385888969759
6,3.558,-2.22974818838057
6,3.564,-2.34521132686731
6,3.57,-2.47107843280484
6,3.576,-2.60818707927966
6,3.582,-2.75734950808265
6,3.588,-2.91930474994828
6,3.594,-3.09465100191014
6,3.6,-3.28375298159125
8,1.2,-0.276057305011444
8,1.206,-0.277429347631217
8,1.212,-0.278806502693253
8,1.218,-0.280188797280108
8,1.224,-0.281576262129895
8,1.23,-0.282968931710947
8,1.236,-0.28436684429987
8,1.242,-0.2857700420631
8,1.248,-0.287178571142059
8,1.254,-0.288592481742013
8,1.26,-0.290011828224799
8,1.266,-0.291436669205543
8,1.272,-0.292867067653487
8,1.278,-0.294303090997106
8,1.284,-0.295744811233644
8,1.29,-0.297192305043299
8,1.296,-0.298645653908134
8,1.302,-0.300104944235998
8,1.308,-0.301570267489613
8,1.314,-0.303041720320995
8,1.32,-0.304519404711551
8,1.326,-0.306003428117906
8,1.332,-0.307493903623884
8,1.338,-0.308990950098778
8,1.344,-0.31049469236223
8,1.35,-0.312005261355985
8,1.356,-0.313522794322865
8,1.362,-0.315047434993229
8,1.368,-0.316579333779257
8,1.374,-0.318118647977475
8,1.38,-0.319665541979821
8,1.386,-0.321220187493656
8,1.392,-0.322782763771203
8,1.398,-0.324353457848747
8,1.404,-0.325932464796152
8,1.41,-0.327519987977116
8,1.416,-0.329116239320712
8,1.422,-0.330721439604779
8,1.428,-0.332335818751646
8,1.434,-0.333959616136924
8,1.44,-0.335593080911916
8,1.446,-0.337236472340331
8,1.452,-0.338890060150041
8,1.458,-0.340554124900673
8,1.464,-0.342228958367722
8,1.47,-0.343914863944154
8,1.476,-0.345612157060355
8,1.482,-0.347321165623301
8,1.488,-0.34904223047611
8,1.494,-0.350775705878878
8,1.5,-0.352521960012038
8,1.506,-0.354281375503399
8,1.512,-0.356054349980115
8,1.518,-0.357841296646983
8,1.524,-0.359642644892451
8,1.53,-0.361458840923868
8,1.536,-0.363290348433601
8,1.542,-0.365137649297708
8,1.548,-0.367001244309014
8,1.554,-0.36888165394647
8,1.56,-0.370779419182961
8,1.566,-0.37269510233359
8,1.572,-0.374629287946938
8,1.578,-0.376582583741664
8,1.584,-0.378555621591149
8,1.59,-0.380549058558951
8,1.596,-0.382563577988171
8,1.602,-0.384599890647797
8,1.608,-0.386658735939591
8,1.614,-0.388740883169082
8,1.62,-0.390847132884576
8,1.626,-0.392978318288416
8,1.632,-0.395135306724855
8,1.638,-0.397319001249439
8,1.644,-0.399530342284866
8,1.65,-0.40177030936891
8,1.656,-0.404039923000192
8,1.662,-0.406340246588132
8,1.668,-0.408672388513772
8,1.674,-0.411037504308718
8,1.68,-0.413436798959991
8,1.686,-0.415871529349038
8,1.692,-0.418343006833967
8,1.698,-0.420852599984529
8,1.704,-0.423401737480337
8,1.71,-0.425991911183316
8,1.716,-0.428624679396593
8,1.722,-0.431301670322605
8,1.728,-0.434024585734502
8,1.734,-0.436795204875916
8,1.74,-0.439615388605288
8,1.746,-0.44248708380247
8,1.752,-0.445412328056502
8,1.758,-0.448393254655193
8,1.764,-0.451432097898799
8,1.77,-0.454531198761835
8,1.776,-0.457693010929268
8,1.782,-0.460920107235426
8,1.788,-0.464215186536358
8,1.794,-0.4675810810492
8,1.8,-0.471020764194846
8,1.806,-0.474537358983477
8,1.812,-0.478134146986044
8,1.818,-0.48181457793863
8,1.824,-0.485582280030814
8,1.83,-0.489441070933891
8,1.836,-0.493394969629941
8,1.842,-0.497448209108296
8,1.848,-0.501605250002375
8,1.854,-0.505870795246652
8,1.86,-0.510249805841155
8,1.866,-0.514747517819438
8,1.872,-0.519369460525166
8,1.878,-0.524121476313052
8,1.884,-0.529009741801141
8,1.89,-0.534040790814456
8,1.896,-0.539221539174093
8,1.902,-0.544559311501734
8,1.908,-0.550061870227234
8,1.914,-0.555737447006472
8,1.92,-0.561594776778842
8,1.926,-0.567643134718084
8,1.932,-0.573892376357826
8,1.938,-0.580352981203911
8,1.944,-0.587036100180105
8,1.95,-0.593953607292653
8,1.956,-0.601118155942674
8,1.962,-0.608543240364489
8,1.968,-0.616243262723303
8,1.974,-0.624233606468105
8,1.98,-0.632530716606103
8,1.986,-0.641152187644837
8,1.992,-0.650116860038511
8,1.998,-0.659444926077461
8,2.004,-0.669158046276251
8,2.01,-0.679279477448088
8,2.016,-0.689834213804162
8,2.022,-0.700849142588368
8,2.028,-0.712353215954136
8,2.034,-0.724377641014822
8,2.04,-0.73695609025599
8,2.046,-0.750124934793077
8,2.052,-0.763923503296448
8,2.058,-0.778394369795701
8,2.064,-0.793583674023586
8,2.07,-0.809541478478134
8,2.076,-0.826322166979384
8,2.082,-0.84398489018969
8,2.088,-0.862594064368551
8,2.094,-0.882219930563956
8,2.1,-0.902939182524123
8,2.106,-0.924835672872935
8,2.112,-0.948001208560102
8,2.118,-0.972536448310342
8,2.124,-0.998551916798402
8,2.13,-1.02616915261996
8,2.136,-1.05552200987455
8,2.142,-1.08675813639779
8,2.148,-1.12004065546348
8,2.154,-1.15555008222266
8,2.16,-1.19348651137921
8,2.166,-1.23407211875997
8,2.172,-1.27755402669266
8,2.178,-1.32420759165062
8,2.184,-1.37434018269194
8,2.19,-1.42829553107646
8,2.196,-1.48645874539455
8,2.202,-1.54926210293425
8,2.208,-1.61719174723894
8,2.214,-1.69079544429183
8,2.22,-1.77069157595966
8,2.226,-1.85757957968809
8,2.232,-1.95225207837841
8,2.238,-2.05560898418319
8,2.244,-2.16867390468956
8,2.25,-2.29261322920333
8,2.256,-2.42875832537332
8,2.262,-2.57863132951632
8,2.268,-2.74397506248236
8,2.274,-2.92678763698442
8,2.28,-3.12936232414251
8,2.286,-3.35433318385799
8,2.292,-3.60472677513262
8,2.298,-3.88401983536357
8,2.304,-4.19620193613025
8,2.31,-4.54584036805619
8,2.316,-4.93814105137279
8,2.322,-5.37899245059862
8,2.328,-5.87496591061261
8,2.334,-6.4332185806406
8,2.34,-7.06118984969595
8,2.346,-7.7658699456994
8,2.352,-8.55219403622191
8,2.358,-9.41968418903531
8,2.364,-10.3557469546947
8,2.37,-11.3233515281228
8,2.376,-12.2423640701267
8,2.382,-12.9744835843491
8,2.388,-13.3462937166964
8,2.394,-13.242361289895
8,2.4,-12.6983759534679
8,2.406,-11.8699529604609
8,2.412,-10.9222772339449
8,2.418,-9.9675023522363
8,2.424,-9.06424301460371
8,2.43,-8.23679697210929
8,2.436,-7.49128715122374
8,2.442,-6.82522931891565
8,2.448,-6.23251205855607
8,2.454,-5.70583518465828
8,2.46,-5.2378521749086
8,2.466,-4.82167287837899
8,2.472,-4.45105532934739
8,2.478,-4.12044895753153
8,2.484,-3.82496916422729
8,2.49,-3.56034272191058
8,2.496,-3.32284340136117
8,2.502,-3.10922720940667
8,2.508,-2.91667156782328
8,2.514,-2.74272020467428
8,2.52,-2.58523423931536
8,2.526,-2.4423493069948
8,2.532,-2.3124382749092
8,2.538,-2.19407898601767
8,2.544,-2.08602644401431
8,2.55,-1.98718887664573
8,2.556,-1.89660716018257
8,2.562,-1.81343714183567
8,2.568,-1.73693445202593
8,2.574,-1.66644145092504
8,2.58,-1.60137600179642
8,2.586,-1.54122180669473
8,2.592,-1.48552007795123
8,2.598,-1.43386235183232
8,2.604,-1.38588427921811
8,2.61,-1.34126025258262
8,2.616,-1.29969874944812
8,2.622,-1.26093829029421
8,2.628,-1.22474392405014
8,2.634,-1.19090416716588
8,2.64,-1.15922833317708
8,2.646,-1.12954419894214
8,2.652,-1.10169596158701
8,2.658,-1.07554244685931
8,2.664,-1.05095553525174
8,2.67,-1.02781877706045
8,2.676,-1.00602617162942
8,2.682,-0.985481089507721
8,2.688,-0.966095319207519
8,2.694,-0.947788222775623
8,2.7,-0.930485986547279
8,2.706,-0.914120955294227
8,2.712,-0.898631039557252
8,2.718,-0.883959187306329
8,2.724,-0.87005291223329
8,2.73,-0.85686387198061
8,2.736,-0.84434749047021
8,2.742,-0.832462619237815
8,2.748,-0.821171233319083
8,2.754,-0.810438157788006
8,2.76,-0.800230821527847
8,2.766,-0.790519035231821
8,2.772,-0.78127479099215
8,2.778,-0.772472081151397
8,2.784,-0.764086734364182
8,2.79,-0.756096267057002
8,2.796,-0.748479748683202
8,2.802,-0.741217679353255
8,2.808,-0.734291878581245
8,2.814,-0.727685384029345
8,2.82,-0.721382359255873
8,2.826,-0.71536800958179
8,2.832,-0.709628505286377
8,2.838,-0.704150911427838
8,2.844,-0.698923123659427
8,2.85,-0.693933809478143
8,2.856,-0.689172354401712
8,2.862,-0.684628812621775
8,2.868,-0.680293861727656
8,2.874,-0.676158761136019
8,2.88,-0.67221531389877
8,2.886,-0.668455831593999
8,2.892,-0.664873102034264
8,2.898,-0.661460359552392
8,2.904,-0.658211257648618
8,2.91,-0.655119843803704
8,2.916,-0.65218053628155
8,2.922,-0.649388102761858
8,2.928,-0.646737640658392
8,2.934,-0.644224558992473
8,2.94,-0.641844561703416
8,2.946,-0.639593632289072
8,2.952,-0.637468019679716
8,2.958,-0.635464225257754
8,2.964,-0.633578990944163
8,2.97,-0.631809288280194
8,2.976,-0.630152308439832
8,2.982,-0.628605453115067
8,2.988,-0.627166326221677
8,2.994,-0.625832726378945
8,3,-0.624602640121448
8,3.006,-0.623474235806016
8,3.012,-0.622445858181077
8,3.018,-0.621516023589832
8,3.024,-0.620683415782538
8,3.03,-0.61994688231671
8,3.036,-0.619305431527745
8,3.042,-0.618758230055616
8,3.048,-0.618304600916651
8,3.054,-0.617944022112558
8,3.06,-0.617676125771945
8,3.066,-0.617500697822701
8,3.072,-0.617417678196733
8,3.078,-0.617427161571579
8,3.084,-0.617529398656747
8,3.09,-0.617724798035834
8,3.096,-0.618013928578793
8,3.102,-0.618397522442422
8,3.108,-0.618876478680752
8,3.114,-0.619451867491006
8,3.12,-0.620124935124849
8,3.126,-0.620897109499443
8,3.132,-0.621770006547298
8,3.138,-0.622745437349384
8,3.144,-0.623825416101507
8,3.15,-0.625012168970203
8,3.156,-0.626308143901129
8,3.162,-0.627716021450333
8,3.168,-0.629238726716999
8,3.174,-0.63087944246517
8,3.18,-0.63264162353201
8,3.186,-0.634529012631004
8,3.192,-0.636545657670964
8,3.198,-0.638695930725076
8,3.204,-0.640984548799445
8,3.21,-0.643416596567571
8,3.216,-0.645997551255927
8,3.222,-0.648733309886928
8,3.228,-0.651630219109501
8,3.234,-0.654695107873537
8,3.24,-0.657935323234909
8,3.246,-0.66135876961082
8,3.252,-0.664973951843425
8,3.258,-0.668790022472076
8,3.264,-0.672816833662946
8,3.27,-0.677064994299075
8,3.276,-0.681545932795731
8,3.282,-0.68627196627582
8,3.288,-0.691256376819581
8,3.294,-0.69651349559281
8,3.3,-0.702058795760727
8,3.306,-0.707908995211385
8,3.312,-0.71408217024584
8,3.318,-0.720597881544538
8,3.324,-0.727477313893509
8,3.33,-0.734743431352812
8,3.336,-0.742421149777891
8,3.342,-0.750537528866137
8,3.348,-0.759121986200694
8,3.354,-0.768206536108827
8,3.36,-0.777826056548241
8,3.366,-0.788018587690931
8,3.372,-0.798825666399312
8,3.378,-0.810292701394032
8,3.384,-0.822469394609545
8,3.39,-0.835410215036649
8,3.396,-0.849174932275689
8,3.402,-0.86382921808944
8,3.408,-0.879445325469765
8,3.414,-0.896102856140329
8,3.42,-0.913889629032072
8,3.426,-0.932902664115252
8,3.432,-0.953249298077051
8,3.438,-0.975048450721257
8,3.444,-0.998432063657679
8,3.45,-1.02354673585561
8,3.456,-1.05055558395516
8,3.462,-1.07964035883629
8,3.468,-1.11100385377121
8,3.474,-1.14487264340514
8,3.48,-1.18150019660376
8,3.486,-1.22117040951596
8,3.492,-1.26420160746498
8,3.498,-1.31095106463636
8,3.504,-1.36182008767382
8,3.51,-1.41725970128525
8,3.516,-1.47777695794317
8,3.522,-1.54394186557047
8,3.528,-1.61639488069684
8,3.534,-1.69585484129097
8,3.54,-1.78312710097007
8,3.546,-1.87911145713643
8,3.552,-1.98480921545014
8,3.558,-2.10132836839458
8,3.564,-2.22988534118951
8,3.57,-2.37180101422916
8,3.576,-2.52848769196192
8,3.582,-2.70142226415185
8,3.588,-2.89209890373802
8,3.594,-3.101952198472
8,3.6,-3.33223864606068
10,1.2,-0.241464798409799
10,1.206,-0.242699546398174
10,1.212,-0.243934185203903
10,1.218,-0.245168825427843
10,1.224,-0.246403579024571
10,1.23,-0.247638559423239
10,1.236,-0.248873881649582
10,1.242,-0.250109662449305
10,1.248,-0.251346020412946
10,1.254,-0.252583076102475
10,1.26,-0.25382095217973
10,1.266,-0.255059773536935
10,1.272,-0.256299667429457
10,1.278,-0.257540763610996
10,1.284,-0.25878319447141
10,1.29,-0.260027095177409
10,1.296,-0.261272603816276
10,1.302,-0.262519861542868
10,1.308,-0.263769012730147
10,1.314,-0.265020205123392
10,1.32,-0.266273589998463
10,1.326,-0.267529322324226
10,1.332,-0.268787560929536
10,1.338,-0.270048468674951
10,1.344,-0.271312212629529
10,1.35,-0.272578964252959
10,1.356,-0.273848899583396
10,1.362,-0.275122199431232
10,1.368,-0.276399049579272
10,1.374,-0.277679640989544
10,1.38,-0.278964170017191
10,1.386,-0.280252838631836
10,1.392,-0.2815458546468
10,1.398,-0.282843431956614
10,1.404,-0.284145790783291
10,1.41,-0.285453157931842
10,1.416,-0.28676576705549
10,1.422,-0.288083858931181
10,1.428,-0.289407681745873
10,1.434,-0.290737491394255
10,1.44,-0.292073551788473
10,1.446,-0.293416135180534
10,1.452,-0.294765522498031
10,1.458,-0.296122003694024
10,1.464,-0.297485878111691
10,1.47,-0.298857454864695
10,1.476,-0.300237053234056
10,1.482,-0.301625003082428
10,1.488,-0.303021645286792
10,1.494,-0.304427332190529
10,1.5,-0.305842428075989
10,1.506,-0.307267309658646
10,1.512,-0.308702366604137
10,1.518,-0.310148002069367
10,1.524,-0.311604633269105
10,1.53,-0.313072692069523
10,1.536,-0.31455262561016
10,1.542,-0.316044896956016
10,1.548,-0.317549985781454
10,1.554,-0.319068389087764
10,1.56,-0.320600621956429
10,1.566,-0.322147218340061
10,1.572,-0.323708731893339
10,1.578,-0.325285736846281
10,1.584,-0.326878828922397
10,1.59,-0.328488626304394
10,1.596,-0.330115770650393
10,1.602,-0.331760928163609
10,1.608,-0.333424790718937
10,1.614,-0.335108077049815
10,1.62,-0.336811533999246
10,1.626,-0.338535937838867
10,1.632,-0.340282095660522
10,1.638,-0.342050846844806
10,1.644,-0.34384306461158
10,1.65,-0.345659657657806
10,1.656,-0.347501571888222
10,1.662,-0.349369792245132
10,1.668,-0.351265344643712
10,1.674,-0.353189298019927
10,1.68,-0.355142766498598
10,1.686,-0.357126911689732
10,1.692,-0.359142945121876
10,1.698,-0.361192130821872
10,1.704,-0.363275788051214
10,1.71,-0.365395294209879
10,1.716,-0.367552087919449
10,1.722,-0.369747672298288
10,1.728,-0.371983618442429
10,1.734,-0.374261569127184
10,1.74,-0.376583242745351
10,1.746,-0.378950437499593
10,1.752,-0.381365035867685
10,1.758,-0.383829009361118
10,1.764,-0.386344423599128
10,1.77,-0.388913443722203
10,1.776,-0.391538340171124
10,1.782,-0.394221494859855
10,1.788,-0.396965407773132
10,1.794,-0.399772704022232
10,1.8,-0.402646141395496
10,1.806,-0.405588618443376
10,1.812,-0.408603183141406
10,1.818,-0.411693042178586
10,1.824,-0.414861570922858
10,1.83,-0.418112324120388
10,1.836,-0.421449047390603
10,1.842,-0.424875689584886
10,1.848,-0.42839641608333
10,1.854,-0.432015623111277
10,1.86,-0.435737953165279
10,1.866,-0.439568311647113
10,1.872,-0.443511884814373
10,1.878,-0.447574159167082
10,1.884,-0.45176094240209
10,1.89,-0.456078386080663
10,1.896,-0.460533010169803
10,1.902,-0.465131729634929
10,1.908,-0.469881883280487
10,1.914,-0.474791265056317
10,1.92,-0.479868158071444
10,1.926,-0.485121371583671
10,1.932,-0.490560281263381
10,1.938,-0.496194873063659
10,1.944,-0.502035791066945
10,1.95,-0.508094389721163
10,1.956,-0.514382790926764
10,1.962,-0.520913946490691
10,1.968,-0.527701706525241
10,1.974,-0.534760894439977
10,1.98,-0.542107389254356
10,1.986,-0.54975821604944
10,1.992,-0.557731645479941
10,1.998,-0.566047303385405
10,2.004,-0.574726291673491
10,2.01,-0.583791321801606
10,2.016,-0.593266862358866
10,2.022,-0.603179302451852
10,2.028,-0.613557132829149
10,2.034,-0.624431146946094
10,2.04,-0.635834664478346
10,2.046,-0.647803780147524
10,2.052,-0.660377641132527
10,2.058,-0.673598756815493
10,2.064,-0.687513345163335
10,2.07,-0.702171720687531
10,2.076,-0.717628729672658
10,2.082,-0.733944239237046
10,2.088,-0.751183687809522
10,2.094,-0.769418705802377
10,2.1,-0.788727816664465
10,2.106,-0.809197230149946
10,2.112,-0.830921741584328
10,2.118,-0.854005753207751
10,2.124,-0.878564436394915
10,2.13,-0.904725056775186
10,2.136,-0.932628488106565
10,2.142,-0.962430945316884
10,2.148,-0.994305972564099
10,2.154,-1.02844672866767
10,2.16,-1.06506862004798
10,2.166,-1.10441234065242
10,2.172,-1.1467473895799
10,2.178,-1.19237615064934
10,2.184,-1.24163863449633
10,2.19,-1.29491800354703
10,2.196,-1.3526470241757
10,2.202,-1.41531561945341
10,2.208,-1.48347973132132
10,2.214,-1.55777174424768
10,2.22,-1.63891277530734
10,2.226,-1.72772720049912
10,2.232,-1.82515986698593
10,2.238,-1.932296539675
10,2.244,-2.05038825323131
10,2.25,-2.18088039402114
10,2.256,-2.32544752986391
10,2.262,-2.48603525171574
10,2.268,-2.66491060887223
10,2.274,-2.86472313461492
10,2.28,-3.08857901173949
10,2.286,-3.34013167546405
10,2.292,-3.62369318113223
10,2.298,-3.94437210054356
10,2.304,-4.30824572315665
10,2.31,-4.72257712447907
10,2.316,-5.19609134914525
10,2.322,-5.73932922785468
10,2.328,-6.36510027684746
10,2.334,-7.08905050498682
10,2.34,-7.93032280965367
10,2.346,-8.91213942041888
10,2.352,-10.0616242776044
10,2.358,-11.4064668559012
10,2.364,-12.9603554851793
10,2.37,-14.6719984476917
10,2.376,-16.2828088018312
10,2.382,-17.1495861750744
10,2.388,-16.6810662354163
10,2.394,-15.2297378053539
10,2.4,-13.5213222134866
10,2.406,-11.9223505229763
10,2.412,-10.5267023766706
10,2.418,-9.33217400622826
10,2.424,-8.31279524139823
10,2.43,-7.44060639531071
10,2.436,-6.69111185937344
10,2.442,-6.04401965960763
10,2.448,-5.48276611740422
10,2.454,-4.99383827155525
10,2.46,-4.56616293183584
10,2.466,-4.19061245437365
10,2.472,-3.8596176942448
10,2.478,-3.56686669624432
10,2.484,-3.30706909413863
10,2.49,-3.07577036956416
10,2.496,-2.86920408425186
10,2.502,-2.68417330239496
10,2.508,-2.5179547000317
10,2.514,-2.36822049971456
10,2.52,-2.23297454935122
10,2.526,-2.11049972088334
10,2.532,-1.99931443475116
10,2.538,-1.89813658686888
10,2.544,-1.80585351180487
10,2.55,-1.72149689029042
10,2.556,-1.64422172271769
10,2.562,-1.57328865814917
10,2.568,-1.50804910144672
10,2.574,-1.44793262738744
10,2.58,-1.39243631596974
10,2.586,-1.34111569198055
10,2.592,-1.29357700770251
10,2.598,-1.24947065302763
10,2.604,-1.20848551427433
10,2.61,-1.17034413330511
10,2.616,-1.134798543401
10,2.622,-1.10162667879663
10,2.628,-1.07062927163888
10,2.634,-1.04162716406571
10,2.64,-1.01445897464393
10,2.646,-0.988979067987661
10,2.652,-0.965055784353102
10,2.658,-0.942569892655303
10,2.664,-0.921413235910308
10,2.67,-0.901487542761633
10,2.676,-0.882703382657436
10,2.682,-0.864979245532388
10,2.688,-0.848240729618937
10,2.694,-0.832419823354128
10,2.7,-0.817454269329429
10,2.706,-0.803286999912462
10,2.712,-0.789865635598183
10,2.718,-0.777142038364235
10,2.724,-0.765071913343782
10,2.73,-0.753614453017222
10,2.736,-0.742732018885034
10,2.742,-0.732389856237262
10,2.748,-0.722555838196517
10,2.754,-0.713200235695497
10,2.76,-0.70429551046762
10,2.766,-0.695816128490419
10,2.772,-0.687738391634221
10,2.778,-0.680040285540058
10,2.784,-0.672701341986586
10,2.79,-0.665702514211191
10,2.796,-0.659026063829644
10,2.802,-0.652655458154851
10,2.808,-0.646575276852392
10,2.814,-0.640771126990208
10,2.82,-0.635229565645117
10,2.826,-0.629938029321264
10,2.832,-0.62488476951711
10,2.838,-0.620058793849091
10,2.844,-0.615449812203646
10,2.85,-0.611048187445131
10,2.856,-0.606844890256765
10,2.862,-0.602831457735654
10,2.868,-0.59899995540195
10,2.874,-0.595342942316889
10,2.88,-0.591853439035224
10,2.886,-0.588524898145238
10,2.892,-0.585351177173829
10,2.898,-0.582326513656368
10,2.904,-0.579445502190453
10,2.91,-0.5767030733104
10,2.916,-0.574094474035096
10,2.922,-0.571615249956007
10,2.928,-0.569261228744934
10,2.934,-0.56702850497266
10,2.94,-0.564913426140094
10,2.946,-0.562912579832708
10,2.952,-0.561022781918008
10,2.958,-0.55924106571313
10,2.964,-0.557564672057008
10,2.97,-0.555991040227852
10,2.976,-0.554517799652666
10,2.982,-0.553142762360889
10,2.988,-0.551863916139267
10,2.994,-0.550679418349679
10,3,-0.549587590375851
10,3.006,-0.54858691266902
10,3.012,-0.547676020366116
10,3.018,-0.546853699457766
10,3.024,-0.546118883486692
10,3.03,-0.545470650760099
10,3.036,-0.544908222062906
10,3.042,-0.544430958861491
10,3.048,-0.544038361990563
10,3.054,-0.543730070818512
10,3.06,-0.543505862889472
10,3.066,-0.543365654043138
10,3.072,-0.543309499016073
10,3.078,-0.543337592531319
10,3.084,-0.543450270885929
10,3.09,-0.543648014049155
10,3.096,-0.543931448287188
10,3.102,-0.544301349333732
10,3.108,-0.544758646129259
10,3.114,-0.545304425155468
10,3.12,-0.545939935395624
10,3.126,-0.546666593955793
10,3.132,-0.547485992386577
10,3.138,-0.548399903750284
10,3.144,-0.549410290483773
10,3.15,-0.550519313113632
10,3.156,-0.55172933988675
10,3.162,-0.55304295738682
10,3.168,-0.55446298221566
10,3.174,-0.555992473826804
10,3.18,-0.557634748609242
10,3.186,-0.559393395329943
10,3.192,-0.561272292056368
10,3.198,-0.563275624693785
10,3.204,-0.56540790728764
10,3.21,-0.56767400425839
10,3.216,-0.570079154755548
10,3.222,-0.572628999339171
10,3.228,-0.575329609221475
10,3.234,-0.578187518328389
10,3.24,-0.581209758471826
10,3.246,-0.584403897958207
10,3.252,-0.58777808399789
10,3.258,-0.59134108932473
10,3.264,-0.595102363485378
10,3.27,-0.599072089314906
10,3.276,-0.603261245180535
10,3.282,-0.607681673648723
10,3.288,-0.612346157315548
10,3.294,-0.617268502635774
10,3.3,-0.622463632696199
10,3.306,-0.627947690004063
10,3.312,-0.633738150505219
10,3.318,-0.639853950211771
10,3.324,-0.646315626008286
10,3.33,-0.653145472423834
10,3.336,-0.660367716408206
10,3.342,-0.668008712440478
10,3.348,-0.676097160632563
10,3.354,-0.684664350877728
10,3.36,-0.693744436542163
10,3.366,-0.703374741717292
10,3.372,-0.713596106654208
10,3.378,-0.724453276702296
10,3.384,-0.735995340890004
10,3.39,-0.748276227235205
10,3.396,-0.761355262978909
10,3.402,-0.77529780922631
10,3.408,-0.790175980983343
10,3.414,-0.806069465332092
10,3.42,-0.823066452535083
10,3.426,-0.841264697244156
10,3.432,-0.860772729767191
10,3.438,-0.881711240575114
10,3.444,-0.904214664975219
10,3.45,-0.928432999203273
10,3.456,-0.954533884161534
10,3.462,-0.982704998712736
10,3.468,-1.01315681087332
10,3.474,-1.04612574243972
10,3.48,-1.08187781047662
10,3.486,-1.12071281753967
10,3.492,-1.16296917117847
10,3.498,-1.209029421588
10,3.504,-1.25932661326976
10,3.51,-1.31435155063014
10,3.516,-1.37466107605941
10,3.522,-1.44088744827394
10,3.528,-1.51374888255565
10,3.534,-1.59406126387705
10,3.54,-1.68275095508881
10,3.546,-1.78086847502185
10,3.552,-1.8896025854787
10,3.558,-2.0102939576828
10,3.564,-2.14444702407274
10,3.57,-2.29373776908732
10,3.576,-2.46001394423766
10,3.582,-2.64528233163894
10,3.588,-2.85167499281262
10,3.594,-3.08138263823963
10,3.6,-3.33653803218628
12,1.2,-0.22818131001923
12,1.206,-0.229190261922745
12,1.212,-0.230200471115756
12,1.218,-0.231212021781469
12,1.224,-0.232224999759302
12,1.23,-0.2332394926429
12,1.236,-0.234255589879806
12,1.242,-0.235273382872927
12,1.248,-0.236292965083928
12,1.254,-0.237314432138704
12,1.26,-0.2383378819351
12,1.266,-0.239363414753017
12,1.272,-0.24039113336709
12,1.278,-0.241421143162073
12,1.284,-0.242453552251142
12,1.29,-0.243488471597294
12,1.296,-0.244526015137993
12,1.302,-0.245566299913307
12,1.308,-0.246609446197723
12,1.314,-0.247655577635831
12,1.32,-0.248704821382141
12,1.326,-0.249757308245214
12,1.332,-0.250813172836411
12,1.338,-0.251872553723442
12,1.344,-0.252935593589044
12,1.35,-0.254002439395018
12,1.356,-0.255073242551941
12,1.362,-0.256148159094847
12,1.368,-0.257227349865193
12,1.374,-0.258310980699468
12,1.38,-0.259399222624748
12,1.386,-0.26049225206162
12,1.392,-0.261590251034835
12,1.398,-0.262693407392095
12,1.404,-0.263801915031425
12,1.41,-0.264915974137562
12,1.416,-0.266035791427846
12,1.422,-0.267161580408134
12,1.428,-0.268293561639223
12,1.434,-0.269431963014408
12,1.44,-0.2705770200487
12,1.446,-0.271728976180356
12,1.452,-0.272888083085428
12,1.458,-0.274054601005916
12,1.464,-0.275228799092402
12,1.47,-0.276410955761826
12,1.476,-0.277601359071304
12,1.482,-0.278800307108833
12,1.488,-0.280008108401836
12,1.494,-0.281225082344489
12,1.5,-0.282451559644911
12,1.506,-0.283687882793326
12,1.512,-0.284934406552309
12,1.518,-0.286191498470473
12,1.524,-0.287459539420813
12,1.53,-0.288738924165166
12,1.536,-0.290030061946299
12,1.542,-0.291333377109177
12,1.548,-0.292649309753134
12,1.554,-0.293978316416727
12,1.56,-0.295320870797226
12,1.566,-0.296677464506745
12,1.572,-0.298048607867265
12,1.578,-0.299434830746746
12,1.584,-0.300836683438995
12,1.59,-0.302254737589756
12,1.596,-0.303689587172005
12,1.602,-0.305141849513351
12,1.608,-0.306612166378887
12,1.614,-0.30810120511285
12,1.62,-0.309609659842886
12,1.626,-0.311138252750806
12,1.632,-0.31268773541413
12,1.638,-0.314258890222948
12,1.644,-0.315852531876991
12,1.65,-0.317469508968116
12,1.656,-0.319110705653902
12,1.662,-0.320777043428277
12,1.668,-0.322469482995819
12,1.674,-0.324189026256537
12,1.68,-0.325936718408801
12,1.686,-0.32771365017838
12,1.692,-0.329520960182387
12,1.698,-0.33135983743743
12,1.704,-0.333231524022183
12,1.71,-0.335137317905202
12,1.716,-0.337078575949868
12,1.722,-0.339056717109142
12,1.728,-0.341073225823932
12,1.734,-0.343129655639972
12,1.74,-0.345227633059367
12,1.746,-0.347368861644288
12,1.752,-0.349555126391729
12,1.758,-0.351788298399955
12,1.764,-0.354070339848948
12,1.77,-0.356403309319047
12,1.776,-0.358789367474277
12,1.782,-0.361230783138906
12,1.788,-0.363729939798635
12,1.794,-0.366289342560336
12,1.8,-0.368911625607549
12,1.806,-0.371599560192243
12,1.812,-0.374356063207098
12,1.818,-0.377184206386735
12,1.824,-0.380087226190811
12,1.83,-0.383068534427038
12,1.836,-0.386131729677604
12,1.842,-0.389280609598815
12,1.848,-0.392519184170465
12,1.854,-0.395851689979138
12,1.86,-0.399282605628017
12,1.866,-0.402816668375097
12,1.872,-0.406458892112253
12,1.878,-0.410214586809084
12,1.884,-0.414089379558505
12,1.89,-0.418089237375422
12,1.896,-0.422220491916128
12,1.902,-0.426489866303998
12,1.908,-0.430904504267424
12,1.914,-0.435472001818613
12,1.92,-0.440200441727502
12,1.926,-0.445098431073581
12,1.932,-0.450175142190979
12,1.938,-0.455440357358411
12,1.944,-0.460904517626924
12,1.95,-0.466578776224781
12,1.956,-0.472475057031569
12,1.962,-0.478606118673306
12,1.968,-0.484985624858148
12,1.974,-0.491628221649332
12,1.98,-0.498549622459772
12,1.986,-0.50576670165288
12,1.992,-0.513297597748343
12,1.998,-0.521161827362513
12,2.004,-0.529380411162799
12,2.01,-0.53797601328744
12,2.016,-0.54697309587972
12,2.022,-0.55639809061337
12,2.028,-0.566279589348398
12,2.034,-0.5766485563603
12,2.04,-0.587538564936715
12,2.046,-0.598986061543338
12,2.052,-0.611030661234403
12,2.058,-0.623715478534507
12,2.064,-0.637087498661821
12,2.07,-0.651197994714702
12,2.076,-0.666102997324459
12,2.082,-0.681863824310848
12,2.088,-0.698547679092733
12,2.094,-0.716228328039503
12,2.1,-0.734986868642049
12,2.106,-0.754912602386133
12,2.112,-0.776104028589441
12,2.118,-0.798669978291754
12,2.124,-0.822730910659153
12,2.13,-0.848420398391035
12,2.136,-0.87588683344324
12,2.142,-0.905295390171985
12,2.148,-0.93683028997374
12,2.154,-0.970697419905414
12,2.16,-1.00712736794067
12,2.166,-1.0463789498523
12,2.172,-1.0887433177066
12,2.178,-1.13454875823719
12,2.184,-1.18416631171423
12,2.19,-1.23801636932374
12,2.196,-1.29657644076492
12,2.202,-1.36039032533881
12,2.208,-1.43007897126138
12,2.214,-1.50635337188821
12,2.22,-1.59002992737226
12,2.226,-1.68204880044129
12,2.232,-1.78349592141763
12,2.238,-1.89562945836749
12,2.244,-2.01991177451369
12,2.25,-2.1580481625708
12,2.256,-2.31203399740547
12,2.262,-2.48421241861794
12,2.268,-2.67734529576698
12,2.274,-2.89470112367804
12,2.28,-3.14016477706438
12,2.286,-3.4183759431454
12,2.292,-3.73490592030769
12,2.298,-4.09648696041981
12,2.304,-4.51131556359568
12,2.31,-4.98946310592335
12,2.316,-5.5434475190428
12,2.322,-6.18905513393979
12,2.328,-6.94656473637093
12,2.334,-7.84263956245372
12,2.34,-8.91335794868847
12,2.346,-10.2092007253997
12,2.352,-11.803218961344
12,2.358,-13.8026115504876
12,2.364,-16.3486190984686
12,2.37,-19.4517908486726
12,2.376,-21.7725041664753
12,2.382,-20.3335847267677
12,2.388,-17.2110462227964
12,2.394,-14.511252205826
12,2.4,-12.3920261601664
12,2.406,-10.7139357552114
12,2.412,-9.35834705259823
12,2.418,-8.24379071070917
12,2.424,-7.31444560179013
12,2.43,-6.53086967734006
12,2.436,-5.86423960778236
12,2.442,-5.29285671965821
12,2.448,-4.79998057929766
12,2.454,-4.37243924277222
12,2.46,-3.9997047434277
12,2.466,-3.67325620555214
12,2.472,-3.3861269112295
12,2.478,-3.13257306916665
12,2.484,-2.90782575433833
12,2.49,-2.70790141450399
12,2.496,-2.52945473704872
12,2.502,-2.36966287467392
12,2.508,-2.22613334770023
12,2.514,-2.09683011886298
12,2.52,-1.98001380656372
12,2.526,-1.87419302170443
12,2.532,-1.77808453747809
12,2.538,-1.69058052767644
12,2.544,-1.61072149881039
12,2.55,-1.53767383479656
12,2.556,-1.47071109700943
12,2.562,-1.40919839553952
12,2.568,-1.35257928244295
12,2.574,-1.30036472385684
12,2.58,-1.25212379183342
12,2.586,-1.20747578361267
12,2.592,-1.16608352957017
12,2.598,-1.12764769410385
12,2.604,-1.09190190845921
12,2.61,-1.05860860264158
12,2.616,-1.02755542645415
12,2.622,-0.998552168377565
12,2.628,-0.971428096292143
12,2.634,-0.946029656593801
12,2.64,-0.922218478585842
12,2.646,-0.899869639560266
12,2.652,-0.878870153044741
12,2.658,-0.859117648554982
12,2.664,-0.840519216072453
12,2.67,-0.822990392539787
12,2.676,-0.806454271073289
12,2.682,-0.790840716449079
12,2.688,-0.776085672821379
12,2.694,-0.762130551655529
12,2.7,-0.748921689567908
12,2.706,-0.736409867212182
12,2.712,-0.724549881579365
12,2.718,-0.713300165123119
12,2.724,-0.702622446011837
12,2.73,-0.692481444568545
12,2.736,-0.682844601610268
12,2.742,-0.673681834955744
12,2.748,-0.664965320849607
12,2.754,-0.65666929746355
12,2.76,-0.648769887990584
12,2.766,-0.641244941155953
12,2.772,-0.634073887234389
12,2.778,-0.627237607894093
12,2.784,-0.620718318388438
12,2.79,-0.61449946079085
12,2.796,-0.608565607120452
12,2.802,-0.602902371339039
12,2.808,-0.597496329315959
12,2.814,-0.592334945959528
12,2.82,-0.587406508802808
12,2.826,-0.58270006741011
12,2.832,-0.578205378039819
12,2.838,-0.573912853059841
12,2.844,-0.569813514666076
12,2.85,-0.565898952501562
12,2.856,-0.56216128481626
12,2.862,-0.55859312284466
12,2.868,-0.555187538111697
12,2.874,-0.551938032406669
12,2.88,-0.548838510191454
12,2.886,-0.545883253232345
12,2.892,-0.543066897266107
12,2.898,-0.54038441052918
12,2.904,-0.537831073995961
12,2.91,-0.535402463186992
12,2.916,-0.533094431421292
12,2.922,-0.530903094399418
12,2.928,-0.52882481601441
12,2.934,-0.526856195298107
12,2.94,-0.524994054418678
12,2.946,-0.523235427653842
12,2.952,-0.521577551271108
12,2.958,-0.520017854253419
12,2.964,-0.518553949814313
12,2.97,-0.517183627652638
12,2.976,-0.515904846901567
12,2.982,-0.514715729731721
12,2.988,-0.513614555572256
12,2.994,-0.512599755917934
12,3,-0.511669909693907
12,3.006,-0.510823739153359
12,3.012,-0.510060106286594
12,3.018,-0.509378009723086
12,3.024,-0.508776582111136
12,3.03,-0.508255087962479
12,3.036,-0.507812921952065
12,3.042,-0.507449607665725
12,3.048,-0.50716479679134
12,3.054,-0.506958268751353
12,3.06,-0.506829930777419
12,3.066,-0.506779818430377
12,3.072,-0.506808096571507
12,3.078,-0.506915060793602
12,3.084,-0.50710113932346
12,3.09,-0.50736689541013
12,3.096,-0.507713030216308
12,3.102,-0.508140386233841
12,3.108,-0.508649951247329
12,3.114,-0.509242862873923
12,3.12,-0.509920413711149
12,3.126,-0.510684057129068
12,3.132,-0.511535413747687
12,3.138,-0.512476278645662
12,3.144,-0.513508629352003
12,3.15,-0.514634634678514
12,3.156,-0.515856664457551
12,3.162,-0.517177300257113
12,3.168,-0.518599347153567
12,3.174,-0.520125846651346
12,3.18,-0.521760090849325
12,3.186,-0.523505637964706
12,3.192,-0.525366329337988
12,3.198,-0.527346308056656
12,3.204,-0.529450039351065
12,3.21,-0.531682332933553
12,3.216,-0.534048367471856
12,3.222,-0.536553717410088
12,3.228,-0.539204382375777
12,3.234,-0.542006819439696
12,3.24,-0.544967978527326
12,3.246,-0.548095341316959
12,3.252,-0.551396964000426
12,3.258,-0.554881524328862
12,3.264,-0.558558373418811
12,3.27,-0.562437592853968
12,3.276,-0.566530057686204
12,3.282,-0.570847506017571
12,3.288,-0.575402615934049
12,3.294,-0.580209090663846
12,3.3,-0.585281752949665
12,3.306,-0.590636649758681
12,3.312,-0.596291168607713
12,3.318,-0.602264166958665
12,3.324,-0.608576116343591
12,3.33,-0.615249263114703
12,3.336,-0.622307807987932
12,3.342,-0.629778106864318
12,3.348,-0.63768889578071
12,3.354,-0.646071543267134
12,3.36,-0.654960333884133
12,3.366,-0.6643927872913
12,3.372,-0.674410017872666
12,3.378,-0.685057140733161
12,3.384,-0.696383730803131
12,3.39,-0.708444342869741
12,3.396,-0.721299101623536
12,3.402,-0.735014372300123
12,3.408,-0.749663524251455
12,3.414,-0.765327801846452
12,3.42,-0.782097319533941
12,3.426,-0.800072200768081
12,3.432,-0.819363883876321
12,3.438,-0.840096621932093
12,3.444,-0.862409208383583
12,3.45,-0.886456965702833
12,3.456,-0.912414040787579
12,3.462,-0.940476058411697
12,3.468,-0.970863192823698
12,3.474,-1.00382372777319
12,3.48,-1.03963818691039
12,3.486,-1.07862412969898
12,3.492,-1.12114172263382
12,3.498,-1.16760021137944
12,3.504,-1.21846543581053
12,3.51,-1.2742685456387
12,3.516,-1.33561608723877
12,3.522,-1.40320163889419
12,3.528,-1.47781916618507
12,3.534,-1.5603782424047
12,3.54,-1.6519212161712
12,3.546,-1.75364228715589
12,3.552,-1.86690823613393
12,3.558,-1.99328019384332
12,3.564,-2.13453524297524
12,3.57,-2.29268570598154
12,3.576,-2.46999249393813
12,3.582,-2.66896660526896
12,3.588,-2.89234936957855
12,3.594,-3.14305676705188
12,3.6,-3.42406535992015
14,1.2,-0.230570838992702
14,1.206,-0.231809565497513
14,1.212,-0.233048891338672
14,1.218,-0.234288912343459
14,1.224,-0.235529725879116
14,1.23,-0.236771430964851
14,1.236,-0.238014128385232
14,1.242,-0.239257920805151
14,1.248,-0.240502912886541
14,1.254,-0.241749211406955
14,1.26,-0.242996925380267
14,1.266,-0.244246166179581
14,1.272,-0.245497047662571
14,1.278,-0.246749686299449
14,1.284,-0.248004201303712
14,1.29,-0.24926071476591
14,1.296,-0.250519351790609
14,1.302,-0.251780240636763
14,1.308,-0.25304351286176
14,1.314,-0.254309303469282
14,1.32,-0.255577751061314
14,1.326,-0.256848997994485
14,1.332,-0.258123190541035
14,1.338,-0.259400479054644
14,1.344,-0.260681018141444
14,1.35,-0.261964966836474
14,1.356,-0.263252488785921
14,1.362,-0.264543752435412
14,1.368,-0.265838931224783
14,1.374,-0.267138203789577
14,1.38,-0.268441754169728
14,1.386,-0.269749772025782
14,1.392,-0.271062452863051
14,1.398,-0.272379998264173
14,1.404,-0.273702616130495
14,1.41,-0.275030520932766
14,1.416,-0.276363933971674
14,1.422,-0.277703083648677
14,1.428,-0.279048205747797
14,1.434,-0.280399543728855
14,1.44,-0.281757349032862
14,1.446,-0.28312188140014
14,1.452,-0.284493409201946
14,1.458,-0.285872209786269
14,1.464,-0.287258569838591
14,1.47,-0.288652785758477
14,1.476,-0.290055164052755
14,1.482,-0.29146602174636
14,1.488,-0.292885686811657
14,1.494,-0.294314498617366
14,1.5,-0.295752808398191
14,1.506,-0.297200979746241
14,1.512,-0.298659389125548
14,1.518,-0.300128426410944
14,1.524,-0.301608495452714
14,1.53,-0.30310001466847
14,1.536,-0.304603417663865
14,1.542,-0.306119153883745
14,1.548,-0.307647689295598
14,1.554,-0.309189507107108
14,1.56,-0.310745108519912
14,1.566,-0.312315013521627
14,1.572,-0.313899761718509
14,1.578,-0.31549991321113
14,1.584,-0.317116049515701
14,1.59,-0.318748774533845
14,1.596,-0.320398715573747
14,1.602,-0.322066524425888
14,1.608,-0.323752878496775
14,1.614,-0.325458482004244
14,1.62,-0.327184067238303
14,1.626,-0.328930395891595
14,1.632,-0.330698260464039
14,1.638,-0.332488485746355
14,1.644,-0.334301930387629
14,1.65,-0.336139488552475
14,1.656,-0.338002091673631
14,1.662,-0.3398907103064
14,1.668,-0.341806356091747
14,1.674,-0.343750083835421
14,1.68,-0.34572299371097
14,1.686,-0.347726233595227
14,1.692,-0.349761001545388
14,1.698,-0.351828548427612
14,1.704,-0.353930180707822
14,1.71,-0.356067263416208
14,1.716,-0.358241223297912
14,1.722,-0.360453552163329
14,1.728,-0.362705810452602
14,1.734,-0.364999631030061
14,1.74,-0.367336723225665
14,1.746,-0.369718877141948
14,1.752,-0.372147968246544
14,1.758,-0.374625962272039
14,1.764,-0.377154920446853
14,1.77,-0.379737005082773
14,1.776,-0.382374485547213
14,1.782,-0.385069744650554
14,1.788,-0.387825285481771
14,1.794,-0.390643738728513
14,1.8,-0.393527870521093
14,1.806,-0.396480590843465
14,1.812,-0.399504962558317
14,1.818,-0.402604211097805
14,1.824,-0.405781734876315
14,1.83,-0.409041116487109
14,1.836,-0.412386134750655
14,1.842,-0.415820777689039
14,1.848,-0.419349256508352
14,1.854,-0.42297602067888
14,1.86,-0.42670577421228
14,1.866,-0.430543493244783
14,1.872,-0.434494445046893
14,1.878,-0.438564208592521
14,1.884,-0.44275869683447
14,1.89,-0.447084180849008
14,1.896,-0.451547316029528
14,1.902,-0.456155170529253
14,1.908,-0.460915256174617
14,1.914,-0.465835562096011
14,1.92,-0.470924591350132
14,1.926,-0.476191400839675
14,1.932,-0.481645644871298
14,1.938,-0.487297622732683
14,1.944,-0.493158330714602
14,1.95,-0.499239519054836
14,1.956,-0.505553754338687
14,1.962,-0.512114487956411
14,1.968,-0.518936131292568
14,1.974,-0.526034138407285
14,1.98,-0.533425097066296
14,1.986,-0.541126829087431
14,1.992,-0.549158501097776
14,1.998,-0.557540746941006
14,2.004,-0.566295803140877
14,2.01,-0.575447659018576
14,2.016,-0.585022223282215
14,2.022,-0.595047509161384
14,2.028,-0.605553840454162
14,2.034,-0.61657408119469
14,2.04,-0.628143892045164
14,2.046,-0.640302016975842
14,2.052,-0.65309060433248
14,2.058,-0.666555567015712
14,2.064,-0.680746987228384
14,2.07,-0.69571957210391
14,2.076,-0.711533167535477
14,2.082,-0.728253338711161
14,2.088,-0.745952027257997
14,2.094,-0.764708296551412
14,2.1,-0.784609178705542
14,2.106,-0.805750639087588
14,2.112,-0.828238676970949
14,2.118,-0.852190584250315
14,2.124,-0.877736388101196
14,2.13,-0.905020508216201
14,2.136,-0.934203664963978
14,2.142,-0.965465081707021
14,2.148,-0.999005032846914
14,2.154,-1.03504779926955
14,2.16,-1.07384510514934
14,2.166,-1.11568012505578
14,2.172,-1.16087216863518
14,2.178,-1.20978217263087
14,2.184,-1.26281915769277
14,2.19,-1.32044784162797
14,2.196,-1.38319764314833
14,2.202,-1.45167336295345
14,2.208,-1.52656789497961
14,2.214,-1.60867740355874
14,2.22,-1.69891950699612
14,2.226,-1.79835514132332
14,2.232,-1.90821494878563
14,2.238,-2.02993125662904
14,2.244,-2.16517700098292
14,2.25,-2.31591333440657
14,2.256,-2.48444817342983
14,2.262,-2.67350865495713
14,2.268,-2.88633147403357
14,2.274,-3.12677652703229
14,2.28,-3.39947144614626
14,2.286,-3.70999793344366
14,2.292,-4.06513607879906
14,2.298,-4.47319151040956
14,2.304,-4.94444495070204
14,2.31,-5.49178967539837
14,2.316,-6.13166978865864
14,2.322,-6.88552272164734
14,2.328,-7.78211090126078
14,2.334,-8.86151426816975
14,2.34,-10.1824418733675
14,2.346,-11.8367416709294
14,2.352,-13.9811422277376
14,2.358,-16.9146639269106
14,2.364,-21.2651337251635
14,2.37,-27.1016649081782
14,2.376,-23.9490252758409
14,2.382,-18.6678817914485
14,2.388,-15.2059404364622
14,2.394,-12.7607162717894
14,2.4,-10.9153034482274
14,2.406,-9.46272092147212
14,2.412,-8.28732278696234
14,2.418,-7.31784853188033
14,2.424,-6.50699478667972
14,2.43,-5.82154060719457
14,2.436,-5.23713578381112
14,2.442,-4.73534274875399
14,2.448,-4.30185095861756
14,2.454,-3.92534018832033
14,2.46,-3.59672275634905
14,2.466,-3.30861788982519
14,2.472,-3.05497462742373
14,2.478,-2.8307935948533
14,2.484,-2.6319169619378
14,2.49,-2.45486689627752
14,2.496,-2.29671943876423
14,2.502,-2.1550048328331
14,2.508,-2.0276279758114
14,2.514,-1.91280440775067
14,2.52,-1.80900844572623
14,2.526,-1.71493090815865
14,2.532,-1.62944447490717
14,2.538,-1.55157517007798
14,2.544,-1.48047878407727
14,2.55,-1.41542130134595
14,2.556,-1.35576259206416
14,2.562,-1.30094277491744
14,2.568,-1.25047077442729
14,2.574,-1.20391468807934
14,2.58,-1.1608936512153
14,2.586,-1.12107094563574
14,2.592,-1.08414814430261
14,2.598,-1.04986012189125
14,2.604,-1.01797079111386
14,2.61,-0.988269449194717
14,2.616,-0.960567638770349
14,2.622,-0.934696443722045
14,2.628,-0.91050415373721
14,2.634,-0.887854242307811
14,2.64,-0.86662361185977
14,2.646,-0.846701067127969
14,2.652,-0.82798598403698
14,2.658,-0.810387146450702
14,2.664,-0.793821727402892
14,2.67,-0.778214394967335
14,2.676,-0.763496525894411
14,2.682,-0.749605512631253
14,2.688,-0.736484151436776
14,2.694,-0.724080101068629
14,2.7,-0.712345403010867
14,2.706,-0.701236055474971
14,2.712,-0.69071163447934
14,2.718,-0.680734956225008
14,2.724,-0.671271775763414
14,2.73,-0.662290517616776
14,2.736,-0.653762034580789
14,2.742,-0.645659391427761
14,2.748,-0.637957670647963
14,2.754,-0.630633797728644
14,2.76,-0.623666383782068
14,2.766,-0.617035583603855
14,2.772,-0.610722967476481
14,2.778,-0.604711405235597
14,2.784,-0.598984961293159
14,2.79,-0.593528799464805
14,2.796,-0.588329096582812
14,2.802,-0.583372963993085
14,2.808,-0.578648376136749
14,2.814,-0.574144105507031
14,2.82,-0.569849663350615
14,2.826,-0.565755245552048
14,2.832,-0.561851683200898
14,2.838,-0.558130397394997
14,2.844,-0.554583357880786
14,2.85,-0.551203045173785
14,2.856,-0.547982415839437
14,2.862,-0.544914870647672
14,2.868,-0.54199422534384
14,2.874,-0.539214683804847
14,2.88,-0.536570813372525
14,2.886,-0.534057522177116
14,2.892,-0.53167003828215
14,2.898,-0.529403890498808
14,2.904,-0.527254890732482
14,2.91,-0.525219117737823
14,2.916,-0.523292902170353
14,2.922,-0.521472812833649
14,2.928,-0.519755644030809
14,2.934,-0.518138403937642
14,2.94,-0.51661830392303
14,2.946,-0.515192748749171
14,2.952,-0.513859327590819
14,2.958,-0.512615805818741
14,2.964,-0.511460117498055
14,2.97,-0.510390358556954
14,2.976,-0.509404780586131
14,2.982,-0.508501785233249
14,2.988,-0.507679919160795
14,2.994,-0.506937869539323
14,3,-0.50627446005136
14,3.006,-0.50568864738457
14,3.012,-0.505179518195645
14,3.018,-0.504746286529313
14,3.024,-0.504388291679591
14,3.03,-0.504104996482941
14,3.036,-0.503895986035602
14,3.042,-0.50376096682987
14,3.048,-0.5036997663065
14,3.054,-0.503712332822838
14,3.06,-0.503798736038852
14,3.066,-0.503959167725538
14,3.072,-0.504193943002899
14,3.078,-0.504503502017166
14,3.084,-0.504888412069715
14,3.09,-0.505349370212957
14,3.096,-0.505887206331497
14,3.102,-0.506502886729966
14,3.108,-0.507197518252452
14,3.114,-0.507972352961896
14,3.12,-0.508828793412024
14,3.126,-0.509768398548313
14,3.132,-0.510792890279479
14,3.138,-0.511904160765699
14,3.144,-0.513104280475604
14,3.15,-0.514395507069998
14,3.156,-0.515780295177062
14,3.162,-0.517261307131227
14,3.168,-0.518841424756133
14,3.174,-0.520523762281209
14,3.18,-0.522311680491569
14,3.186,-0.524208802222308
14,3.192,-0.526219029320888
14,3.198,-0.528346561215384
14,3.204,-0.530595915242395
14,3.21,-0.53297194890597
14,3.216,-0.535479884259025
14,3.222,-0.538125334621115
14,3.228,-0.540914333871949
14,3.234,-0.543853368588268
14,3.24,-0.546949413324429
14,3.246,-0.550209969373256
14,3.252,-0.553643107385587
14,3.258,-0.557257514273607
14,3.264,-0.561062544876932
14,3.27,-0.565068278931205
14,3.276,-0.569285583948577
14,3.282,-0.57372618469877
14,3.288,-0.578402740070383
14,3.294,-0.583328928196046
14,3.3,-0.588519540844649
14,3.306,-0.593990588220943
14,3.312,-0.599759415470974
14,3.318,-0.605844832374113
14,3.324,-0.612267257912695
14,3.33,-0.619048881653961
14,3.336,-0.626213844161245
14,3.342,-0.633788438978584
14,3.348,-0.641801339114232
14,3.354,-0.650283851391899
14,3.36,-0.659270202556246
14,3.366,-0.668797861624137
14,3.372,-0.6789079036814
14,3.378,-0.689645421155346
14,3.384,-0.701059989568818
14,3.39,-0.713206195929354
14,3.396,-0.726144239259519
14,3.402,-0.739940614370324
14,3.408,-0.754668891866095
14,3.414,-0.770410609600788
14,3.42,-0.787256293450129
14,3.426,-0.805306628399452
14,3.432,-0.824673804668297
14,3.438,-0.845483068011649
14,3.444,-0.867874508584265
14,3.45,-0.892005128984131
14,3.456,-0.918051239479606
14,3.462,-0.946211237174956
14,3.468,-0.976708836205266
14,3.474,-1.00979682821568
14,3.48,-1.04576146661648
14,3.486,-1.08492758464012
14,3.492,-1.12766457621767
14,3.498,-1.17439339016273
14,3.504,-1.22559471186051
14,3.51,-1.28181853190789
14,3.516,-1.34369532646164
14,3.522,-1.41194909666547
14,3.528,-1.4874125296083
14,3.534,-1.5710445426612
14,3.54,-1.66395044333445
14,3.546,-1.7674048562921
14,3.552,-1.8828774031951
14,3.558,-2.01206081471453
14,3.564,-2.15690062098663
14,3.57,-2.31962467176445
14,3.576,-2.50276926983901
14,3.582,-2.70919633404923
14,3.588,-2.9420922374451
14,3.594,-3.20493302379595
14,3.6,-3.50139144689796
16,1.2,-0.227406863468753
16,1.206,-0.228694372295279
16,1.212,-0.229983311459862
16,1.218,-0.231273767305844
16,1.224,-0.232565827962485
16,1.23,-0.233859583452184
16,1.236,-0.2351551257994
16,1.242,-0.236452549141412
16,1.248,-0.23775194984108
16,1.254,-0.239053426601761
16,1.26,-0.240357080584555
16,1.266,-0.241663015528052
16,1.272,-0.242971337870743
16,1.278,-0.244282156876299
16,1.284,-0.245595584761896
16,1.29,-0.24691173682976
16,1.296,-0.248230731602185
16,1.302,-0.249552690960192
16,1.308,-0.250877740286057
16,1.314,-0.252206008609955
16,1.32,-0.253537628760948
16,1.326,-0.254872737522543
16,1.332,-0.256211475793125
16,1.338,-0.257553988751487
16,1.344,-0.258900426027793
16,1.35,-0.260250941880217
16,1.356,-0.261605695377599
16,1.362,-0.262964850588453
16,1.368,-0.26432857677664
16,1.374,-0.265697048604084
16,1.38,-0.267070446340912
16,1.386,-0.268448956083394
16,1.392,-0.269832769980105
16,1.398,-0.271222086466781
16,1.404,-0.272617110510265
16,1.41,-0.274018053862097
16,1.416,-0.27542513532221
16,1.422,-0.276838581013295
16,1.428,-0.278258624666404
16,1.434,-0.279685507918376
16,1.44,-0.281119480621747
16,1.446,-0.282560801167791
16,1.452,-0.28400973682339
16,1.458,-0.285466564082551
16,1.464,-0.286931569033247
16,1.47,-0.288405047740546
16,1.476,-0.289887306646796
16,1.482,-0.291378662989924
16,1.488,-0.292879445240744
16,1.494,-0.29438999356039
16,1.5,-0.295910660278984
16,1.506,-0.29744181039673
16,1.512,-0.298983822108658
16,1.518,-0.300537087354425
16,1.524,-0.30210201239456
16,1.53,-0.303679018414669
16,1.536,-0.3052685421592
16,1.542,-0.306871036596535
16,1.548,-0.308486971617172
16,1.554,-0.31011683476697
16,1.56,-0.311761132017533
16,1.566,-0.313420388575937
16,1.572,-0.315095149736128
16,1.578,-0.316785981774571
16,1.584,-0.318493472892732
16,1.59,-0.320218234209369
16,1.596,-0.321960900805595
16,1.602,-0.323722132826061
16,1.608,-0.325502616639704
16,1.614,-0.327303066063835
16,1.62,-0.329124223655596
16,1.626,-0.330966862075
16,1.632,-0.332831785524295
16,1.638,-0.334719831268443
16,1.644,-0.33663187124214
16,1.65,-0.338568813748957
16,1.656,-0.340531605258823
16,1.662,-0.342521232310311
16,1.668,-0.344538723524876
16,1.674,-0.346585151740586
16,1.68,-0.348661636273566
16,1.686,-0.35076934531595
16,1.692,-0.352909498479867
16,1.698,-0.355083369497665
16,1.704,-0.357292289089484
16,1.71,-0.359537648010116
16,1.716,-0.361820900288012
16,1.722,-0.364143566670482
16,1.728,-0.366507238290124
16,1.734,-0.368913580568883
16,1.74,-0.371364337377432
16,1.746,-0.373861335469155
16,1.752,-0.376406489209507
16,1.758,-0.37900180562347
16,1.764,-0.381649389785697
16,1.77,-0.384351450580103
16,1.776,-0.387110306858026
16,1.782,-0.389928394026715
16,1.788,-0.392808271102736
16,1.794,-0.395752628267962
16,1.8,-0.398764294969427
16,1.806,-0.40184624860802
16,1.812,-0.405001623865228
16,1.818,-0.408233722721856
16,1.824,-0.411546025227736
16,1.83,-0.414942201087126
16,1.836,-0.41842612213094
16,1.842,-0.422001875753735
16,1.848,-0.425673779401341
16,1.854,-0.429446396203591
16,1.86,-0.433324551856164
16,1.866,-0.437313352866347
16,1.872,-0.441418206289371
16,1.878,-0.445644841095339
16,1.884,-0.449999331321583
16,1.89,-0.454488121182052
16,1.896,-0.459118052323797
16,1.902,-0.463896393441646
16,1.908,-0.468830872485654
16,1.914,-0.473929711722159
16,1.92,-0.479201665939156
16,1.926,-0.484656064120012
16,1.932,-0.490302854947467
16,1.938,-0.496152656542502
16,1.944,-0.502216810890995
16,1.95,-0.508507443465913
16,1.956,-0.515037528614884
16,1.962,-0.52182096135383
16,1.968,-0.528872636287609
16,1.974,-0.536208534470598
16,1.98,-0.543845819124747
16,1.986,-0.551802941252634
16,1.992,-0.560099756320329
16,1.998,-0.568757653342517
16,2.004,-0.577799697883558
16,2.01,-0.587250790696863
16,2.016,-0.59713784396574
16,2.022,-0.607489977387245
16,2.028,-0.618338736662796
16,2.034,-0.629718337333439
16,2.04,-0.641665937332147
16,2.046,-0.654221942132189
16,2.052,-0.667430346961508
16,2.058,-0.681339121244428
16,2.064,-0.696000641242359
16,2.07,-0.71147217781704
16,2.076,-0.727816447360388
16,2.082,-0.745102235257332
16,2.088,-0.763405102811661
16,2.094,-0.782808190418658
16,2.1,-0.80340313197096
16,2.106,-0.82529109810806
16,2.112,-0.848583989053218
16,2.118,-0.873405801532955
16,2.124,-0.899894198777625
16,2.13,-0.928202318021052
16,2.136,-0.958500856458345
16,2.142,-0.990980484536457
16,2.148,-1.02585464505922
16,2.154,-1.06336280828209
16,2.16,-1.10377426744813
16,2.166,-1.14739257670061
16,2.172,-1.19456075478784
16,2.178,-1.24566740445547
16,2.184,-1.30115393017945
16,2.19,-1.36152307756888
16,2.196,-1.42734906848189
16,2.202,-1.49928966940418
16,2.208,-1.57810061055644
16,2.214,-1.66465287432053
16,2.22,-1.75995350034894
16,2.226,-1.86517071993456
16,2.232,-1.98166444606138
16,2.238,-2.1110234253062
16,2.244,-2.2551107284615
16,2.25,-2.41611975564988
16,2.256,-2.59664361574529
16,2.262,-2.79976169865157
16,2.268,-3.02914863731944
16,2.274,-3.2892128955341
16,2.28,-3.58527533040156
16,2.286,-3.92380299188404
16,2.292,-4.31272145196477
16,2.298,-4.76184256144963
16,2.304,-5.2834684668471
16,2.31,-5.89327656023683
16,2.316,-6.61167405908685
16,2.322,-7.46598076593557
16,2.328,-8.49416508892728
16,2.334,-9.7517175268956
16,2.34,-11.3254880602094
16,2.346,-13.3650740523251
16,2.352,-16.167331008282
16,2.358,-20.4760499826246
16,2.364,-29.2579433645599
16,2.37,-29.095825396083
16,2.376,-20.4119795489656
16,2.382,-16.1289071933985
16,2.388,-13.3382244776517
16,2.394,-11.3053677362394
16,2.4,-9.73612714791047
16,2.406,-8.48194189605013
16,2.412,-7.45644897254673
16,2.418,-6.60441496326704
16,2.424,-5.88801832558327
16,2.43,-5.28002791538591
16,2.436,-4.76009220824229
16,2.442,-4.31256986126086
16,2.448,-3.92518262963672
16,2.454,-3.58813484556839
16,2.46,-3.29351211502898
16,2.466,-3.03485526926347
16,2.472,-2.8068491327305
16,2.478,-2.60508943870732
16,2.484,-2.42590473826207
16,2.49,-2.26621812606745
16,2.496,-2.12343848855248
16,2.502,-1.99537407343495
16,2.508,-1.88016320663206
16,2.514,-1.77621835305741
16,2.52,-1.68218067146976
16,2.526,-1.59688289425259
16,2.532,-1.51931885970421
16,2.538,-1.44861839365558
16,2.544,-1.38402651600683
16,2.55,-1.32488616096356
16,2.556,-1.27062376452738
16,2.562,-1.22073720127407
16,2.568,-1.17478565337708
16,2.574,-1.13238107461567
16,2.58,-1.09318097552262
16,2.586,-1.05688230647809
16,2.592,-1.02321625619096
16,2.598,-0.991943815737799
16,2.604,-0.962851984790502
16,2.61,-0.935750518130398
16,2.616,-0.910469128021602
16,2.622,-0.886855072286516
16,2.628,-0.864771069615742
16,2.634,-0.84409349324879
16,2.64,-0.824710802075575
16,2.646,-0.80652217474806
16,2.652,-0.789436317810235
16,2.658,-0.773370423356859
16,2.664,-0.758249255482322
16,2.67,-0.744004347913921
16,2.676,-0.730573297847307
16,2.682,-0.717899143204372
16,2.688,-0.705929812387121
16,2.694,-0.694617637164708
16,2.7,-0.683918920652688
16,2.706,-0.67379355346399
16,2.712,-0.664204672062837
16,2.718,-0.655118354162905
16,2.724,-0.646503346702278
16,2.73,-0.638330822518705
16,2.736,-0.630574162354797
16,2.742,-0.623208759257636
16,2.748,-0.616211842810912
16,2.754,-0.60956232096012
16,2.76,-0.603240637469409
16,2.766,-0.597228643289583
16,2.772,-0.591509480325225
16,2.778,-0.586067476270188
16,2.784,-0.580888049338254
16,2.79,-0.575957621853032
16,2.796,-0.571263541781062
16,2.802,-0.566794011396792
16,2.808,-0.562538022359904
16,2.814,-0.55848529656594
16,2.82,-0.554626232201759
16,2.826,-0.550951854499724
16,2.832,-0.547453770739176
16,2.838,-0.544124129092154
16,2.844,-0.540955580953145
16,2.85,-0.537941246430304
16,2.856,-0.535074682709339
16,2.862,-0.532349855030791
16,2.868,-0.529761110048069
16,2.874,-0.527303151357071
16,2.88,-0.524971017009156
16,2.886,-0.52276005883819
16,2.892,-0.520665923448789
16,2.898,-0.518684534728249
16,2.904,-0.516812077757831
16,2.91,-0.515044984011246
16,2.916,-0.513379917739043
16,2.922,-0.511813763447412
16,2.928,-0.510343614388611
16,2.934,-0.508966761988344
16,2.94,-0.507680686142611
16,2.946,-0.506483046323037
16,2.952,-0.505371673435714
16,2.958,-0.504344562384055
16,2.964,-0.50339986529101
16,2.97,-0.502535885340752
16,2.976,-0.501751071203876
16,2.982,-0.501044012014307
16,2.988,-0.50041343286948
16,2.994,-0.499858190828764
16,3,-0.49937727138836
16,3.006,-0.498969785413579
16,3.012,-0.498634966512455
16,3.018,-0.498372168837133
16,3.024,-0.498180865302067
16,3.03,-0.498060646210535
16,3.036,-0.498011218283365
16,3.042,-0.498032404086037
16,3.048,-0.498124141852865
16,3.054,-0.498286485708963
16,3.06,-0.498519606293421
16,3.066,-0.498823791789203
16,3.072,-0.499199449367845
16,3.078,-0.49964710705963
16,3.084,-0.50016741606239
16,3.09,-0.500761153505078
16,3.096,-0.501429225684896
16,3.102,-0.502172671800209
16,3.108,-0.502992668204557
16,3.114,-0.503890533210758
16,3.12,-0.504867732478065
16,3.126,-0.505925885019356
16,3.132,-0.507066769870162
16,3.138,-0.508292333466187
16,3.144,-0.509604697781576
16,3.15,-0.511006169286204
16,3.156,-0.512499248787124
16,3.162,-0.514086642226452
16,3.168,-0.515771272516366
16,3.174,-0.517556292501144
16,3.18,-0.519445099145951
16,3.186,-0.521441349063849
16,3.192,-0.523548975504906
16,3.198,-0.525772206945446
16,3.204,-0.528115587431634
16,3.21,-0.530583998849019
16,3.216,-0.53318268531006
16,3.222,-0.535917279874053
16,3.228,-0.538793833839394
16,3.234,-0.541818848876768
16,3.24,-0.544999312304651
16,3.246,-0.548342735844941
16,3.252,-0.551857198238699
16,3.258,-0.55555139214931
16,3.264,-0.559434675834283
16,3.27,-0.563517130128772
16,3.276,-0.567809621353973
16,3.282,-0.572323870843836
16,3.288,-0.577072531875773
16,3.294,-0.582069274896354
16,3.3,-0.587328882054098
16,3.306,-0.592867352191177
16,3.312,-0.598702017606228
16,3.318,-0.604851674086184
16,3.324,-0.611336725919541
16,3.33,-0.618179347851935
16,3.336,-0.625403666233422
16,3.342,-0.63303596194217
16,3.348,-0.641104898059669
16,3.354,-0.649641775728367
16,3.36,-0.658680822155249
16,3.366,-0.668259515348376
16,3.372,-0.678418950905335
16,3.378,-0.689204257032417
16,3.384,-0.700665064985983
16,3.39,-0.712856043321791
16,3.396,-0.725837505749694
16,3.402,-0.739676104061615
16,3.408,-0.7544456195818
16,3.414,-0.770227868940814
16,3.42,-0.787113742772819
16,3.426,-0.805204399268028
16,3.432,-0.824612638486054
16,3.438,-0.845464488078795
16,3.444,-0.867901036737273
16,3.45,-0.892080558447207
16,3.456,-0.918180978728555
16,3.462,-0.946402743696901
16,3.468,-0.976972164309844
16,3.474,-1.01014532187987
16,3.48,-1.04621263720793
16,3.486,-1.08550422489938
16,3.492,-1.12839617693244
16,3.498,-1.17531794565349
16,3.504,-1.22676102619664
16,3.51,-1.28328917164344
16,3.516,-1.34555041020073
16,3.522,-1.41429117032817
16,3.528,-1.49037285328759
16,3.534,-1.57479121613737
16,3.54,-1.66869892986758
16,3.546,-1.77343163716161
16,3.552,-1.89053771912558
16,3.558,-2.02181173628654
16,3.564,-2.16933104882309
16,3.57,-2.33549430348029
16,3.576,-2.52305907346026
16,3.582,-2.73517358910097
16,3.588,-2.97539361779275
16,3.594,-3.24766920703901
16,3.6,-3.55627571072427
18,1.2,-0.222244954491288
18,1.206,-0.223550115428314
18,1.212,-0.224857470163107
18,1.218,-0.226167096824297
18,1.224,-0.22747907555042
18,1.23,-0.22879348859247
18,1.236,-0.230110420418369
18,1.242,-0.231429957819568
18,1.248,-0.232752190019881
18,1.254,-0.234077208786763
18,1.26,-0.235405108545152
18,1.266,-0.236735986494057
18,1.272,-0.238069942726066
18,1.278,-0.239407080349958
18,1.284,-0.240747505616592
18,1.29,-0.242091328048302
18,1.296,-0.243438660571935
18,1.302,-0.244789619655829
18,1.308,-0.246144325450873
18,1.314,-0.247502901935912
18,1.32,-0.248865477067769
18,1.326,-0.250232182936044
18,1.332,-0.251603155923062
18,1.338,-0.252978536869148
18,1.344,-0.254358471243587
18,1.35,-0.255743109321517
18,1.356,-0.257132606367108
18,1.362,-0.258527122823334
18,1.368,-0.259926824508702
18,1.374,-0.261331882821286
18,1.38,-0.262742474950462
18,1.386,-0.264158784096761
18,1.392,-0.26558099970022
18,1.398,-0.267009317677737
18,1.404,-0.268443940669842
18,1.41,-0.269885078297446
18,1.416,-0.271332947429019
18,1.422,-0.27278777245883
18,1.428,-0.274249785596748
18,1.434,-0.275719227170301
18,1.44,-0.27719634593957
18,1.446,-0.278681399425687
18,1.452,-0.280174654253572
18,1.458,-0.281676386509771
18,1.464,-0.283186882116134
18,1.47,-0.284706437220253
18,1.476,-0.286235358603535
18,1.482,-0.287773964107907
18,1.488,-0.289322583082139
18,1.494,-0.290881556848965
18,1.5,-0.292451239194003
18,1.506,-0.2940319968779
18,1.512,-0.295624210172802
18,1.518,-0.297228273424718
18,1.524,-0.2988445956431
18,1.53,-0.300473601119297
18,1.536,-0.302115730075542
18,1.542,-0.30377143934618
18,1.548,-0.305441203093119
18,1.554,-0.307125513557426
18,1.56,-0.3088248818493
18,1.566,-0.310539838778618
18,1.572,-0.312270935728575
18,1.578,-0.314018745574981
18,1.584,-0.315783863653993
18,1.59,-0.317566908781272
18,1.596,-0.319368524325746
18,1.602,-0.321189379341348
18,1.608,-0.323030169760387
18,1.614,-0.324891619652455
18,1.62,-0.326774482553005
18,1.626,-0.328679542866102
18,1.632,-0.330607617346106
18,1.638,-0.332559556663474
18,1.644,-0.334536247060133
18,1.65,-0.336538612100429
18,1.656,-0.338567614523946
18,1.662,-0.340624258207091
18,1.668,-0.342709590240791
18,1.674,-0.344824703132257
18,1.68,-0.346970737139314
18,1.686,-0.349148882746556
18,1.692,-0.351360383293224
18,1.698,-0.35360653776353
18,1.704,-0.355888703751014
18,1.71,-0.358208300609401
18,1.716,-0.36056681280353
18,1.722,-0.362965793474928
18,1.728,-0.365406868237923
18,1.734,-0.367891739223384
18,1.74,-0.370422189388761
18,1.746,-0.373000087114557
18,1.752,-0.375627391109189
18,1.758,-0.378306155645983
18,1.764,-0.381038536158266
18,1.77,-0.383826795220686
18,1.776,-0.386673308947433
18,1.782,-0.389580573840831
18,1.788,-0.392551214126732
18,1.794,-0.395587989616569
18,1.8,-0.398693804139529
18,1.806,-0.401871714592427
18,1.812,-0.405124940659329
18,1.818,-0.408456875257958
18,1.824,-0.411871095775357
18,1.83,-0.415371376161453
18,1.836,-0.418961699955824
18,1.842,-0.422646274330515
18,1.848,-0.426429545240078
18,1.854,-0.43031621377919
18,1.86,-0.434311253858625
18,1.866,-0.438419931321715
18,1.872,-0.442647824636371
18,1.878,-0.447000847311959
18,1.884,-0.45148527220645
18,1.89,-0.456107757907059
18,1.896,-0.460875377387874
18,1.902,-0.465795649170412
18,1.908,-0.47087657123852
18,1.914,-0.476126657987543
18,1.92,-0.481554980519942
18,1.926,-0.487171210635793
18,1.932,-0.492985668907774
18,1.938,-0.499009377276569
18,1.944,-0.505254116655439
18,1.95,-0.511732490092276
18,1.956,-0.518457992105574
18,1.962,-0.5254450848879
18,1.968,-0.532709282158695
18,1.974,-0.540267241548821
18,1.98,-0.548136866514446
18,1.986,-0.556337418909683
18,1.992,-0.564889643498746
18,1.998,-0.573815905862424
18,2.004,-0.583140345353885
18,2.01,-0.59288904499009
18,2.016,-0.603090220432072
18,2.022,-0.613774430516759
18,2.028,-0.624974812161756
18,2.034,-0.636727342881748
18,2.04,-0.649071134640933
18,2.046,-0.662048763333045
18,2.052,-0.675706638843762
18,2.058,-0.69009542142767
18,2.064,-0.705270491045166
18,2.07,-0.72129247737972
18,2.076,-0.738227859524455
18,2.082,-0.756149645827389
18,2.088,-0.775138146163272
18,2.094,-0.79528185101378
18,2.1,-0.816678434256076
18,2.106,-0.839435899567503
18,2.112,-0.863673893955685
18,2.118,-0.889525216247621
18,2.124,-0.917137553576867
18,2.13,-0.946675485192221
18,2.136,-0.97832280051862
18,2.142,-1.01228518763717
18,2.148,-1.04879335959768
18,2.154,-1.0881066997132
18,2.16,-1.13051752381598
18,2.166,-1.17635607814116
18,2.172,-1.22599641701865
18,2.178,-1.27986333613299
18,2.184,-1.33844057634298
18,2.19,-1.40228056198879
18,2.196,-1.47201599891696
18,2.202,-1.54837373461787
18,2.208,-1.63219138051788
18,2.214,-1.72443732079319
18,2.22,-1.82623489148424
18,2.226,-1.9388917198051
18,2.232,-2.06393548271678
18,2.238,-2.20315769961404
18,2.244,-2.35866765112088
18,2.25,-2.5329591672062
18,2.256,-2.72899393535715
18,2.262,-2.95030627548155
18,2.268,-3.20113623102323
18,2.274,-3.48660070732423
18,2.28,-3.81291689986502
18,2.286,-4.1876995710728
18,2.292,-4.62036603873274
18,2.298,-5.12270423381787
18,2.304,-5.70969828521441
18,2.31,-6.40078047147171
18,2.316,-7.22182744537753
18,2.322,-8.20853688009441
18,2.328,-9.41255649572036
18,2.334,-10.913624237828
18,2.34,-12.8465374586299
18,2.346,-15.4716950925989
18,2.352,-19.4147876131522
18,2.358,-27.0454825156449
18,2.364,-33.4346144248562
18,2.37,-21.5692536763241
18,2.376,-16.7384331935329
18,2.382,-13.723622812139
18,2.388,-11.5686019704234
18,2.394,-9.92265605211142
18,2.4,-8.6162451049372
18,2.406,-7.55337911202491
18,2.412,-6.67373914904571
18,2.418,-5.93652846578107
18,2.424,-5.31263574133106
18,2.43,-4.78044921067184
18,2.436,-4.32344423018819
18,2.442,-3.92870237011844
18,2.448,-3.58595231051107
18,2.454,-3.28691971129607
18,2.46,-3.02486929453348
18,2.466,-2.79427192360443
18,2.472,-2.59055624312604
18,2.478,-2.40991953096421
18,2.484,-2.24918124877433
18,2.49,-2.10566814615027
18,2.496,-1.97712315476996
18,2.502,-1.86163251312567
18,2.508,-1.75756704651475
18,2.514,-1.66353455611731
18,2.52,-1.57834100353755
18,2.526,-1.50095871046896
18,2.532,-1.43050018878308
18,2.538,-1.36619651451174
18,2.544,-1.30737938683136
18,2.55,-1.25346618881056
18,2.556,-1.20394750342324
18,2.562,-1.15837664556903
18,2.568,-1.11636085547958
18,2.574,-1.07755386605296
18,2.58,-1.04164961021669
18,2.586,-1.00837687731458
18,2.592,-0.977494762007094
18,2.598,-0.948788777015701
18,2.604,-0.922067523594098
18,2.61,-0.897159831937154
18,2.616,-0.873912298682857
18,2.622,-0.852187160885252
18,2.628,-0.831860455863797
18,2.634,-0.812820424584939
18,2.64,-0.794966123039795
18,2.646,-0.778206211715313
18,2.652,-0.762457897930788
18,2.658,-0.747646009700831
18,2.664,-0.733702183030144
18,2.67,-0.720564147259029
18,2.676,-0.708175095353582
18,2.682,-0.696483127946962
18,2.688,-0.685440761549627
18,2.694,-0.675004492707286
18,2.7,-0.665134411037692
18,2.706,-0.655793855055065
18,2.712,-0.646949105522407
18,2.718,-0.638569111780662
18,2.724,-0.630625247109008
18,2.73,-0.623091089688612
18,2.736,-0.61594222618667
18,2.742,-0.609156075359407
18,2.748,-0.602711729401581
18,2.754,-0.596589811053973
18,2.76,-0.590772344725386
18,2.766,-0.585242640098377
18,2.772,-0.57998518687217
18,2.778,-0.574985559456387
18,2.784,-0.570230330568752
18,2.79,-0.565706992811695
18,2.796,-0.561403887408905
18,2.802,-0.557310139376039
18,2.808,-0.55341559848132
18,2.814,-0.549710785423205
18,2.82,-0.546186842715461
18,2.826,-0.542835489825194
18,2.832,-0.539648982158425
18,2.838,-0.536620073530859
18,2.844,-0.533741981799799
18,2.85,-0.531008357366848
18,2.856,-0.528413254291238
18,2.862,-0.525951103780095
18,2.868,-0.523616689845789
18,2.874,-0.521405126941667
18,2.88,-0.519311839406187
18,2.886,-0.517332542562478
18,2.892,-0.51546322533533
18,2.898,-0.513700134261095
18,2.904,-0.512039758778218
18,2.91,-0.510478817696861
18,2.916,-0.509014246756052
18,2.922,-0.50764318718545
18,2.928,-0.506362975196961
18,2.934,-0.505171132338613
18,2.94,-0.50406535664958
18,2.946,-0.503043514561392
18,2.952,-0.502103633495529
18,2.958,-0.501243895112814
18,2.964,-0.500462629174393
18,2.97,-0.499758307978338
18,2.976,-0.499129541339697
18,2.982,-0.498575072085415
18,2.988,-0.498093772038911
18,2.994,-0.497684638472001
18,3,-0.497346791005006
18,3.006,-0.497079468938399
18,3.012,-0.496882029002083
18,3.018,-0.496753943510836
18,3.024,-0.496694798916843
18,3.03,-0.496704294752556
18,3.036,-0.496782242959493
18,3.042,-0.496928567600641
18,3.048,-0.497143304956609
18,3.054,-0.497426604007734
18,3.06,-0.497778727306735
18,3.066,-0.498200052248735
18,3.072,-0.498691072748108
18,3.078,-0.499252401333699
18,3.084,-0.49988477167707
18,3.09,-0.500589041570742
18,3.096,-0.501366196376663
18,3.102,-0.502217352968034
18,3.108,-0.503143764191078
18,3.114,-0.504146823877033
18,3.12,-0.505228072438317
18,3.126,-0.506389203087417
18,3.132,-0.507632068721494
18,3.138,-0.508958689520824
18,3.144,-0.510371261314928
18,3.15,-0.511872164776366
18,3.156,-0.513463975508991
18,3.162,-0.515149475105071
18,3.168,-0.516931663254168
18,3.174,-0.518813770995877
18,3.18,-0.520799275219124
18,3.186,-0.522891914522221
18,3.192,-0.525095706561003
18,3.198,-0.527414967026906
18,3.204,-0.529854330413183
18,3.21,-0.532418772745928
18,3.216,-0.535113636477148
18,3.222,-0.537944657760489
18,3.228,-0.540917996356584
18,3.234,-0.544040268444626
18,3.24,-0.547318582650535
18,3.246,-0.55076057964022
18,3.252,-0.554374475669796
18,3.258,-0.558169110533948
18,3.264,-0.562154000409709
18,3.27,-0.566339396157067
18,3.276,-0.570736347710992
18,3.282,-0.575356775283178
18,3.288,-0.580213548187925
18,3.294,-0.585320572216651
18,3.3,-0.590692886612595
18,3.306,-0.596346771843065
18,3.312,-0.602299869535266
18,3.318,-0.608571316136761
18,3.324,-0.615181892087027
18,3.33,-0.622154188548716
18,3.336,-0.629512794051323
18,3.342,-0.637284503754641
18,3.348,-0.645498554452639
18,3.354,-0.654186888921804
18,3.36,-0.663384453784116
18,3.366,-0.673129535718634
18,3.372,-0.683464141636862
18,3.378,-0.694434429356362
18,3.384,-0.706091196392744
18,3.39,-0.718490435773527
18,3.396,-0.731693969297999
18,3.402,-0.745770170472069
18,3.408,-0.760794791493521
18,3.414,-0.776851911219978
18,3.42,-0.794035024103206
18,3.426,-0.812448293720376
18,3.432,-0.832207998898563
18,3.438,-0.85344420566109
18,3.444,-0.876302704502503
18,3.45,-0.900947260037991
18,3.456,-0.927562229129893
18,3.462,-0.956355614474339
18,3.468,-0.987562633693956
18,3.474,-1.02144989964422
18,3.48,-1.05832032637383
18,3.486,-1.09851889750197
18,3.492,-1.14243946022808
18,3.498,-1.19053273928316
18,3.504,-1.24331580125133
18,3.51,-1.30138324092543
18,3.516,-1.36542040721423
18,3.522,-1.43621903501832
18,3.528,-1.51469569797697
18,3.534,-1.60191353838647
18,3.54,-1.69910775284617
18,3.546,-1.80771529434602
18,3.552,-1.92940915799472
18,3.558,-2.06613738891785
18,3.564,-2.22016648847973
18,3.57,-2.39412803643243
18,3.576,-2.59106582444263
18,3.582,-2.814478170052
18,3.588,-3.06834562151522
18,3.594,-3.35712676750506
18,3.6,-3.68569233733401
20,1.2,-0.218777613604994
20,1.206,-0.220077089115733
20,1.212,-0.221379015986166
20,1.218,-0.222683467719239
20,1.224,-0.223990519921753
20,1.23,-0.225300250403347
20,1.236,-0.226612739277542
20,1.242,-0.227928069064975
20,1.248,-0.229246324798974
20,1.254,-0.230567594133641
20,1.26,-0.231891967454585
20,1.266,-0.23321953799247
20,1.272,-0.234550401939572
20,1.278,-0.235884658569493
20,1.284,-0.237222410360202
20,1.29,-0.238563763120683
20,1.296,-0.239908826121255
20,1.302,-0.241257712227885
20,1.308,-0.24261053804067
20,1.314,-0.243967424036682
20,1.32,-0.245328494717471
20,1.326,-0.246693878761441
20,1.332,-0.24806370918136
20,1.338,-0.249438123487277
20,1.344,-0.250817263855142
20,1.35,-0.25220127730142
20,1.356,-0.253590315863982
20,1.362,-0.254984536789686
20,1.368,-0.256384102728876
20,1.374,-0.257789181937274
20,1.38,-0.25919994848558
20,1.386,-0.26061658247718
20,1.392,-0.262039270274461
20,1.398,-0.26346820473406
20,1.404,-0.264903585451611
20,1.41,-0.26634561901648
20,1.416,-0.267794519276941
20,1.422,-0.269250507616413
20,1.428,-0.270713813241339
20,1.434,-0.272184673481255
20,1.44,-0.273663334101788
20,1.446,-0.27515004963121
20,1.452,-0.276645083701304
20,1.458,-0.278148709403298
20,1.464,-0.279661209659675
20,1.47,-0.281182877612774
20,1.476,-0.282714017030996
20,1.482,-0.284254942733699
20,1.488,-0.285805981035722
20,1.494,-0.287367470212685
20,1.5,-0.288939760988156
20,1.506,-0.290523217044038
20,1.512,-0.292118215555305
20,1.518,-0.293725147750626
20,1.524,-0.295344419500288
20,1.53,-0.296976451932994
20,1.536,-0.298621682083178
20,1.542,-0.300280563570688
20,1.548,-0.301953567314637
20,1.554,-0.303641182283522
20,1.56,-0.305343916283684
20,1.566,-0.3070622967885
20,1.572,-0.308796871810637
20,1.578,-0.31054821082007
20,1.584,-0.31231690571063
20,1.59,-0.314103571818048
20,1.596,-0.315908848992693
20,1.602,-0.317733402730415
20,1.608,-0.319577925365149
20,1.614,-0.321443137327179
20,1.62,-0.323329788471254
20,1.626,-0.325238659479034
20,1.632,-0.327170563340702
20,1.638,-0.329126346920863
20,1.644,-0.331106892614345
20,1.65,-0.333113120097775
20,1.656,-0.335145988183404
20,1.662,-0.337206496782023
20,1.668,-0.3392956889824
20,1.674,-0.341414653255203
20,1.68,-0.343564525790023
20,1.686,-0.345746492974732
20,1.692,-0.347961794027217
20,1.698,-0.35021172379022
20,1.704,-0.352497635700996
20,1.71,-0.354820944948349
20,1.716,-0.357183131830651
20,1.722,-0.359585745329632
20,1.728,-0.362030406915858
20,1.734,-0.364518814603203
20,1.74,-0.367052747271107
20,1.746,-0.369634069274922
20,1.752,-0.3722647353665
20,1.758,-0.374946795949015
20,1.764,-0.377682402692195
20,1.77,-0.380473814536356
20,1.776,-0.38332340411627
20,1.782,-0.386233664638613
20,1.788,-0.389207217249883
20,1.794,-0.392246818934993
20,1.8,-0.39535537099056
20,1.806,-0.398535928120975
20,1.812,-0.401791708209943
20,1.818,-0.405126102825178
20,1.824,-0.408542688519562
20,1.83,-0.412045238998238
20,1.836,-0.41563773822797
20,1.842,-0.419324394572717
20,1.848,-0.423109656047873
20,1.854,-0.426998226794964
20,1.86,-0.430995084889166
20,1.866,-0.435105501603706
20,1.872,-0.439335062268215
20,1.878,-0.443689688872756
20,1.884,-0.448175664585636
20,1.89,-0.452799660371304
20,1.896,-0.457568763915325
20,1.902,-0.462490511086392
20,1.908,-0.46757292019133
20,1.914,-0.472824529308294
20,1.92,-0.478254437016268
20,1.926,-0.483872346876253
20,1.932,-0.489688616061521
20,1.938,-0.495714308582037
20,1.944,-0.501961253602152
20,1.95,-0.50844210941196
20,1.956,-0.515170433682613
20,1.962,-0.522160760715248
20,1.968,-0.529428686483904
20,1.974,-0.536990962376507
20,1.98,-0.544865598656395
20,1.986,-0.553071978803049
20,1.992,-0.561630986046742
20,1.998,-0.570565143591406
20,2.004,-0.579898770227238
20,2.01,-0.589658153273441
20,2.016,-0.599871741068193
20,2.022,-0.610570357543297
20,2.028,-0.621787441793315
20,2.034,-0.633559315981827
20,2.04,-0.645925485432592
20,2.046,-0.658928975343071
20,2.052,-0.672616709248639
20,2.058,-0.68703993517604
20,2.064,-0.702254706377791
20,2.07,-0.718322424662534
20,2.076,-0.735310455663188
20,2.082,-0.753292826956415
20,2.088,-0.772351021811979
20,2.094,-0.792574883570501
20,2.1,-0.814063648295895
20,2.106,-0.836927126516225
20,2.112,-0.861287058664353
20,2.118,-0.887278673397053
20,2.124,-0.915052483477197
20,2.13,-0.944776360561703
20,2.136,-0.976637938310931
20,2.142,-1.01084740305338
20,2.148,-1.04764074321617
20,2.154,-1.08728354338601
20,2.16,-1.13007542685423
20,2.166,-1.17635527265373
20,2.172,-1.22650736047447
20,2.178,-1.28096863080156
20,2.184,-1.34023728989623
20,2.19,-1.40488304208924
20,2.196,-1.47555929821256
20,2.202,-1.55301779271647
20,2.208,-1.63812614822605
20,2.214,-1.73188906185667
20,2.22,-1.83547396190484
20,2.226,-1.95024220953415
20,2.232,-2.07778721613427
20,2.238,-2.21998123966261
20,2.244,-2.3790331518151
20,2.25,-2.55756019227065
20,2.256,-2.75867774061234
20,2.262,-2.98611259297549
20,2.268,-3.24434738236302
20,2.274,-3.538807063362
20,2.28,-3.87610356072202
20,2.286,-4.26436315176878
20,2.292,-4.71367553255496
20,2.298,-5.23672889495784
20,2.304,-5.84974202110958
20,2.31,-6.57389431525006
20,2.316,-7.43763746988094
20,2.322,-8.48066925889651
20,2.328,-9.76128591888746
20,2.334,-11.3712882493713
20,2.34,-13.4700723039871
20,2.346,-16.3771289288512
20,2.352,-20.8983935973421
20,2.358,-29.803507004436
20,2.364,-26.6564206589743
20,2.37,-19.4206722894675
20,2.376,-15.4697929649401
20,2.382,-12.824441885653
20,2.388,-10.8754732445902
20,2.394,-9.36279552238119
20,2.4,-8.15068586034736
20,2.406,-7.15859070220846
20,2.412,-6.33424132320062
20,2.418,-5.64146827815699
20,2.424,-5.05403012060051
20,2.43,-4.55220827645458
20,2.436,-4.12079205651845
20,2.442,-3.74781376242022
20,2.448,-3.42371361578485
20,2.454,-3.14076438231586
20,2.46,-2.89266054613851
20,2.466,-2.67421629644303
20,2.472,-2.48113823311457
20,2.478,-2.30985107477938
20,2.484,-2.15736200543742
20,2.49,-2.02115382869386
20,2.496,-1.89909999507422
20,2.502,-1.78939648300952
20,2.508,-1.69050682093943
20,2.514,-1.601117455374
20,2.52,-1.5201013297772
20,2.526,-1.44648802398332
20,2.532,-1.37943916623988
20,2.538,-1.31822810470128
20,2.544,-1.2622230359192
20,2.55,-1.21087295106053
20,2.556,-1.16369588796685
20,2.562,-1.12026907727862
20,2.568,-1.08022064997959
20,2.574,-1.04322263658606
20,2.58,-1.00898503838402
20,2.586,-0.977250791331467
20,2.592,-0.947791475598155
20,2.598,-0.920403649840041
20,2.604,-0.894905710474105
20,2.61,-0.871135193427352
20,2.616,-0.848946449867848
20,2.622,-0.82820863890636
20,2.628,-0.808803989677049
20,2.634,-0.790626292958198
20,2.64,-0.773579588891602
20,2.646,-0.757577022654566
20,2.652,-0.742539844332791
20,2.658,-0.728396532899374
20,2.664,-0.715082027256192
20,2.67,-0.702537049846331
20,2.676,-0.690707510486596
20,2.682,-0.679543979868754
20,2.688,-0.669001223694901
20,2.694,-0.659037789693432
20,2.7,-0.64961564084723
20,2.706,-0.640699829086422
20,2.712,-0.632258204481365
20,2.718,-0.62426115563933
20,2.724,-0.616681377578693
20,2.73,-0.60949366384314
20,2.736,-0.602674720037133
20,2.742,-0.596202996324281
20,2.748,-0.590058536740513
20,2.754,-0.58422284344166
20,2.76,-0.578678754236624
20,2.766,-0.573410331957971
20,2.772,-0.568402764395613
20,2.778,-0.563642273670892
20,2.784,-0.559116034059868
20,2.79,-0.554812097389861
20,2.796,-0.550719325233534
20,2.802,-0.546827327212954
20,2.808,-0.543126404803001
20,2.814,-0.539607500091406
20,2.82,-0.536262149011965
20,2.826,-0.53308243862026
20,2.832,-0.530060968027181
20,2.838,-0.527190812646633
20,2.844,-0.524465491449896
20,2.85,-0.521878936951123
20,2.856,-0.519425467676987
20,2.862,-0.517099762898641
20,2.868,-0.51489683942677
20,2.874,-0.512812030290433
20,2.88,-0.510840965138291
20,2.886,-0.508979552216919
20,2.892,-0.507223961795004
20,2.898,-0.505570610915196
20,2.904,-0.504016149366833
20,2.91,-0.502557446783057
20,2.916,-0.501191580775304
20,2.922,-0.499915826026282
20,2.928,-0.498727644270463
20,2.934,-0.497624675097731
20,2.94,-0.496604727522159
20,2.946,-0.495665772263637
20,2.952,-0.494805934695
20,2.958,-0.49402348841236
20,2.964,-0.493316849390309
20,2.97,-0.492684570687942
20,2.976,-0.492125337675093
20,2.982,-0.491637963751701
20,2.988,-0.49122138653635
20,2.994,-0.490874664502892
20,3,-0.490596974047016
20,3.006,-0.490387606967014
20,3.012,-0.490245968345658
20,3.018,-0.490171574822461
20,3.024,-0.490164053247778
20,3.03,-0.490223139712568
20,3.036,-0.490348678949749
20,3.042,-0.490540624105318
20,3.048,-0.490799036879417
20,3.054,-0.491124088039886
20,3.06,-0.491516058312876
20,3.066,-0.491975339657466
20,3.072,-0.49250243693348
20,3.078,-0.49309796997411
20,3.084,-0.493762676077569
20,3.09,-0.494497412934592
20,3.096,-0.49530316201141
20,3.102,-0.496181032410973
20,3.108,-0.49713226523834
20,3.114,-0.498158238499722
20,3.12,-0.499260472568502
20,3.126,-0.500440636255597
20,3.132,-0.501700553526245
20,3.138,-0.503042210910049
20,3.144,-0.504467765656803
20,3.15,-0.50597955469647
20,3.156,-0.507580104468486
20,3.162,-0.50927214169281
20,3.168,-0.511058605163491
20,3.174,-0.512942658654517
20,3.18,-0.514927705037961
20,3.186,-0.517017401725666
20,3.192,-0.519215677558664
20,3.198,-0.521526751282358
20,3.204,-0.52395515176182
20,3.21,-0.526505740109338
20,3.216,-0.529183733916411
20,3.222,-0.531994733805441
20,3.228,-0.53494475254175
20,3.234,-0.53804024697587
20,3.24,-0.541288153118727
20,3.246,-0.544695924689821
20,3.252,-0.54827157552085
20,3.258,-0.5520237262453
20,3.264,-0.555961655759728
20,3.27,-0.560095358004923
20,3.276,-0.564435604686889
20,3.282,-0.568994014639706
20,3.288,-0.573783130626328
20,3.294,-0.578816504481463
20,3.3,-0.584108791625222
20,3.306,-0.589675856119283
20,3.312,-0.595534887603226
20,3.318,-0.601704531639846
20,3.324,-0.608205035220392
20,3.33,-0.615058409438225
20,3.336,-0.622288611638968
20,3.342,-0.629921749704677
20,3.348,-0.637986311536978
20,3.354,-0.646513423281477
20,3.36,-0.655537140394684
20,3.366,-0.665094776311372
20,3.372,-0.67522727424359
20,3.378,-0.685979628553371
20,3.384,-0.697401363218833
20,3.39,-0.709547076187966
20,3.396,-0.722477059927884
20,3.402,-0.736258010275335
20,3.408,-0.750963837837115
20,3.414,-0.766676598745381
20,3.42,-0.783487564630109
20,3.426,-0.801498455332608
20,3.432,-0.820822862277306
20,3.438,-0.841587895698513
20,3.444,-0.863936095270945
20,3.45,-0.888027651345543
20,3.456,-0.914042993216777
20,3.462,-0.942185811974759
20,3.468,-0.972686598913175
20,3.474,-1.00580679663443
20,3.48,-1.04184367944818
20,3.486,-1.0811361030031
20,3.492,-1.12407129098261
20,3.498,-1.17109285980682
20,3.504,-1.22271032123015
20,3.51,-1.27951034790804
20,3.516,-1.34217013836746
20,3.522,-1.41147327437391
20,3.528,-1.48832852279952
20,3.534,-1.57379209018309
20,3.54,-1.66909388064623
20,3.546,-1.77566831764454
20,3.552,-1.89519023404809
20,3.558,-2.02961615672194
20,3.564,-2.18123091585476
20,3.57,-2.35269873634715
20,3.576,-2.54711655258606
20,3.582,-2.7680647846596
20,3.588,-3.01964647954514
20,3.594,-3.30649830438376
20,3.6,-3.63374427486188
22,1.2,-0.215352214055919
22,1.206,-0.216650743417998
22,1.212,-0.217952054998894
22,1.218,-0.219256222184856
22,1.224,-0.220563320501309
22,1.23,-0.221873427711502
22,1.236,-0.223186623917348
22,1.242,-0.224502991662492
22,1.248,-0.225822616037875
22,1.254,-0.227145584789867
22,1.26,-0.228471988431116
22,1.266,-0.229801920354391
22,1.272,-0.231135476949445
22,1.278,-0.232472757723193
22,1.284,-0.233813865423304
22,1.29,-0.235158906165494
22,1.296,-0.236507989564617
22,1.302,-0.237861228869842
22,1.308,-0.239218741104127
22,1.314,-0.240580647208178
22,1.32,-0.241947072189167
22,1.326,-0.24331814527446
22,1.332,-0.24469400007062
22,1.338,-0.24607477472793
22,1.344,-0.247460612110784
22,1.35,-0.24885165997417
22,1.356,-0.250248071146675
22,1.362,-0.251650003720202
22,1.368,-0.253057621246913
22,1.374,-0.254471092943635
22,1.38,-0.255890593904184
22,1.386,-0.257316305320019
22,1.392,-0.258748414709631
22,1.398,-0.260187116157157
22,1.404,-0.261632610560646
22,1.41,-0.263085105890544
22,1.416,-0.26454481745892
22,1.422,-0.266011968199942
22,1.428,-0.267486788962278
22,1.434,-0.268969518813991
22,1.44,-0.270460405360664
22,1.446,-0.271959705077343
22,1.452,-0.273467683655171
22,1.458,-0.274984616363446
22,1.464,-0.27651078842791
22,1.47,-0.278046495426186
22,1.476,-0.279592043701326
22,1.482,-0.281147750794406
22,1.488,-0.282713945897282
22,1.494,-0.284290970326564
22,1.5,-0.285879178020052
22,1.506,-0.287478936056885
22,1.512,-0.289090625202704
22,1.518,-0.290714640481311
22,1.524,-0.292351391774302
22,1.53,-0.294001304450296
22,1.536,-0.295664820025502
22,1.542,-0.297342396857394
22,1.548,-0.299034510873528
22,1.554,-0.300741656337492
22,1.56,-0.302464346654256
22,1.566,-0.304203115217259
22,1.572,-0.305958516299803
22,1.578,-0.307731125993354
22,1.584,-0.309521543195735
22,1.59,-0.311330390652222
22,1.596,-0.313158316052813
22,1.602,-0.315005993189288
22,1.608,-0.31687412317571
22,1.614,-0.318763435736499
22,1.62,-0.320674690566336
22,1.626,-0.322608678766576
22,1.632,-0.32456622436317
22,1.638,-0.326548185911325
22,1.644,-0.328555458192806
22,1.65,-0.330588974011915
22,1.656,-0.332649706096831
22,1.662,-0.334738669113416
22,1.668,-0.336856921799226
22,1.674,-0.339005569225922
22,1.68,-0.341185765199039
22,1.686,-0.343398714804726
22,1.692,-0.345645677113816
22,1.698,-0.347927968054448
22,1.704,-0.350246963465317
22,1.71,-0.352604102342688
22,1.716,-0.355000890295282
22,1.722,-0.357438903222398
22,1.728,-0.359919791231897
22,1.734,-0.362445282816005
22,1.74,-0.365017189304533
22,1.746,-0.367637409616691
22,1.752,-0.370307935334577
22,1.758,-0.37303085612338
22,1.764,-0.375808365525584
22,1.77,-0.378642767158908
22,1.776,-0.381536481350293
22,1.782,-0.384492052241338
22,1.788,-0.387512155403631
22,1.794,-0.390599606006215
22,1.8,-0.393757367581155
22,1.806,-0.396988561437648
22,1.812,-0.400296476779923
22,1.818,-0.403684581589417
22,1.824,-0.407156534337723
22,1.83,-0.410716196603243
22,1.836,-0.414367646671807
22,1.842,-0.418115194209542
22,1.848,-0.421963396105272
22,1.854,-0.42591707358968
22,1.86,-0.429981330749708
22,1.866,-0.434161574568896
22,1.872,-0.438463536638504
22,1.878,-0.442893296699569
22,1.884,-0.447457308193647
22,1.89,-0.452162426019299
22,1.896,-0.457015936713523
22,1.902,-0.462025591301737
22,1.908,-0.467199641087843
22,1.914,-0.472546876687009
22,1.92,-0.478076670639183
22,1.926,-0.483799023981171
22,1.932,-0.489724617200256
22,1.938,-0.495864866043498
22,1.944,-0.502231982714917
22,1.95,-0.508839043058755
22,1.956,-0.515700060402209
22,1.962,-0.522830066816695
22,1.968,-0.530245202654635
22,1.974,-0.537962815330781
22,1.98,-0.546001568445321
22,1.986,-0.554381562493514
22,1.992,-0.563124468575909
22,1.998,-0.572253676718377
22,2.004,-0.581794460636441
22,2.01,-0.591774161038852
22,2.016,-0.602222389866918
22,2.022,-0.613171258216295
22,2.028,-0.624655631095173
22,2.034,-0.636713412647171
22,2.04,-0.64938586602151
22,2.046,-0.662717972721303
22,2.052,-0.676758837021332
22,2.058,-0.691562141940389
22,2.064,-0.707186664306149
22,2.07,-0.723696857693748
22,2.076,-0.741163513490362
22,2.082,-0.759664512083974
22,2.088,-0.779285678250101
22,2.094,-0.800121757285775
22,2.1,-0.82227753139882
22,2.106,-0.845869099406606
22,2.112,-0.871025347060283
22,2.118,-0.897889640445753
22,2.124,-0.926621781118702
22,2.13,-0.957400269151381
22,2.136,-0.990424929410129
22,2.142,-1.0259199675261
22,2.148,-1.06413753564881
22,2.154,-1.10536190478901
22,2.16,-1.14991436113129
22,2.166,-1.19815896910454
22,2.172,-1.25050937548515
22,2.178,-1.30743686797472
22,2.184,-1.36947995060494
22,2.19,-1.43725575966123
22,2.196,-1.51147372109594
22,2.202,-1.59295194826265
22,2.208,-1.68263700344311
22,2.214,-1.78162780644182
22,2.22,-1.89120468001116
22,2.226,-2.01286479115908
22,2.232,-2.14836560252408
22,2.238,-2.2997784227165
22,2.244,-2.46955478957375
22,2.25,-2.6606093142219
22,2.256,-2.8764238819733
22,2.262,-3.12117995433931
22,2.268,-3.39992849345142
22,2.274,-3.71881134381986
22,2.28,-4.08535484785814
22,2.286,-4.50886806010983
22,2.292,-5.00099802113596
22,2.298,-5.57653081761385
22,2.304,-6.25459548751831
22,2.31,-7.0605630431599
22,2.316,-8.02921646417584
22,2.322,-9.21040641929843
22,2.328,-10.679982943859
22,2.334,-12.5631520098871
22,2.34,-15.0913517604299
22,2.346,-18.7660108982242
22,2.352,-24.8295952653406
22,2.358,-28.1945301691053
22,2.364,-20.9259152321621
22,2.37,-16.4491126141857
22,2.376,-13.5169242263709
22,2.382,-11.3928066404675
22,2.388,-9.76265134724732
22,2.394,-8.46661208775371
22,2.4,-7.41194692778504
22,2.406,-6.53956263422828
22,2.412,-5.80914149319454
22,2.418,-5.1917491784015
22,2.424,-4.6658250330795
22,2.43,-4.21484531739967
22,2.436,-3.82587604868763
22,2.442,-3.4886287647832
22,2.448,-3.19481638462145
22,2.454,-2.93769707120392
22,2.46,-2.71174116398072
22,2.466,-2.51238188345912
22,2.472,-2.33582502285085
22,2.478,-2.17890137886904
22,2.484,-2.03895088769085
22,2.49,-1.91373073458185
22,2.496,-1.80134187185081
22,2.502,-1.70016984764827
22,2.508,-1.60883687235613
22,2.514,-1.52616278251021
22,2.52,-1.45113309855391
22,2.526,-1.38287277220934
22,2.532,-1.32062452122664
22,2.538,-1.26373088030155
22,2.544,-1.21161927546
22,2.55,-1.16378956826771
22,2.556,-1.11980362529796
22,2.562,-1.07927655435287
22,2.568,-1.04186931718885
22,2.574,-1.00728248287904
22,2.58,-0.975250929457752
22,2.586,-0.94553933644033
22,2.592,-0.917938338987103
22,2.598,-0.892261237271441
22,2.604,-0.868341173111416
22,2.61,-0.846028700987848
22,2.616,-0.825189692875233
22,2.622,-0.80570352639274
22,2.628,-0.787461514065803
22,2.634,-0.770365538315481
22,2.64,-0.75432686243445
22,2.646,-0.739265092484504
22,2.652,-0.725107268935873
22,2.658,-0.711787070106604
22,2.664,-0.699244112165145
22,2.67,-0.687423332724849
22,2.676,-0.676274446961609
22,2.682,-0.665751466787341
22,2.688,-0.655812274963158
22,2.694,-0.646418247179224
22,2.7,-0.637533916097213
22,2.706,-0.629126672174532
22,2.712,-0.621166496790811
22,2.718,-0.613625723795484
22,2.724,-0.606478826107101
22,2.73,-0.599702224433729
22,2.736,-0.593274115560512
22,2.742,-0.587174317974659
22,2.748,-0.581384132877689
22,2.754,-0.575886218876203
22,2.76,-0.570664478851593
22,2.766,-0.565703957690135
22,2.772,-0.560990749712595
22,2.778,-0.556511914779235
22,2.784,-0.552255402165766
22,2.79,-0.548209981409898
22,2.796,-0.54436517941942
22,2.802,-0.540711223212725
22,2.808,-0.537238987732629
22,2.814,-0.533939948236177
22,2.82,-0.530806136817172
22,2.826,-0.527830102666117
22,2.832,-0.525004875714424
22,2.838,-0.522323933347035
22,2.844,-0.519781169900744
22,2.85,-0.517370868694703
22,2.856,-0.515087676365757
22,2.862,-0.512926579304187
22,2.868,-0.510882882006337
22,2.874,-0.508952187178721
22,2.88,-0.50713037744472
22,2.886,-0.505413598519737
22,2.892,-0.503798243733681
22,2.898,-0.502280939791524
22,2.904,-0.500858533673305
22,2.91,-0.499528080584378
22,2.916,-0.498286832875383
22,2.922,-0.497132229859191
22,2.928,-0.49606188845892
22,2.934,-0.495073594627762
22,2.94,-0.494165295486827
22,2.946,-0.493335092132693
22,2.952,-0.492581233071019
22,2.958,-0.491902108236982
22,2.964,-0.491296243567429
22,2.97,-0.490762296093106
22,2.976,-0.490299049523031
22,2.982,-0.489905410295997
22,2.988,-0.489580404077369
22,2.994,-0.489323172681896
22,3,-0.489132971406061
22,3.006,-0.489009166755811
22,3.012,-0.488951234557971
22,3.018,-0.488958758445831
22,3.024,-0.48903142871163
22,3.03,-0.489169041520789
22,3.036,-0.489371498484778
22,3.042,-0.489638806591702
22,3.048,-0.48997107849562
22,3.054,-0.4903685331679
22,3.06,-0.490831496915805
22,3.066,-0.491360404775949
22,3.072,-0.491955802292311
22,3.078,-0.492618347691058
22,3.084,-0.493348814466769
22,3.09,-0.494148094397283
22,3.096,-0.495017201007356
22,3.102,-0.495957273504067
22,3.108,-0.496969581210343
22,3.114,-0.498055528526341
22,3.12,-0.499216660452216
22,3.126,-0.50045466871002
22,3.132,-0.501771398506816
22,3.138,-0.503168855986254
22,3.144,-0.504649216421111
22,3.15,-0.506214833205418
22,3.156,-0.507868247711376
22,3.162,-0.50961220008376
22,3.168,-0.511449641052442
22,3.174,-0.513383744853097
22,3.18,-0.515417923355979
22,3.186,-0.517555841514301
22,3.192,-0.519801434256177
22,3.198,-0.522158924958465
22,3.204,-0.52463284565688
22,3.21,-0.527228059164294
22,3.216,-0.52994978328999
22,3.222,-0.532803617374725
22,3.228,-0.535795571382711
22,3.234,-0.538932097820422
22,3.24,-0.542220126785214
22,3.246,-0.545667104484047
22,3.252,-0.549281035605215
22,3.258,-0.553070529974157
22,3.264,-0.557044853979666
22,3.27,-0.561213987319596
22,3.276,-0.565588685687186
22,3.282,-0.570180550101394
22,3.288,-0.575002103679188
22,3.294,-0.580066876756251
22,3.3,-0.58538950138764
22,3.306,-0.590985816404003
22,3.312,-0.596872984365439
22,3.318,-0.603069621947781
22,3.324,-0.609595945519566
22,3.33,-0.616473933927206
22,3.336,-0.623727510808228
22,3.342,-0.63138274910411
22,3.348,-0.639468100856084
22,3.354,-0.648014655848533
22,3.36,-0.657056433229745
22,3.366,-0.666630710903469
22,3.372,-0.676778398267079
22,3.378,-0.687544458794852
22,3.384,-0.698978390056433
22,3.39,-0.711134770054537
22,3.396,-0.724073880301969
22,3.402,-0.737862417886928
22,3.408,-0.752574310956042
22,3.414,-0.768291654650392
22,3.42,-0.785105787649949
22,3.426,-0.80311853322469
22,3.432,-0.822443633189061
22,3.438,-0.84320840857162
22,3.444,-0.865555687340764
22,3.45,-0.889646047410252
22,3.456,-0.915660432674443
22,3.462,-0.943803211345029
22,3.468,-0.974305759799173
22,3.474,-1.00743067200538
22,3.48,-1.04347671495739
22,3.486,-1.0827846750973
22,3.492,-1.12574427020741
22,3.498,-1.17280233651
22,3.504,-1.22447254253527
22,3.51,-1.28134693035874
22,3.516,-1.34410964135151
22,3.522,-1.41355324711321
22,3.528,-1.49059817473963
22,3.534,-1.57631578425194
22,3.54,-1.67195571534884
22,3.546,-1.77897815292919
22,3.552,-1.89909163453441
22,3.558,-2.03429688321276
22,3.564,-2.18693680262407
22,3.57,-2.35975205854115
22,3.576,-2.55594032345381
22,3.582,-2.77921482369539
22,3.588,-3.03385352788903
22,3.594,-3.32472282888658
22,3.6,-3.65724662553507
24,1.2,-0.212654494075798
24,1.206,-0.21395775449746
24,1.212,-0.215264246827989
24,1.218,-0.216574038576933
24,1.224,-0.217887199584188
24,1.23,-0.219203802114961
24,1.236,-0.220523920957053
24,1.242,-0.221847633520621
24,1.248,-0.223175019940577
24,1.254,-0.224506163181721
24,1.26,-0.225841149146825
24,1.266,-0.227180066787804
24,1.272,-0.228523008220126
24,1.278,-0.229870068840691
24,1.284,-0.231221347449287
24,1.29,-0.232576946373895
24,1.296,-0.233936971599968
24,1.302,-0.235301532903974
24,1.308,-0.236670743991332
24,1.314,-0.238044722639055
24,1.32,-0.239423590843291
24,1.326,-0.240807474972011
24,1.332,-0.24219650592316
24,1.338,-0.243590819288452
24,1.344,-0.244990555523244
24,1.35,-0.246395860122613
24,1.356,-0.247806883804142
24,1.362,-0.249223782697602
24,1.368,-0.250646718541973
24,1.374,-0.252075858890177
24,1.38,-0.253511377321827
24,1.386,-0.254953453664551
24,1.392,-0.256402274224177
24,1.398,-0.257858032024376
24,1.404,-0.259320927056124
24,1.41,-0.260791166537596
24,1.416,-0.262268965185
24,1.422,-0.263754545494861
24,1.428,-0.265248138038488
24,1.434,-0.266749981769132
24,1.44,-0.268260324342582
24,1.446,-0.269779422451919
24,1.452,-0.271307542177118
24,1.458,-0.272844959350402
24,1.464,-0.27439195993808
24,1.47,-0.275948840439844
24,1.476,-0.277515908306466
24,1.482,-0.279093482376896
24,1.488,-0.280681893335795
24,1.494,-0.282281484192727
24,1.5,-0.283892610784125
24,1.506,-0.285515642299375
24,1.512,-0.287150961832357
24,1.518,-0.288798966959883
24,1.524,-0.290460070348604
24,1.53,-0.292134700391999
24,1.536,-0.293823301879184
24,1.542,-0.295526336697456
24,1.548,-0.297244284570465
24,1.554,-0.298977643834221
24,1.56,-0.300726932253114
24,1.566,-0.302492687878392
24,1.572,-0.304275469951659
24,1.578,-0.306075859856115
24,1.584,-0.307894462118489
24,1.59,-0.309731905464778
24,1.596,-0.31158884393317
24,1.602,-0.313465958047686
24,1.608,-0.315363956056462
24,1.614,-0.317283575238655
24,1.62,-0.319225583284532
24,1.626,-0.321190779753364
24,1.632,-0.323179997614194
24,1.638,-0.325194104875015
24,1.644,-0.327234006306104
24,1.65,-0.329300645263853
24,1.656,-0.331395005621849
24,1.662,-0.333518113816484
24,1.668,-0.335671041014881
24,1.674,-0.337854905413645
24,1.68,-0.340070874677486
24,1.686,-0.342320168527527
24,1.692,-0.344604061489904
24,1.698,-0.34692388581608
24,1.704,-0.349281034587231
24,1.71,-0.351676965016096
24,1.716,-0.354113201960677
24,1.722,-0.356591341665569
24,1.728,-0.359113055747773
24,1.734,-0.361680095445453
24,1.74,-0.364294296149629
24,1.746,-0.36695758224042
24,1.752,-0.369671972251476
24,1.758,-0.372439584388166
24,1.764,-0.375262642427499
24,1.77,-0.378143482030066
24,1.776,-0.381084557497212
24,1.782,-0.384088449009544
24,1.788,-0.387157870386209
24,1.794,-0.39029567740813
24,1.8,-0.393504876752288
24,1.806,-0.396788635588753
24,1.812,-0.400150291896974
24,1.818,-0.403593365563395
24,1.824,-0.407121570328493
24,1.83,-0.410738826658035
24,1.836,-0.414449275620844
24,1.842,-0.418257293863606
24,1.848,-0.422167509782569
24,1.854,-0.426184821002138
24,1.86,-0.430314413281938
24,1.866,-0.434561780986668
24,1.872,-0.438932749267328
24,1.878,-0.443433498118536
24,1.884,-0.448070588494379
24,1.89,-0.452850990685587
24,1.896,-0.457782115183208
24,1.902,-0.462871846279476
24,1.908,-0.468128578685179
24,1.914,-0.473561257475003
24,1.92,-0.479179421708834
24,1.926,-0.484993252118159
24,1.932,-0.491013623293284
24,1.938,-0.497252160860049
24,1.944,-0.503721304194651
24,1.95,-0.510434375293558
24,1.956,-0.517405654493213
24,1.962,-0.524650463822995
24,1.968,-0.532185258876228
24,1.974,-0.540027730200175
24,1.98,-0.548196915338864
24,1.986,-0.556713322815499
24,1.992,-0.565599069516869
24,1.998,-0.574878033144833
24,2.004,-0.584576021633822
24,2.01,-0.594720961703823
24,2.016,-0.605343109031981
24,2.022,-0.616475282890005
24,2.028,-0.628153128518326
24,2.034,-0.640415411002004
24,2.04,-0.653304344990472
24,2.046,-0.666865965279161
24,2.052,-0.681150544063979
24,2.058,-0.696213061612296
24,2.064,-0.71211373819336
24,2.07,-0.728918636409822
24,2.076,-0.746700344610122
24,2.082,-0.765538753887407
24,2.088,-0.785521943343508
24,2.094,-0.806747190889111
24,2.1,-0.829322129952238
24,2.106,-0.853366076186553
24,2.112,-0.879011552743353
24,2.118,-0.906406048064886
24,2.124,-0.935714046678561
24,2.13,-0.967119381381463
24,2.136,-1.00082796482548
24,2.142,-1.03707097025062
24,2.148,-1.07610854547803
24,2.154,-1.11823416190778
24,2.16,-1.16377972198647
24,2.166,-1.21312157545179
24,2.172,-1.26668762795452
24,2.178,-1.32496576710412
24,2.184,-1.38851388278692
24,2.19,-1.45797182362799
24,2.196,-1.53407571346647
24,2.202,-1.61767515565868
24,2.208,-1.70975398556439
24,2.214,-1.81145540173023
24,2.22,-1.92411252649007
24,2.226,-2.04928573441197
24,2.232,-2.18880846729438
24,2.238,-2.34484376412357
24,2.244,-2.51995442931277
24,2.25,-2.71719072945376
24,2.256,-2.940200886946
24,2.262,-3.19337165828643
24,2.268,-3.48200933701628
24,2.274,-3.81257629204426
24,2.28,-4.1930058773436
24,2.286,-4.63313152414513
24,2.292,-5.14528845417173
24,2.298,-5.74518749418597
24,2.304,-6.45323814803247
24,2.31,-7.29665233846849
24,2.316,-8.31298442952599
24,2.322,-9.55649273988132
24,2.328,-11.110490785809
24,2.334,-13.1136432705862
24,2.34,-15.822017968739
24,2.346,-19.7592499121069
24,2.352,-25.4685318113613
24,2.358,-24.676130828676
24,2.364,-19.112982547655
24,2.37,-15.3809622246127
24,2.376,-12.7836312304478
24,2.382,-10.8466426938622
24,2.388,-9.33599402706706
24,2.394,-8.12301137177257
24,2.4,-7.1294075306997
24,2.406,-6.30368828845922
24,2.412,-5.60992722729121
24,2.418,-5.02192318687245
24,2.424,-4.51992085330017
24,2.43,-4.0886473855735
24,2.436,-3.71606934025902
24,2.442,-3.39256655898367
24,2.448,-3.11035995164221
24,2.454,-2.86310118672635
24,2.46,-2.64557003442764
24,2.466,-2.45344598644854
24,2.472,-2.28313278271728
24,2.478,-2.13162164216864
24,2.484,-1.99638343286914
24,2.49,-1.87528286527326
24,2.496,-1.76650968417001
24,2.502,-1.66852313148869
24,2.508,-1.58000686613491
24,2.514,-1.49983218712303
24,2.52,-1.42702789279591
24,2.526,-1.3607554735841
24,2.532,-1.30028861284957
24,2.538,-1.24499618327232
24,2.544,-1.19432809134338
24,2.55,-1.14780345153323
24,2.556,-1.10500067315413
24,2.562,-1.06554912315568
24,2.568,-1.02912209183762
24,2.574,-0.995430839338982
24,2.58,-0.964219541529973
24,2.586,-0.935260986723251
24,2.592,-0.908352901089218
24,2.598,-0.883314802096658
24,2.604,-0.859985296718828
24,2.61,-0.83821975534348
24,2.616,-0.817888303934482
24,2.622,-0.798874086512892
24,2.628,-0.781071757855918
24,2.634,-0.764386172770968
24,2.64,-0.748731243644528
24,2.646,-0.734028942397028
24,2.652,-0.720208426660358
24,2.658,-0.707205273068083
24,2.664,-0.694960803117946
24,2.67,-0.683421489219971
24,2.676,-0.67253843035348
24,2.682,-0.662266888280619
24,2.688,-0.652565876551523
24,2.694,-0.643397795625632
24,2.7,-0.634728108357905
24,2.706,-0.626525050884644
24,2.712,-0.618759374613257
24,2.718,-0.611404115591997
24,2.724,-0.604434388025335
24,2.73,-0.597827199120044
24,2.736,-0.591561282807912
24,2.742,-0.585616950201336
24,2.748,-0.579975954906003
24,2.754,-0.574621371546387
24,2.76,-0.569537486060231
24,2.766,-0.564709696492178
24,2.772,-0.560124423167779
24,2.778,-0.555769027260895
24,2.784,-0.551631736882029
24,2.79,-0.547701579915609
24,2.796,-0.543968322921875
24,2.802,-0.540422415495918
24,2.808,-0.537054939543954
24,2.814,-0.533857562996226
24,2.82,-0.530822497528241
24,2.826,-0.527942459908058
24,2.832,-0.52521063662815
24,2.838,-0.522620651516242
24,2.844,-0.520166536051563
24,2.85,-0.517842702141148
24,2.856,-0.515643917135908
24,2.862,-0.513565280888743
24,2.868,-0.51160220467664
24,2.874,-0.509750391826674
24,2.88,-0.508005819901561
24,2.886,-0.506364724314716
24,2.892,-0.504823583257399
24,2.898,-0.503379103832079
24,2.904,-0.502028209296239
24,2.91,-0.500768027330224
24,2.916,-0.499595879251022
24,2.922,-0.498509270101337
24,2.928,-0.4975058795502
24,2.934,-0.496583553547444
24,2.94,-0.495740296680097
24,2.946,-0.494974265183746
24,2.952,-0.494283760566548
24,2.958,-0.493667223808096
24,2.964,-0.493123230098856
24,2.97,-0.492650484089887
24,2.976,-0.492247815625646
24,2.982,-0.491914175935865
24,2.988,-0.491648634265468
24,2.994,-0.491450374923957
24,3,-0.491318694738618
24,3.006,-0.491253000897913
24,3.012,-0.491252809174156
24,3.018,-0.491317742516416
24,3.024,-0.491447530007034
24,3.03,-0.491642006177163
24,3.036,-0.491901110678693
24,3.042,-0.492224888312219
24,3.048,-0.492613489412594
24,3.054,-0.493067170595818
24,3.06,-0.493586295873059
24,3.066,-0.494171338139877
24,3.072,-0.494822881050989
24,3.078,-0.495541621293266
24,3.084,-0.49632837127213
24,3.09,-0.497184062229306
24,3.096,-0.498109747812554
24,3.102,-0.499106608121174
24,3.108,-0.50017595425419
24,3.114,-0.50131923339189
24,3.12,-0.50253803444504
24,3.126,-0.503834094310302
24,3.132,-0.505209304775164
24,3.138,-0.506665720120517
24,3.144,-0.508205565474698
24,3.15,-0.509831245978915
24,3.156,-0.511545356830766
24,3.162,-0.51335069428011
24,3.168,-0.515250267659881
24,3.174,-0.517247312543788
24,3.18,-0.519345305133279
24,3.186,-0.521547977987633
24,3.192,-0.523859337224295
24,3.198,-0.526283681330817
24,3.204,-0.528825621746515
24,3.21,-0.531490105390111
24,3.216,-0.534282439330453
24,3.222,-0.537208317820897
24,3.228,-0.540273851944288
24,3.234,-0.543485602145456
24,3.24,-0.546850613962079
24,3.246,-0.550376457303261
24,3.252,-0.554071269668965
24,3.258,-0.557943803753255
24,3.264,-0.562003479931263
24,3.27,-0.566260444194502
24,3.276,-0.570725632173834
24,3.282,-0.575410839974015
24,3.288,-0.580328802642058
24,3.294,-0.585493281203616
24,3.3,-0.590919159331285
24,3.306,-0.596622550858078
24,3.312,-0.60262091952204
24,3.318,-0.608933212528092
24,3.324,-0.615580009745198
24,3.33,-0.622583690626935
24,3.336,-0.629968621257846
24,3.342,-0.637761364294645
24,3.348,-0.645990915000661
24,3.354,-0.654688967074219
24,3.36,-0.663890212562178
24,3.366,-0.673632680844115
24,3.372,-0.683958122491619
24,3.378,-0.694912444774576
24,3.384,-0.706546206731967
24,3.39,-0.718915183084187
24,3.396,-0.732081007880393
24,3.402,-0.746111910700962
24,3.408,-0.7610835605359
24,3.414,-0.777080035213393
24,3.42,-0.794194937554634
24,3.426,-0.812532683398539
24,3.432,-0.832209991416427
24,3.438,-0.853357610397097
24,3.444,-0.876122326641396
24,3.45,-0.900669302523513
24,3.456,-0.927184807471965
24,3.462,-0.955879414982261
24,3.468,-0.986991754262005
24,3.474,-1.02079292328301
24,3.48,-1.05759169203437
24,3.486,-1.09774065139919
24,3.492,-1.14164349518376
24,3.498,-1.18976366135149
24,3.504,-1.2426346044067
24,3.51,-1.30087202496368
24,3.516,-1.36518844528317
24,3.522,-1.43641059060746
24,3.528,-1.51550011353752
24,3.534,-1.60357827762439
24,3.54,-1.70195528680991
24,3.546,-1.81216499046544
24,3.552,-1.93600567547135
24,3.558,-2.07558751721733
24,3.564,-2.23338689718106
24,3.57,-2.41230702864189
24,3.576,-2.61574286119986
24,3.582,-2.84764554031633
24,3.588,-3.11257688652672
24,3.594,-3.41573587910864
24,3.6,-3.76292426841889
26,1.2,-0.210652500552149
26,1.206,-0.211955786119135
26,1.212,-0.213262551087161
26,1.218,-0.214572863411449
26,1.224,-0.215886793401636
26,1.23,-0.217204413816856
26,1.236,-0.218525799963262
26,1.242,-0.219851029794053
26,1.248,-0.221180184012211
26,1.254,-0.222513346176065
26,1.26,-0.223850602807858
26,1.266,-0.22519204350548
26,1.272,-0.226537761057513
26,1.278,-0.227887851561817
26,1.284,-0.229242414547788
26,1.29,-0.230601553102511
26,1.296,-0.23196537400102
26,1.302,-0.233333987840839
26,1.308,-0.234707509181087
26,1.314,-0.236086056686304
26,1.32,-0.237469753275301
26,1.326,-0.238858726275271
26,1.332,-0.240253107581414
26,1.338,-0.241653033822384
26,1.344,-0.243058646531829
26,1.35,-0.244470092326338
26,1.356,-0.245887523090143
26,1.362,-0.247311096166881
26,1.368,-0.248740974558829
26,1.374,-0.250177327133907
26,1.38,-0.251620328840964
26,1.386,-0.253070160933646
26,1.392,-0.254527011203405
26,1.398,-0.255991074222014
26,1.404,-0.257462551594146
26,1.41,-0.258941652220535
26,1.416,-0.260428592572229
26,1.422,-0.261923596976565
26,1.428,-0.263426897915432
26,1.434,-0.264938736336526
26,1.44,-0.266459361978219
26,1.446,-0.267989033708839
26,1.452,-0.269528019881064
26,1.458,-0.271076598702284
26,1.464,-0.272635058621795
26,1.47,-0.27420369873571
26,1.476,-0.275782829210585
26,1.482,-0.277372771726758
26,1.488,-0.278973859942544
26,1.494,-0.280586439980373
26,1.5,-0.282210870936168
26,1.506,-0.283847525413204
26,1.512,-0.285496790081911
26,1.518,-0.287159066267022
26,1.524,-0.288834770563698
26,1.53,-0.290524335484259
26,1.536,-0.29222821013732
26,1.542,-0.293946860941239
26,1.548,-0.295680772373867
26,1.554,-0.29743044776078
26,1.56,-0.299196410104283
26,1.566,-0.300979202955639
26,1.572,-0.302779391333133
26,1.578,-0.304597562688794
26,1.584,-0.306434327926726
26,1.59,-0.308290322476287
26,1.596,-0.310166207423496
26,1.602,-0.312062670704364
26,1.608,-0.313980428364052
26,1.614,-0.315920225886036
26,1.62,-0.317882839595834
26,1.626,-0.319869078144084
26,1.632,-0.321879784074161
26,1.638,-0.323915835479903
26,1.644,-0.325978147759453
26,1.65,-0.328067675471584
26,1.656,-0.330185414301498
26,1.662,-0.332332403143457
26,1.668,-0.33450972630836
26,1.674,-0.336718515864781
26,1.68,-0.3389599541229
26,1.686,-0.341235276271283
26,1.692,-0.343545773177374
26,1.698,-0.345892794363477
26,1.704,-0.348277751170764
26,1.71,-0.350702120125143
26,1.716,-0.353167446519705
26,1.722,-0.355675348229845
26,1.728,-0.358227519778483
26,1.734,-0.360825736670217
26,1.74,-0.363471860014916
26,1.746,-0.366167841463026
26,1.752,-0.368915728476731
26,1.758,-0.371717669963349
26,1.764,-0.374575922299562
26,1.77,-0.377492855777713
26,1.776,-0.38047096150822
26,1.782,-0.383512858815255
26,1.788,-0.386621303166214
26,1.794,-0.389799194679399
26,1.8,-0.393049587258371
26,1.806,-0.396375698406146
26,1.812,-0.39978091977744
26,1.818,-0.403268828532859
26,1.824,-0.406843199565157
26,1.83,-0.410508018674661
26,1.836,-0.414267496778652
26,1.842,-0.418126085248111
26,1.848,-0.422088492474683
26,1.854,-0.426159701781519
26,1.86,-0.430344990803374
26,1.866,-0.434649952474686
26,1.872,-0.439080517779115
26,1.878,-0.44364298043073
26,1.884,-0.448344023675495
26,1.89,-0.453190749422677
26,1.896,-0.458190709939248
26,1.902,-0.463351942366666
26,1.908,-0.468683006349302
26,1.914,-0.474193025097137
26,1.92,-0.479891730243424
26,1.926,-0.485789510900735
26,1.932,-0.491897467367477
26,1.938,-0.498227469991948
26,1.944,-0.504792223763711
26,1.95,-0.511605339273202
26,1.956,-0.518681410761654
26,1.962,-0.526036102076216
26,1.968,-0.533686241450879
26,1.974,-0.54164992615534
26,1.98,-0.549946638192988
26,1.986,-0.558597372389255
26,1.992,-0.567624778395581
26,1.998,-0.57705331834672
26,2.004,-0.586909442154365
26,2.01,-0.597221782704144
26,2.016,-0.608021373552402
26,2.022,-0.619341892102024
26,2.028,-0.631219931682256
26,2.034,-0.643695306477572
26,2.04,-0.65681139385893
26,2.046,-0.670615519383219
26,2.052,-0.685159390563762
26,2.058,-0.700499586499829
26,2.064,-0.716698111615155
26,2.07,-0.733823023129752
26,2.076,-0.751949143518319
26,2.082,-0.771158871143818
26,2.088,-0.791543104560715
26,2.094,-0.81320229873571
26,2.1,-0.836247674730761
26,2.106,-0.860802608351458
26,2.112,-0.887004228028673
26,2.118,-0.915005257953652
26,2.124,-0.944976149450239
26,2.13,-0.977107552022425
26,2.136,-1.01161318581084
26,2.142,-1.04873318976686
26,2.148,-1.08873803526042
26,2.154,-1.13193311377665
26,2.16,-1.17866413071293
26,2.166,-1.22932346619272
26,2.172,-1.28435769971117
26,2.178,-1.34427654018387
26,2.184,-1.40966345899249
26,2.19,-1.48118839405633
26,2.196,-1.55962298193707
26,2.202,-1.64585888799306
26,2.208,-1.74092994900732
26,2.214,-1.84603902855821
26,2.22,-1.96259072658589
26,2.226,-2.09223140077591
26,2.232,-2.23689837692328
26,2.238,-2.39888079045617
26,2.244,-2.58089527598096
26,2.25,-2.78618080685759
26,2.256,-3.01861854552064
26,2.262,-3.28288486939191
26,2.268,-3.58464925335755
26,2.274,-3.93083424184321
26,2.28,-4.32996382882159
26,2.286,-4.792641986268
26,2.292,-5.33223026582003
26,2.298,-5.96584324752769
26,2.304,-6.71587604117233
26,2.31,-7.61246989555884
26,2.316,-8.69773042456121
26,2.322,-10.0334435564338
26,2.328,-11.7163236120245
26,2.334,-13.9108588859017
26,2.34,-16.9247339652251
26,2.346,-21.3260958998839
26,2.352,-25.9627413230505
26,2.358,-22.1610540808797
26,2.364,-17.485662256135
26,2.37,-14.2918850698369
26,2.376,-11.98776954275
26,2.382,-10.2318931952547
26,2.388,-8.84410029416004
26,2.394,-7.71997995076826
26,2.4,-6.7935704495541
26,2.406,-6.02028172580937
26,2.412,-5.36837166993933
26,2.418,-4.81434315585891
26,2.424,-4.34028237151702
26,2.43,-3.93222503527042
26,2.436,-3.5790997525792
26,2.442,-3.27201297471847
26,2.448,-3.0037461471894
26,2.454,-2.76839061887011
26,2.46,-2.56107562266167
26,2.466,-2.37776136925167
26,2.472,-2.21507906818246
26,2.478,-2.07020561298607
26,2.484,-1.94076438941817
26,2.49,-1.82474608931103
26,2.496,-1.72044504386127
26,2.502,-1.6264077219963
26,2.508,-1.54139084592116
26,2.514,-1.4643271637323
26,2.52,-1.39429735553424
26,2.526,-1.33050687875449
26,2.532,-1.27226680982464
26,2.538,-1.21897793342555
26,2.544,-1.17011748146814
26,2.55,-1.12522804227614
26,2.556,-1.08390825368267
26,2.562,-1.04580496763417
26,2.568,-1.01060663270533
26,2.574,-0.978037687938079
26,2.58,-0.947853799139264
26,2.586,-0.919837799152189
26,2.592,-0.893796218167893
26,2.598,-0.869556310049286
26,2.604,-0.846963496833725
26,2.61,-0.825879166792437
26,2.616,-0.806178772238504
26,2.622,-0.787750182151925
26,2.628,-0.770492251997404
26,2.634,-0.754313579143913
26,2.64,-0.739131417289415
26,2.646,-0.724870727440683
26,2.652,-0.711463346449458
26,2.658,-0.698847256986753
26,2.664,-0.686965945247173
26,2.67,-0.675767834697126
26,2.676,-0.665205785880832
26,2.682,-0.655236653731609
26,2.688,-0.645820895046756
26,2.694,-0.636922219810421
26,2.7,-0.628507280919606
26,2.706,-0.620545397609314
26,2.712,-0.613008308504836
26,2.718,-0.605869950768882
26,2.724,-0.599106262273781
26,2.73,-0.592695004125455
26,2.736,-0.586615601207369
26,2.742,-0.58084899870616
26,2.748,-0.575377532834587
26,2.754,-0.570184814186822
26,2.76,-0.565255622351055
26,2.766,-0.560575810569614
26,2.772,-0.556132219380119
26,2.778,-0.551912598296218
26,2.784,-0.547905534695631
26,2.79,-0.544100389178386
26,2.796,-0.540487236741686
26,2.802,-0.537056813191049
26,2.808,-0.533800466271534
26,2.814,-0.53071011105952
26,2.82,-0.527778189205236
26,2.826,-0.524997631660209
26,2.832,-0.52236182456263
26,2.838,-0.519864577988035
26,2.844,-0.517500097303051
26,2.85,-0.515262956887133
26,2.856,-0.51314807601108
26,2.862,-0.511150696682605
26,2.868,-0.509266363288239
26,2.874,-0.507490903877834
26,2.88,-0.50582041295322
26,2.886,-0.504251235635998
26,2.892,-0.502779953101847
26,2.898,-0.501403369179513
26,2.904,-0.500118498022574
26,2.91,-0.498922552770884
26,2.916,-0.497812935126664
26,2.922,-0.496787225777324
26,2.928,-0.495843175603733
26,2.934,-0.494978697618612
26,2.94,-0.494191859584907
26,2.946,-0.493480877269256
26,2.952,-0.492844108289842
26,2.958,-0.492280046522179
26,2.964,-0.49178731703015
26,2.97,-0.491364671493148
26,2.976,-0.491010984103207
26,2.982,-0.490725247909271
26,2.988,-0.49050657158837
26,2.994,-0.490354176626112
26,3,-0.490267394891526
26,3.006,-0.490245666593414
26,3.012,-0.490288538607892
26,3.018,-0.490395663168733
26,3.024,-0.490566796914404
26,3.03,-0.490801800287671
26,3.036,-0.491100637285681
26,3.042,-0.491463375560543
26,3.048,-0.491890186872319
26,3.054,-0.492381347898572
26,3.06,-0.492937241406555
26,3.066,-0.493558357796486
26,3.072,-0.494245297026382
26,3.078,-0.49499877093153
26,3.084,-0.495819605953962
26,3.09,-0.496708746300026
26,3.096,-0.497667257546985
26,3.102,-0.498696330722564
26,3.108,-0.499797286884534
26,3.114,-0.500971582231158
26,3.12,-0.502220813776964
26,3.126,-0.503546725632574
26,3.132,-0.50495121593192
26,3.138,-0.506436344455245
26,3.144,-0.508004341001675
26,3.15,-0.509657614571572
26,3.156,-0.511398763425393
26,3.162,-0.513230586093359
26,3.168,-0.515156093418906
26,3.174,-0.517178521727722
26,3.18,-0.519301347225049
26,3.186,-0.521528301735266
26,3.192,-0.523863389910889
26,3.198,-0.526310908052803
26,3.204,-0.528875464699855
26,3.21,-0.531562003164379
26,3.216,-0.534375826211148
26,3.222,-0.537322623100586
26,3.228,-0.540408499243656
26,3.234,-0.543640008745818
26,3.24,-0.547024190151565
26,3.246,-0.550568605739576
26,3.252,-0.55428138476242
26,3.258,-0.558171271075028
26,3.264,-0.562247675652795
26,3.27,-0.566520734565738
26,3.276,-0.571001373049664
26,3.282,-0.575701376400574
26,3.288,-0.580633468517136
26,3.294,-0.585811399028743
26,3.3,-0.591250040076929
26,3.306,-0.596965493968095
26,3.312,-0.60297521308948
26,3.318,-0.609298133681147
26,3.324,-0.615954825291048
26,3.33,-0.622967658011245
26,3.336,-0.630360989910657
26,3.342,-0.638161377448894
26,3.348,-0.64639781208851
26,3.354,-0.655101986829849
26,3.36,-0.664308596988287
26,3.366,-0.674055680234788
26,3.372,-0.684385001747725
26,3.378,-0.695342491301812
26,3.384,-0.706978740278218
26,3.39,-0.71934956795577
26,3.396,-0.73251666807974
26,3.402,-0.74654834865662
26,3.408,-0.761520380256429
26,3.414,-0.77751697089768
26,3.42,-0.794631888943964
26,3.426,-0.812969759474093
26,3.432,-0.832647564447676
26,3.438,-0.853796382855803
26,3.444,-0.876563414142303
26,3.45,-0.901114336775986
26,3.456,-0.927636064278039
26,3.462,-0.956339973662799
26,3.468,-0.987465696620834
26,3.474,-1.02128558244445
26,3.48,-1.05810996436171
26,3.486,-1.09829338841807
26,3.492,-1.14224199725325
26,3.498,-1.19042230108548
26,3.504,-1.24337161599214
26,3.51,-1.3017105061261
26,3.516,-1.36615763245875
26,3.522,-1.43754748584813
26,3.528,-1.51685156499907
26,3.534,-1.60520364563983
26,3.54,-1.70392986625959
26,3.546,-1.81458440931217
26,3.552,-1.93899155068741
26,3.558,-2.07929472384391
26,3.564,-2.23801289264627
26,3.57,-2.4181037662967
26,3.576,-2.62303190693308
26,3.582,-2.85683703421053
26,3.588,-3.12419288246291
26,3.594,-3.43043817198103
26,3.6,-3.78154571888905
28,1.2,-0.209132607569975
28,1.206,-0.21042717579324
28,1.212,-0.211725760136849
28,1.218,-0.21302842270375
28,1.224,-0.21433522814148
28,1.23,-0.215646243733676
28,1.236,-0.216961539494237
28,1.242,-0.218281188264236
28,1.248,-0.219605265811739
28,1.254,-0.2209338509347
28,1.26,-0.222267025567051
28,1.266,-0.223604874888156
28,1.272,-0.22494748743584
28,1.278,-0.226294955223112
28,1.284,-0.227647373858789
28,1.29,-0.229004842672245
28,1.296,-0.230367464842446
28,1.302,-0.231735347531487
28,1.308,-0.233108602022895
28,1.314,-0.234487343864859
28,1.32,-0.235871693018743
28,1.326,-0.23726177401298
28,1.332,-0.238657716102794
28,1.338,-0.240059653435904
28,1.344,-0.241467725224549
28,1.35,-0.242882075924177
28,1.356,-0.24430285541909
28,1.362,-0.245730219215396
28,1.368,-0.24716432864166
28,1.374,-0.24860535105762
28,1.38,-0.250053460071364
28,1.386,-0.251508835765426
28,1.392,-0.252971664932232
28,1.398,-0.254442141319371
28,1.404,-0.255920465885211
28,1.41,-0.257406847065372
28,1.416,-0.258901501050638
28,1.422,-0.260404652076871
28,1.428,-0.261916532727596
28,1.434,-0.263437384249892
28,1.44,-0.264967456884262
28,1.446,-0.266507010209324
28,1.452,-0.268056313501977
28,1.458,-0.269615646114
28,1.464,-0.271185297865854
28,1.47,-0.272765569458736
28,1.476,-0.274356772905759
28,1.482,-0.275959231983431
28,1.488,-0.277573282704443
28,1.494,-0.279199273813024
28,1.5,-0.280837567304099
28,1.506,-0.282488538967588
28,1.512,-0.284152578959271
28,1.518,-0.285830092399736
28,1.524,-0.287521500003021
28,1.53,-0.289227238736679
28,1.536,-0.29094776251506
28,1.542,-0.292683542927793
28,1.548,-0.294435070005511
28,1.554,-0.296202853025088
28,1.56,-0.297987421356657
28,1.566,-0.299789325355026
28,1.572,-0.301609137298132
28,1.578,-0.303447452375393
28,1.584,-0.305304889729113
28,1.59,-0.307182093552113
28,1.596,-0.309079734245215
28,1.602,-0.31099850963828
28,1.608,-0.312939146278847
28,1.614,-0.314902400792744
28,1.62,-0.316889061321204
28,1.626,-0.318899949039599
28,1.632,-0.320935919763009
28,1.638,-0.322997865644437
28,1.644,-0.325086716971808
28,1.65,-0.327203444070367
28,1.656,-0.329349059317638
28,1.662,-0.3315246192786
28,1.668,-0.333731226969339
28,1.674,-0.335970034258108
28,1.68,-0.338242244413399
28,1.686,-0.340549114809394
28,1.692,-0.342891959799973
28,1.698,-0.345272153773445
28,1.704,-0.347691134400992
28,1.71,-0.350150406093075
28,1.716,-0.352651543679037
28,1.722,-0.355196196326609
28,1.728,-0.357786091719207
28,1.734,-0.360423040510647
28,1.74,-0.363108941078434
28,1.746,-0.365845784598685
28,1.752,-0.368635660467721
28,1.758,-0.371480762097617
28,1.764,-0.374383393115382
28,1.77,-0.377345973998142
28,1.776,-0.380371049179606
28,1.782,-0.383461294666369
28,1.788,-0.38661952620613
28,1.794,-0.389848708053888
28,1.8,-0.39315196238647
28,1.806,-0.396532579420608
28,1.812,-0.399994028295054
28,1.818,-0.403539968783154
28,1.824,-0.407174263908824
28,1.83,-0.410900993546083
28,1.836,-0.414724469090479
28,1.842,-0.418649249299517
28,1.848,-0.422680157409421
28,1.854,-0.42682229964645
28,1.86,-0.431081085263651
28,1.866,-0.435462248247605
28,1.872,-0.439971870855392
28,1.878,-0.444616409159375
28,1.884,-0.449402720796843
28,1.89,-0.454338095143551
28,1.896,-0.459430286154772
28,1.902,-0.464687548145196
28,1.908,-0.470118674810305
28,1.914,-0.475733041827073
28,1.92,-0.481540653411778
28,1.926,-0.487552193257751
28,1.932,-0.493779080327168
28,1.938,-0.500233530028933
28,1.944,-0.506928621380834
28,1.95,-0.513878370829265
28,1.956,-0.521097813485565
28,1.962,-0.528603092635975
28,1.968,-0.5364115584942
28,1.974,-0.544541877294093
28,1.98,-0.553014151967261
28,1.986,-0.561850055819993
28,1.992,-0.571072980819228
28,1.998,-0.580708202322687
28,2.004,-0.590783062348902
28,2.01,-0.601327173784897
28,2.016,-0.61237264827979
28,2.022,-0.623954350980207
28,2.028,-0.636110185738598
28,2.034,-0.648881414980359
28,2.04,-0.662313019065123
28,2.046,-0.67645410073928
28,2.052,-0.69135834117207
28,2.058,-0.707084515122615
28,2.064,-0.723697074030872
28,2.07,-0.741266807300106
28,2.076,-0.759871593788129
28,2.082,-0.779597257605813
28,2.088,-0.800538544803169
28,2.094,-0.822800240490695
28,2.1,-0.846498449500534
28,2.106,-0.871762067967416
28,2.112,-0.898734478362216
28,2.118,-0.927575506738974
28,2.124,-0.958463688505403
28,2.13,-0.991598898204087
28,2.136,-1.02720540998162
28,2.142,-1.06553546910955
28,2.148,-1.10687347171325
28,2.154,-1.15154087053632
28,2.16,-1.19990195009883
28,2.166,-1.25237064625276
28,2.172,-1.30941862450466
28,2.178,-1.37158488063986
28,2.184,-1.43948718883922
28,2.19,-1.51383580015421
28,2.196,-1.59544989255144
28,2.202,-1.68527739895852
28,2.208,-1.78441900022077
28,2.214,-1.89415727710062
28,2.22,-2.01599228545933
28,2.226,-2.1516851744125
28,2.232,-2.30331194192399
28,2.238,-2.47333006603373
28,2.244,-2.66466163989755
28,2.25,-2.88079789772817
28,2.256,-3.12593184745528
28,2.262,-3.40512846328565
28,2.268,-3.7245461255163
28,2.274,-4.09172977643303
28,2.28,-4.51600752118081
28,2.286,-5.00904180250059
28,2.292,-5.58562100258038
28,2.298,-6.26484204782967
28,2.304,-7.07196074914706
28,2.31,-8.04144548113857
28,2.316,-9.2223340068589
28,2.322,-10.688311587455
28,2.328,-12.5582381716687
28,2.334,-15.0413931266759
28,2.34,-18.5350406583955
28,2.346,-23.5156281274787
28,2.352,-24.9863681635078
28,2.358,-19.8829940343089
28,2.364,-15.9516204834621
28,2.37,-13.206150242751
28,2.376,-11.1697627506366
28,2.382,-9.58936511993017
28,2.388,-8.32517953403929
28,2.394,-7.29267761139298
28,2.4,-6.43666483862082
28,2.406,-5.71888310369611
28,2.412,-5.11157864626959
28,2.418,-4.59391309830536
28,2.424,-4.14982912779742
28,2.43,-3.76670801657147
28,2.436,-3.43448291886187
28,2.442,-3.14502787368348
28,2.448,-2.89172160799887
28,2.454,-2.66912691953909
28,2.46,-2.47274942282083
28,2.466,-2.29885259834266
28,2.472,-2.14431389658585
28,2.478,-2.00651145970581
28,2.484,-1.88323409580511
28,2.49,-1.77260917123141
28,2.496,-1.67304447235476
28,2.502,-1.58318106196541
28,2.508,-1.50185485670414
28,2.514,-1.4280651676956
28,2.52,-1.36094883247691
28,2.526,-1.29975885916892
28,2.532,-1.2438467286199
28,2.538,-1.19264767439752
28,2.544,-1.14566839646522
28,2.55,-1.10247677121428
28,2.556,-1.06269320494208
28,2.562,-1.02598334489854
28,2.568,-0.992051915482246
28,2.574,-0.960637489975286
28,2.58,-0.931508042610929
28,2.586,-0.90445715351962
28,2.592,-0.879300761557307
28,2.598,-0.855874378255753
28,2.604,-0.834030690986931
28,2.61,-0.813637495568422
28,2.616,-0.794575908480533
28,2.622,-0.776738817038151
28,2.628,-0.760029532596164
28,2.634,-0.744360617434783
28,2.64,-0.729652860585506
28,2.646,-0.715834381693481
28,2.652,-0.702839845207495
28,2.658,-0.690609769858964
28,2.664,-0.679089920627276
28,2.67,-0.668230772266956
28,2.676,-0.657987035052622
28,2.682,-0.648317234731736
28,2.688,-0.639183339803277
28,2.694,-0.630550430196847
28,2.7,-0.622386402239534
28,2.706,-0.614661705489888
28,2.712,-0.607349107608965
28,2.718,-0.600423483943721
28,2.724,-0.593861628930811
28,2.73,-0.587642086800802
28,2.736,-0.581744999382796
28,2.742,-0.576151969085201
28,2.748,-0.570845935366863
28,2.754,-0.565811063218974
28,2.76,-0.56103264235702
28,2.766,-0.556496995977447
28,2.772,-0.552191398068797
28,2.778,-0.548103998385081
28,2.784,-0.5442237542919
28,2.79,-0.540540368785951
28,2.796,-0.537044234067211
28,2.802,-0.533726380112555
28,2.808,-0.530578427760057
28,2.814,-0.527592545866926
28,2.82,-0.524761412151176
28,2.826,-0.522078177368681
28,2.832,-0.519536432514177
28,2.838,-0.517130178767361
28,2.844,-0.514853799934074
28,2.85,-0.512702037158343
28,2.856,-0.510669965703743
28,2.862,-0.508752973622974
28,2.868,-0.506946742152606
28,2.874,-0.505247227686201
28,2.88,-0.503650645193361
28,2.886,-0.502153452965385
28,2.892,-0.500752338579694
28,2.898,-0.499444205985721
28,2.904,-0.498226163624281
28,2.91,-0.497095513500996
28,2.916,-0.496049741141855
28,2.922,-0.495086506366061
28,2.928,-0.494203634817397
28,2.934,-0.49339911020119
28,2.94,-0.492671067178974
28,2.946,-0.492017784877837
28,2.952,-0.491437680975478
28,2.958,-0.490929306326323
28,2.964,-0.49049134009728
28,2.97,-0.490122585385437
28,2.976,-0.489821965292809
28,2.982,-0.489588519436345
28,2.988,-0.489421400874058
28,2.994,-0.489319873430572
28,3,-0.489283309407996
28,3.006,-0.489311187670127
28,3.012,-0.48940309209031
28,3.018,-0.489558710355311
28,3.024,-0.489777833119708
28,3.03,-0.490060353507242
28,3.036,-0.490406266957656
28,3.042,-0.490815671419398
28,3.048,-0.491288767890787
28,3.054,-0.491825861314061
28,3.06,-0.492427361828967
28,3.066,-0.493093786394624
28,3.072,-0.493825760790612
28,3.078,-0.494624022010735
28,3.084,-0.495489421065138
28,3.09,-0.496422926209301
28,3.096,-0.497425626621185
28,3.102,-0.498498736550699
28,3.108,-0.499643599969127
28,3.114,-0.500861695749508
28,3.12,-0.50215464341286
28,3.126,-0.503524209479408
28,3.132,-0.504972314468434
28,3.138,-0.506501040595557
28,3.144,-0.50811264022171
28,3.15,-0.509809545114348
28,3.156,-0.511594376588172
28,3.162,-0.513469956600121
28,3.168,-0.51543931988211
28,3.174,-0.517505727203935
28,3.18,-0.519672679869543
28,3.186,-0.521943935561515
28,3.192,-0.524323525661453
28,3.198,-0.52681577418903
28,3.204,-0.529425318518596
28,3.21,-0.532157132051011
28,3.216,-0.535016549039219
28,3.222,-0.538009291789559
28,3.228,-0.541141500487752
28,3.234,-0.544419765928257
28,3.24,-0.547851165460379
28,3.246,-0.551443302502942
28,3.252,-0.555204350023839
28,3.258,-0.559143098430774
28,3.264,-0.563269008377223
28,3.27,-0.567592269052986
28,3.276,-0.572123862603847
28,3.282,-0.576875635410893
28,3.288,-0.58186037705889
28,3.294,-0.587091907936765
28,3.3,-0.592585176544147
28,3.306,-0.598356367729398
28,3.312,-0.604423023259112
28,3.318,-0.610804176322088
28,3.324,-0.617520501805763
28,3.33,-0.624594484456993
28,3.336,-0.632050607357762
28,3.342,-0.63991556351909
28,3.348,-0.64821849383194
28,3.354,-0.656991255125144
28,3.36,-0.666268722680573
28,3.366,-0.676089132262798
28,3.372,-0.686494467554637
28,3.378,-0.697530899876458
28,3.384,-0.709249288236134
28,3.39,-0.721705749145198
28,3.396,-0.734962307289465
28,3.402,-0.749087640114426
28,3.408,-0.764157931743262
28,3.414,-0.780257854470189
28,3.42,-0.797481699464149
28,3.426,-0.815934682399462
28,3.432,-0.835734454651885
28,3.438,-0.857012856643822
28,3.444,-0.879917957117828
28,3.45,-0.904616430839554
28,3.456,-0.931296337817797
28,3.462,-0.960170379994158
28,3.468,-0.991479726997708
28,3.474,-1.02549852158573
28,3.48,-1.06253919852034
28,3.486,-1.10295877871107
28,3.492,-1.14716633446091
28,3.498,-1.19563186267426
28,3.504,-1.24889685206295
28,3.51,-1.30758688879984
28,3.516,-1.37242671350712
28,3.522,-1.44425822099457
28,3.528,-1.52406198137425
28,3.534,-1.61298295287559
28,3.54,-1.71236114362889
28,3.546,-1.82376804376377
28,3.552,-1.94904965689585
28,3.558,-2.09037685155886
28,3.564,-2.2503034232859
28,3.57,-2.43183152422714
28,3.576,-2.63848266307939
28,3.582,-2.87436975449621
28,3.588,-3.14426074430303
28,3.594,-3.45361546164563
28,3.6,-3.80856153617805
30,1.2,-0.207767166011628
30,1.206,-0.2090863436356
30,1.212,-0.210409507480041
30,1.218,-0.211736726129039
30,1.224,-0.213068070696299
30,1.23,-0.214403614921255
30,1.236,-0.21574343526777
30,1.242,-0.217087611025605
30,1.248,-0.218436224414804
30,1.254,-0.219789360693175
30,1.26,-0.221147108266966
30,1.266,-0.222509558804978
30,1.272,-0.223876807356225
30,1.278,-0.225248952471406
30,1.284,-0.226626096328268
30,1.29,-0.2280083448612
30,1.296,-0.229395807895138
30,1.302,-0.230788599284091
30,1.308,-0.232186837054484
30,1.314,-0.23359064355355
30,1.32,-0.235000145603063
30,1.326,-0.236415474658633
30,1.332,-0.237836766974882
30,1.338,-0.239264163776767
30,1.344,-0.240697811437374
30,1.35,-0.242137861662516
30,1.356,-0.243584471682435
30,1.362,-0.245037804451032
30,1.368,-0.246498028852947
30,1.374,-0.247965319918921
30,1.38,-0.249439859049832
30,1.386,-0.25092183424989
30,1.392,-0.252411440369409
30,1.398,-0.253908879357696
30,1.404,-0.25541436052653
30,1.41,-0.256928100824806
30,1.416,-0.258450325124958
30,1.422,-0.25998126652168
30,1.428,-0.261521166643705
30,1.434,-0.263070275979231
30,1.44,-0.264628854215796
30,1.446,-0.266197170595306
30,1.452,-0.267775504285074
30,1.458,-0.269364144765714
30,1.464,-0.270963392236793
30,1.47,-0.272573558041225
30,1.476,-0.274194965109434
30,1.482,-0.275827948424335
30,1.488,-0.27747285550836
30,1.494,-0.279130046933685
30,1.5,-0.28079989685699
30,1.506,-0.282482793580156
30,1.512,-0.284179140138353
30,1.518,-0.285889354917059
30,1.524,-0.287613872299721
30,1.53,-0.289353143347821
30,1.536,-0.291107636515232
30,1.542,-0.292877838398845
30,1.548,-0.294664254527694
30,1.554,-0.296467410192782
30,1.56,-0.298287851320125
30,1.566,-0.300126145389549
30,1.572,-0.301982882402122
30,1.578,-0.303858675899082
30,1.584,-0.305754164035557
30,1.59,-0.307670010712404
30,1.596,-0.309606906769867
30,1.602,-0.311565571246878
30,1.608,-0.313546752710302
30,1.614,-0.315551230658488
30,1.62,-0.317579817003982
30,1.626,-0.319633357640598
30,1.632,-0.321712734100311
30,1.638,-0.323818865305949
30,1.644,-0.325952709426109
30,1.65,-0.328115265839104
30,1.656,-0.330307577213401
30,1.662,-0.33253073171249
30,1.668,-0.33478586533274
30,1.674,-0.337074164383526
30,1.68,-0.339396868119608
30,1.686,-0.341755271536486
30,1.692,-0.344150728340402
30,1.698,-0.346584654105558
30,1.704,-0.349058529632103
30,1.71,-0.351573904519669
30,1.716,-0.354132400972288
30,1.722,-0.356735717852051
30,1.728,-0.35938563500017
30,1.734,-0.362084017845761
30,1.74,-0.364832822324431
30,1.746,-0.367634100130631
30,1.752,-0.370490004329842
30,1.758,-0.373402795358989
30,1.764,-0.376374847446008
30,1.77,-0.379408655482242
30,1.776,-0.382506842384454
30,1.782,-0.385672166986624
30,1.788,-0.388907532505391
30,1.794,-0.392215995627132
30,1.8,-0.395600776269249
30,1.806,-0.399065268073211
30,1.812,-0.402613049692516
30,1.818,-0.406247896944843
30,1.824,-0.4099737959046
30,1.83,-0.413794957019553
30,1.836,-0.417715830343795
30,1.842,-0.421741121988624
30,1.848,-0.425875811903354
30,1.854,-0.430125173109896
30,1.86,-0.434494792527775
30,1.866,-0.438990593541009
30,1.872,-0.443618860474494
30,1.878,-0.448386265165789
30,1.884,-0.453299895838773
30,1.89,-0.458367288508595
30,1.896,-0.463596461173283
30,1.902,-0.468995951076537
30,1.908,-0.474574855359066
30,1.914,-0.480342875453056
30,1.92,-0.486310365616257
30,1.926,-0.492488386049801
30,1.932,-0.498888761097732
30,1.938,-0.505524143087499
30,1.944,-0.512408082440336
30,1.95,-0.519555104759741
30,1.956,-0.526980795696878
30,1.962,-0.534701894495142
30,1.968,-0.542736397234561
30,1.974,-0.551103670932545
30,1.98,-0.559824579813375
30,1.986,-0.568921625238448
30,1.992,-0.578419100995891
30,1.998,-0.588343265887335
30,2.004,-0.598722535825679
30,2.01,-0.609587697978255
30,2.016,-0.62097214986169
30,2.022,-0.632912166727712
30,2.028,-0.645447201084111
30,2.034,-0.658620218784913
30,2.04,-0.672478076814693
30,2.046,-0.687071948702833
30,2.052,-0.702457804457068
30,2.058,-0.718696953030031
30,2.064,-0.7358566566609
30,2.07,-0.754010828007786
30,2.076,-0.773240822854765
30,2.082,-0.79363634340113
30,2.088,-0.815296469794059
30,2.094,-0.838330840740371
30,2.1,-0.862861007841278
30,2.106,-0.889021992874084
30,2.112,-0.916964082769048
30,2.118,-0.946854903710909
30,2.124,-0.978881823898804
30,2.13,-1.01325474435742
30,2.136,-1.05020934922237
30,2.142,-1.09001090164737
30,2.148,-1.13295868956102
30,2.154,-1.1793912477746
30,2.16,-1.22969251047437
30,2.166,-1.28429908228771
30,2.172,-1.34370885864139
30,2.178,-1.40849127929882
30,2.184,-1.47929956571881
30,2.19,-1.55688537708749
30,2.196,-1.64211642666124
30,2.202,-1.73599773628252
30,2.208,-1.83969738191101
30,2.214,-1.9545778096095
30,2.22,-2.08223409773188
30,2.226,-2.22454093310114
30,2.232,-2.383710595118
30,2.238,-2.56236496016147
30,2.244,-2.76362554005088
30,2.25,-2.99122699848248
30,2.256,-3.24966168939121
30,2.262,-3.54436594180428
30,2.268,-3.88196379629681
30,2.274,-4.27059197439454
30,2.28,-4.72034343664923
30,2.286,-5.24389055347295
30,2.292,-5.85739178433329
30,2.298,-6.58186665625751
30,2.304,-7.44538359532327
30,2.31,-8.48673763962987
30,2.316,-9.76202982437634
30,2.322,-11.357291857839
30,2.328,-13.4145743592922
30,2.334,-16.1882713321849
30,2.34,-20.1287697821838
30,2.346,-24.8412514700982
30,2.352,-22.8902422544021
30,2.358,-18.1760170478635
30,2.364,-14.8126202933185
30,2.37,-12.3910452411385
30,2.376,-10.5541558389717
30,2.382,-9.10761896493275
30,2.388,-7.93900649612214
30,2.394,-6.97778187270792
30,2.4,-6.17659583251896
30,2.406,-5.50194144142021
30,2.412,-4.92913051592879
30,2.418,-4.43940728753803
30,2.424,-4.01818898689398
30,2.43,-3.65393568381476
30,2.436,-3.33739025742603
30,2.442,-3.06104677642532
30,2.448,-2.81876621663944
30,2.454,-2.60549112516351
30,2.46,-2.4170291457286
30,2.466,-2.24988595756812
30,2.472,-2.10113459005762
30,2.478,-1.96831207952281
30,2.484,-1.84933702570802
30,2.49,-1.74244333948056
30,2.496,-1.64612667035035
30,2.502,-1.55910085163244
30,2.508,-1.48026231794685
30,2.514,-1.40866090671476
30,2.52,-1.34347579932182
30,2.526,-1.28399562001272
30,2.532,-1.22960191286235
30,2.538,-1.17975537447084
30,2.544,-1.13398434324298
30,2.55,-1.09187514321356
30,2.556,-1.05306395730925
30,2.562,-1.0172299661691
30,2.568,-0.984089537588377
30,2.574,-0.953391290923249
30,2.58,-0.924911892420254
30,2.586,-0.89845246299259
30,2.592,-0.873835500686038
30,2.598,-0.850902236930816
30,2.604,-0.829510359425543
30,2.61,-0.809532045751221
30,2.616,-0.790852261047513
30,2.622,-0.773367280684733
30,2.628,-0.75698340513854
30,2.634,-0.74161583946749
30,2.64,-0.727187714103454
30,2.646,-0.713629227251587
30,2.652,-0.700876892189136
30,2.658,-0.688872875255695
30,2.664,-0.6775644124269
30,2.67,-0.666903294128585
30,2.676,-0.656845409435668
30,2.682,-0.647350342056764
30,2.688,-0.638381011569309
30,2.694,-0.629903354272913
30,2.7,-0.621886038796759
30,2.706,-0.614300212251455
30,2.712,-0.607119273275075
30,2.718,-0.600318668801843
30,2.724,-0.593875711792778
30,2.73,-0.587769417520534
30,2.736,-0.581980356304754
30,2.742,-0.576490520856764
30,2.748,-0.571283206619214
30,2.754,-0.566342903682758
30,2.76,-0.561655199032472
30,2.766,-0.557206688024903
30,2.772,-0.552984894125768
30,2.778,-0.548978196050816
30,2.784,-0.545175761550975
30,2.79,-0.541567487168824
30,2.796,-0.538143943369018
30,2.802,-0.534896324511595
30,2.808,-0.531816403195321
30,2.814,-0.528896488549673
30,2.82,-0.526129388099179
30,2.826,-0.523508372864073
30,2.832,-0.521027145396329
30,2.838,-0.518679810481756
30,2.844,-0.516460848266538
30,2.85,-0.514365089591176
30,2.856,-0.51238769333712
30,2.862,-0.510524125610612
30,2.868,-0.508770140605955
30,2.874,-0.507121763005984
30,2.88,-0.505575271791484
30,2.886,-0.504127185343773
30,2.892,-0.502774247736039
30,2.898,-0.50151341611895
30,2.904,-0.500341849115253
30,2.91,-0.499256896146259
30,2.916,-0.498256087620481
30,2.922,-0.497337125921396
30,2.928,-0.49649787713736
30,2.934,-0.495736363482326
30,2.94,-0.495050756360791
30,2.946,-0.494439370035284
30,2.952,-0.493900655858641
30,2.958,-0.493433197037303
30,2.964,-0.493035703895391
30,2.97,-0.492707009612537
30,2.976,-0.492446066411498
30,2.982,-0.492251942174549
30,2.988,-0.492123817469986
30,2.994,-0.492060982972942
30,3,-0.492062837266797
30,3.006,-0.49212888501383
30,3.012,-0.49225873548593
30,3.018,-0.492452101448209
30,3.024,-0.492708798390512
30,3.03,-0.493028744103627
30,3.036,-0.493411958599237
30,3.042,-0.493858564374362
30,3.048,-0.494368787023267
30,3.054,-0.494942956201735
30,3.06,-0.495581506950683
30,3.066,-0.496284981388257
30,3.072,-0.497054030781887
30,3.078,-0.497889418013948
30,3.084,-0.498792020457414
30,3.09,-0.499762833280231
30,3.096,-0.500802973200284
30,3.102,-0.501913682715696
30,3.108,-0.503096334838481
30,3.114,-0.504352438363209
30,3.12,-0.505683643706279
30,3.126,-0.507091749355454
30,3.132,-0.50857870897422
30,3.138,-0.510146639210455
30,3.144,-0.511797828264644
30,3.15,-0.513534745279199
30,3.156,-0.515360050617096
30,3.162,-0.517276607106127
30,3.168,-0.519287492333198
30,3.174,-0.521396012083033
30,3.18,-0.523605715025898
30,3.186,-0.525920408771181
30,3.192,-0.528344177416734
30,3.198,-0.530881400739118
30,3.204,-0.533536775186331
30,3.21,-0.536315336853836
30,3.216,-0.539222486645823
30,3.222,-0.542264017847772
30,3.228,-0.545446146363598
30,3.234,-0.548775543901292
30,3.24,-0.552259374426217
30,3.246,-0.555905334240472
30,3.252,-0.559721696092272
30,3.258,-0.563717357770326
30,3.264,-0.567901895697147
30,3.27,-0.572285624102108
30,3.276,-0.576879660431929
30,3.282,-0.58169599774423
30,3.288,-0.586747584931073
30,3.294,-0.592048415735643
30,3.3,-0.597613627659604
30,3.306,-0.603459612013495
30,3.312,-0.609604136541919
30,3.318,-0.616066482263126
30,3.324,-0.62286759640408
30,3.33,-0.630030263592994
30,3.336,-0.637579297798717
30,3.342,-0.645541757889453
30,3.348,-0.653947190130792
30,3.354,-0.662827901468959
30,3.36,-0.672219268062775
30,3.366,-0.682160084255841
30,3.372,-0.692692958039471
30,3.378,-0.703864760073815
30,3.384,-0.715727134540022
30,3.39,-0.72833708152896
30,3.396,-0.741757622378373
30,3.402,-0.75605856140726
30,3.408,-0.771317359932814
30,3.414,-0.787620141376819
30,3.42,-0.80506284977867
30,3.426,-0.823752588258226
30,3.432,-0.843809169071245
30,3.438,-0.865366913063485
30,3.444,-0.888576743793658
30,3.45,-0.913608630648458
30,3.456,-0.940654446268081
30,3.462,-0.969931316969185
30,3.468,-1.00168556111694
30,3.474,-1.0361973301892
30,3.48,-1.07378609134591
30,3.486,-1.11481711954927
30,3.492,-1.15970920269097
30,3.498,-1.20894380589614
30,3.504,-1.26307599236772
30,3.51,-1.32274745890298
30,3.516,-1.3887021153182
30,3.522,-1.46180471841828
30,3.528,-1.54306316117663
30,3.534,-1.63365511171885
30,3.54,-1.73495978427256
30,3.546,-1.84859568548233
30,3.552,-1.97646517757589
30,3.558,-2.12080656904759
30,3.564,-2.2842540684052
30,3.57,-2.46990511642486
30,3.576,-2.6813929990835
30,3.582,-2.92295963092914
30,3.588,-3.19951792490918
30,3.594,-3.51668334913442
30,3.6,-3.88073675284162
32,1.2,-0.207596058532803
32,1.206,-0.208915623702063
32,1.212,-0.210239214840507
32,1.218,-0.211566900761874
32,1.224,-0.212898752880691
32,1.23,-0.21423484530863
32,1.236,-0.21557525495353
32,1.242,-0.216920061621272
32,1.248,-0.218269348120615
32,1.254,-0.219623200371167
32,1.26,-0.220981707514674
32,1.266,-0.222344962029757
32,1.272,-0.223713059850312
32,1.278,-0.225086100487752
32,1.284,-0.226464187157247
32,1.29,-0.227847426908238
32,1.296,-0.229235930759372
32,1.302,-0.230629813838117
32,1.308,-0.232029195525281
32,1.314,-0.233434199604662
32,1.32,-0.234844954418145
32,1.326,-0.236261593026432
32,1.332,-0.237684253375755
32,1.338,-0.239113078470851
32,1.344,-0.240548216554501
32,1.35,-0.241989821293949
32,1.356,-0.243438051974614
32,1.362,-0.244893073701367
32,1.368,-0.24635505760784
32,1.374,-0.247824181074112
32,1.38,-0.249300627953218
32,1.386,-0.250784588806956
32,1.392,-0.252276261151427
32,1.398,-0.253775849712821
32,1.404,-0.255283566693993
32,1.41,-0.256799632052361
32,1.416,-0.258324273789737
32,1.422,-0.259857728254698
32,1.428,-0.261400240458158
32,1.434,-0.262952064402851
32,1.44,-0.26451346342743
32,1.446,-0.266084710566005
32,1.452,-0.267666088923912
32,1.458,-0.269257892070577
32,1.464,-0.270860424450454
32,1.47,-0.272474001812974
32,1.476,-0.274098951662556
32,1.482,-0.275735613729786
32,1.488,-0.277384340464965
32,1.494,-0.279045497555228
32,1.5,-0.280719464466579
32,1.506,-0.282406635012277
32,1.512,-0.28410741794901
32,1.518,-0.285822237602509
32,1.524,-0.287551534524262
32,1.53,-0.289295766181136
32,1.536,-0.291055407679838
32,1.542,-0.292830952528294
32,1.548,-0.294622913436022
32,1.554,-0.296431823155969
32,1.56,-0.298258235370208
32,1.566,-0.300102725622178
32,1.572,-0.30196589229828
32,1.578,-0.303848357661913
32,1.584,-0.3057507689431
32,1.59,-0.307673799487289
32,1.596,-0.309618149966908
32,1.602,-0.311584549659749
32,1.608,-0.313573757798407
32,1.614,-0.315586564995288
32,1.62,-0.317623794748149
32,1.626,-0.319686305031392
32,1.632,-0.321774989978741
32,1.638,-0.323890781663368
32,1.644,-0.326034651981972
32,1.65,-0.32820761464985
32,1.656,-0.330410727314431
32,1.662,-0.332645093795444
32,1.668,-0.334911866460446
32,1.674,-0.337212248745127
32,1.68,-0.339547497828568
32,1.686,-0.34191892747445
32,1.692,-0.344327911050037
32,1.698,-0.346775884735764
32,1.704,-0.349264350939304
32,1.71,-0.351794881929108
32,1.716,-0.354369123703657
32,1.722,-0.356988800114058
32,1.728,-0.35965571725907
32,1.734,-0.36237176817328
32,1.74,-0.365138937830973
32,1.746,-0.367959308490152
32,1.752,-0.370835065403323
32,1.758,-0.373768502924041
32,1.764,-0.376762031040782
32,1.77,-0.379818182372567
32,1.776,-0.382939619663901
32,1.782,-0.386129143820055
32,1.788,-0.389389702527531
32,1.794,-0.392724399508778
32,1.8,-0.396136504464827
32,1.806,-0.399629463764794
32,1.812,-0.40320691194672
32,1.818,-0.406872684100697
32,1.824,-0.410630829212168
32,1.83,-0.414485624551089
32,1.836,-0.418441591201292
32,1.842,-0.422503510834068
32,1.848,-0.426676443840654
32,1.854,-0.430965748950372
32,1.86,-0.435377104474499
32,1.866,-0.439916531330892
32,1.872,-0.444590418021181
32,1.878,-0.449405547751077
32,1.884,-0.454369127905397
32,1.89,-0.459488822113103
32,1.896,-0.464772785164196
32,1.902,-0.470229701070414
32,1.908,-0.475868824595312
32,1.914,-0.481700026617737
32,1.92,-0.48773384373567
32,1.926,-0.493981532566594
32,1.932,-0.500455129255841
32,1.938,-0.507167514767604
32,1.944,-0.514132486604982
32,1.95,-0.521364837687213
32,1.956,-0.528880443205582
32,1.962,-0.536696356386207
32,1.968,-0.544830914210011
32,1.974,-0.55330385428042
32,1.98,-0.562136444190234
32,1.986,-0.571351624924541
32,1.992,-0.58097417005015
32,1.998,-0.591030862688965
32,2.004,-0.601550692558374
32,2.01,-0.612565075693114
32,2.016,-0.624108099847988
32,2.022,-0.636216799029023
32,2.028,-0.648931461123564
32,2.034,-0.662295973210979
32,2.04,-0.676358209851924
32,2.046,-0.691170470494926
32,2.052,-0.706789973128646
32,2.058,-0.723279412475288
32,2.064,-0.740707592400525
32,2.07,-0.759150143850588
32,2.076,-0.778690341569762
32,2.082,-0.799420035165076
32,2.088,-0.821440712847446
32,2.094,-0.844864719485111
32,2.1,-0.869816654574321
32,2.106,-0.896434980509185
32,2.112,-0.924873877297394
32,2.118,-0.955305386846415
32,2.124,-0.98792189841386
32,2.13,-1.02293903712696
32,2.136,-1.0605990300672
32,2.142,-1.10117463983989
32,2.148,-1.14497377450332
32,2.154,-1.19234490610371
32,2.16,-1.24368345898045
32,2.166,-1.29943936491651
32,2.172,-1.36012602697534
32,2.178,-1.42633098989845
32,2.184,-1.49872868538715
32,2.19,-1.57809570959885
32,2.196,-1.6653292032577
32,2.202,-1.76146904931609
32,2.208,-1.86772478920937
32,2.214,-1.9855084004398
32,2.22,-2.11647439535395
32,2.226,-2.2625691222791
32,2.232,-2.42609171836518
32,2.238,-2.60976994376128
32,2.244,-2.81685522171191
32,2.25,-3.05124278492147
32,2.256,-3.31762516223967
32,2.262,-3.62169080719004
32,2.268,-3.97038531163383
32,2.274,-4.37226189195729
32,2.28,-4.83796354449204
32,2.286,-5.38090698711521
32,2.292,-6.01828939892044
32,2.298,-6.77263656412604
32,2.304,-7.67430768508193
32,2.31,-8.76579224963141
32,2.316,-10.1095963198277
32,2.322,-11.8039003047833
32,2.328,-14.0165355265565
32,2.334,-17.0640708340609
32,2.34,-21.5400559930633
32,2.346,-26.1894498447838
32,2.352,-22.1399416525811
32,2.358,-17.4557605157438
32,2.364,-14.2731708920464
32,2.37,-11.9771176492961
32,2.376,-10.226285012893
32,2.382,-8.84154130657928
32,2.388,-7.7191812452132
32,2.394,-6.79369167289763
32,2.4,-6.02077279620074
32,2.406,-5.36887535482983
32,2.412,-4.81463282555348
32,2.418,-4.34022071158921
32,2.424,-3.93173587515954
32,2.43,-3.57814849208927
32,2.436,-3.27059285493327
32,2.442,-3.00186859428606
32,2.448,-2.76607846933143
32,2.454,-2.55835840249798
32,2.46,-2.37467204083443
32,2.466,-2.21165182428046
32,2.472,-2.06647441500124
32,2.478,-1.93676203116721
32,2.484,-1.8205036287828
32,2.49,-1.71599148974431
32,2.496,-1.62176989399329
32,2.502,-1.53659335122729
32,2.508,-1.45939244894588
32,2.514,-1.38924580543854
32,2.52,-1.32535694214748
32,2.526,-1.26703513881772
32,2.532,-1.21367952707434
32,2.538,-1.16476582773849
32,2.544,-1.11983525455314
32,2.55,-1.0784851995642
32,2.556,-1.04036138880512
32,2.562,-1.00515125540254
32,2.568,-0.972578323988481
32,2.574,-0.942397437857234
32,2.58,-0.914390690566605
32,2.586,-0.888363948152981
32,2.592,-0.864143867980708
32,2.598,-0.841575336402236
32,2.604,-0.820519260593734
32,2.61,-0.800850660729687
32,2.616,-0.782457017527667
32,2.622,-0.76523683749786
32,2.628,-0.74909840426328
32,2.634,-0.733958689311896
32,2.64,-0.719742399689878
32,2.646,-0.706381143599015
32,2.652,-0.693812697744491
32,2.658,-0.68198036269246
32,2.664,-0.670832394521492
32,2.67,-0.660321502755162
32,2.676,-0.650404405998855
32,2.682,-0.641041437917649
32,2.688,-0.632196197220192
32,2.694,-0.623835236186367
32,2.7,-0.615927783019436
32,2.706,-0.608445493936832
32,2.712,-0.601362231455172
32,2.718,-0.594653865788759
32,2.724,-0.588298096678822
32,2.73,-0.582274293312904
32,2.736,-0.57656335028863
32,2.742,-0.571147557830769
32,2.748,-0.566010484690418
32,2.754,-0.561136872346189
32,2.76,-0.556512539292592
32,2.766,-0.552124294345075
32,2.772,-0.547959858016472
32,2.778,-0.5440077911291
32,2.784,-0.540257429922566
32,2.79,-0.536698827000917
32,2.796,-0.533322697536405
32,2.802,-0.530120370211603
32,2.808,-0.52708374243829
32,2.814,-0.524205239441722
32,2.82,-0.52147777684276
32,2.826,-0.518894726409627
32,2.832,-0.516449884685219
32,2.838,-0.514137444226844
32,2.844,-0.511951967222003
32,2.85,-0.509888361268324
32,2.856,-0.507941857126878
32,2.862,-0.506107988277513
32,2.868,-0.504382572121688
32,2.874,-0.502761692693697
32,2.88,-0.501241684754741
32,2.886,-0.499819119156604
32,2.892,-0.498490789372571
32,2.898,-0.497253699103218
32,2.904,-0.496105050873544
32,2.91,-0.495042235545893
32,2.916,-0.494062822680402
32,2.922,-0.493164551681294
32,2.928,-0.492345323673181
32,2.934,-0.491603194057064
32,2.94,-0.49093636570051
32,2.946,-0.490343182721106
32,2.952,-0.489822124826314
32,2.958,-0.489371802176615
32,2.964,-0.488990950742398
32,2.97,-0.488678428128181
32,2.976,-0.48843320984075
32,2.982,-0.488254385980639
32,2.988,-0.488141158338897
32,2.994,-0.488092837883632
32,3,-0.488108842623074
32,3.006,-0.488188695834191
32,3.012,-0.488332024647971
32,3.018,-0.48853855898457
32,3.024,-0.488808130833569
32,3.03,-0.489140673876546
32,3.036,-0.489536223451078
32,3.042,-0.489994916857382
32,3.048,-0.490516994010712
32,3.054,-0.491102798444618
32,3.06,-0.49175277867237
32,3.066,-0.492467489915885
32,3.072,-0.493247596213831
32,3.078,-0.494093872922834
32,3.084,-0.495007209628327
32,3.09,-0.495988613484211
32,3.096,-0.497039213003183
32,3.102,-0.498160262322928
32,3.108,-0.499353145976412
32,3.114,-0.500619384198262
32,3.12,-0.50196063880306
32,3.126,-0.503378719675664
32,3.132,-0.504875591918454
32,3.138,-0.506453383705348
32,3.144,-0.508114394898362
32,3.15,-0.509861106488714
32,3.156,-0.511696190931298
32,3.162,-0.513622523449394
32,3.168,-0.5156431943948
32,3.174,-0.517761522758469
32,3.18,-0.519981070937236
32,3.186,-0.522305660874367
32,3.192,-0.524739391705074
32,3.198,-0.527286659053353
32,3.204,-0.529952176143154
32,3.21,-0.532740996906462
32,3.216,-0.53565854129206
32,3.222,-0.538710623003192
32,3.228,-0.54190347991983
32,3.234,-0.545243807492531
32,3.24,-0.548738795429957
32,3.246,-0.552396168042559
32,3.252,-0.556224228650421
32,3.258,-0.560231908515449
32,3.264,-0.564428820817451
32,3.27,-0.568825320261646
32,3.276,-0.57343256898306
32,3.282,-0.578262609502374
32,3.288,-0.583328445590617
32,3.294,-0.588644132018063
32,3.3,-0.594224874299051
32,3.306,-0.600087139701771
32,3.312,-0.60624878097419
32,3.318,-0.612729174448762
32,3.324,-0.61954937443374
32,3.33,-0.626732286084801
32,3.336,-0.634302859284057
32,3.342,-0.642288306442875
32,3.348,-0.650718347601214
32,3.354,-0.659625486731709
32,3.36,-0.669045323786229
32,3.366,-0.679016907764872
32,3.372,-0.68958313696394
32,3.378,-0.70079121359704
32,3.384,-0.712693161214346
32,3.39,-0.725346414808876
32,3.396,-0.738814495242354
32,3.402,-0.753167781706521
32,3.408,-0.768484398428533
32,3.414,-0.784851234819659
32,3.42,-0.80236512186182
32,3.426,-0.821134191857028
32,3.432,-0.841279453892692
32,3.438,-0.862936623698225
32,3.444,-0.886258254228196
32,3.45,-0.911416222602329
32,3.456,-0.938604640326915
32,3.462,-0.968043267459211
32,3.468,-0.999981528095599
32,3.474,-1.03470324491283
32,3.48,-1.07253223524359
32,3.486,-1.1138389412261
32,3.492,-1.15904830296985
32,3.498,-1.20864912756434
32,3.504,-1.26320525930019
32,3.51,-1.32336891873475
32,3.516,-1.38989665088577
32,3.522,-1.46366840563246
32,3.528,-1.54571036427752
32,3.534,-1.63722221970167
32,3.54,-1.73960970203132
32,3.546,-1.85452319490878
32,3.552,-1.98390326838622
32,3.558,-2.13003379031015
32,3.564,-2.29560284121361
32,3.57,-2.48377072644602
32,3.576,-2.69824256894072
32,3.582,-2.94333960742575
32,3.588,-3.22405724534488
32,3.594,-3.54608702144712
32,3.6,-3.91576030746217
34,1.2,-0.206723409927735
34,1.206,-0.208048258181423
34,1.212,-0.209377623412498
34,1.218,-0.21071157562691
34,1.224,-0.212050187545443
34,1.23,-0.213393534700856
34,1.236,-0.214741695537884
34,1.242,-0.216094751516215
34,1.248,-0.217452787216664
34,1.254,-0.218815890450613
34,1.26,-0.220184152372964
34,1.266,-0.221557667598721
34,1.272,-0.222936534323435
34,1.278,-0.224320854447655
34,1.284,-0.22571073370561
34,1.29,-0.22710628179833
34,1.296,-0.228507612531418
34,1.302,-0.22991484395771
34,1.308,-0.231328098525038
34,1.314,-0.232747503229405
34,1.32,-0.234173189773757
34,1.326,-0.235605294732702
34,1.332,-0.237043959723433
34,1.338,-0.238489331583161
34,1.344,-0.239941562553384
34,1.35,-0.241400810471356
34,1.356,-0.242867238969057
34,1.362,-0.244341017680116
34,1.368,-0.245822322455002
34,1.374,-0.247311335584974
34,1.38,-0.248808246035182
34,1.386,-0.250313249687391
34,1.392,-0.251826549592844
34,1.398,-0.253348356235745
34,1.404,-0.254878887807942
34,1.41,-0.256418370495345
34,1.416,-0.257967038776744
34,1.422,-0.259525135735606
34,1.428,-0.261092913385596
34,1.434,-0.262670633010479
34,1.44,-0.264258565519236
34,1.446,-0.265856991817126
34,1.452,-0.267466203193617
34,1.458,-0.269086501728028
34,1.464,-0.270718200713902
34,1.47,-0.272361625103092
34,1.476,-0.274017111970637
34,1.482,-0.275685011001591
34,1.488,-0.277365685001037
34,1.494,-0.279059510428512
34,1.5,-0.280766877958301
34,1.506,-0.282488193067002
34,1.512,-0.284223876649934
34,1.518,-0.285974365668045
34,1.524,-0.287740113827045
34,1.53,-0.289521592290692
34,1.536,-0.291319290430196
34,1.542,-0.293133716611806
34,1.548,-0.294965399025004
34,1.554,-0.296814886553513
34,1.56,-0.298682749691922
34,1.566,-0.30056958151047
34,1.572,-0.302475998671113
34,1.578,-0.304402642497893
34,1.584,-0.306350180105066
34,1.59,-0.308319305586472
34,1.596,-0.310310741270171
34,1.602,-0.31232523904229
34,1.608,-0.314363581744624
34,1.614,-0.316426584650709
34,1.62,-0.318515097025358
34,1.626,-0.320630003773327
34,1.632,-0.322772227182703
34,1.638,-0.324942728769552
34,1.644,-0.327142511230419
34,1.65,-0.329372620510108
34,1.656,-0.331634147992432
34,1.662,-0.333928232822508
34,1.668,-0.336256064369613
34,1.674,-0.338618884840426
34,1.68,-0.341017992053244
34,1.686,-0.343454742384613
34,1.692,-0.345930553900673
34,1.698,-0.348446909686602
34,1.704,-0.351005361388557
34,1.71,-0.353607532983774
34,1.716,-0.356255124795707
34,1.722,-0.358949917772587
34,1.728,-0.36169377804926
34,1.734,-0.364488661813957
34,1.74,-0.367336620503388
34,1.746,-0.370239806351753
34,1.752,-0.373200478321339
34,1.758,-0.376221008444982
34,1.764,-0.379303888613282
34,1.77,-0.382451737842493
34,1.776,-0.385667310062242
34,1.782,-0.388953502465967
34,1.788,-0.392313364470723
34,1.794,-0.395750107337724
34,1.8,-0.399267114509544
34,1.806,-0.402867952725546
34,1.812,-0.406556383982906
34,1.818,-0.410336378417286
34,1.824,-0.414212128184581
34,1.83,-0.418188062433205
34,1.836,-0.422268863465621
34,1.842,-0.426459484197725
34,1.848,-0.430765167036142
34,1.854,-0.435191464305843
34,1.86,-0.439744260374743
34,1.866,-0.444429795637369
34,1.872,-0.449254692537504
34,1.878,-0.454225983829162
34,1.884,-0.459351143297574
34,1.89,-0.464638119186423
34,1.896,-0.470095370605828
34,1.902,-0.475731907226729
34,1.908,-0.481557332603136
34,1.914,-0.487581891503599
34,1.92,-0.493816521678862
34,1.926,-0.50027291054391
34,1.932,-0.506963557311178
34,1.938,-0.513901841177897
34,1.944,-0.521102096246067
34,1.95,-0.528579693939621
34,1.956,-0.536351133781585
34,1.962,-0.544434143506329
34,1.968,-0.552847789610736
34,1.974,-0.561612599595677
34,1.98,-0.57075069731894
34,1.986,-0.580285953076057
34,1.992,-0.590244150250826
34,1.998,-0.600653170637727
34,2.004,-0.6115432008399
34,2.01,-0.622946962496009
34,2.016,-0.634899969495814
34,2.022,-0.647440815817587
34,2.028,-0.660611498172807
34,2.034,-0.674457778289737
34,2.04,-0.689029590424318
34,2.046,-0.704381500576198
34,2.052,-0.720573224934357
34,2.058,-0.737670216311752
34,2.064,-0.75574432878897
34,2.07,-0.77487457251834
34,2.076,-0.795147972697193
34,2.082,-0.816660549170348
34,2.088,-0.839518436049132
34,2.094,-0.863839164239776
34,2.1,-0.889753133982872
34,2.106,-0.917405309572496
34,2.112,-0.946957174540584
34,2.118,-0.978588992997864
34,2.124,-1.01250243181451
34,2.13,-1.04892360927372
34,2.136,-1.08810664920772
34,2.142,-1.13033783601549
34,2.148,-1.17594048611179
34,2.154,-1.22528067621047
34,2.16,-1.27877399961119
34,2.166,-1.33689355988212
34,2.172,-1.40017945900874
34,2.178,-1.46925009679976
34,2.184,-1.54481567349483
34,2.19,-1.62769438257966
34,2.196,-1.71883190175385
34,2.202,-1.81932494489292
34,2.208,-1.93044983778909
34,2.214,-2.05369734095728
34,2.22,-2.19081528601098
34,2.226,-2.34386105045463
34,2.232,-2.5152665178743
34,2.238,-2.70791903158471
34,2.244,-2.92526306925611
34,2.25,-3.17142913934483
34,2.256,-3.45139905639061
34,2.262,-3.7712208614237
34,2.268,-4.13829323112669
34,2.274,-4.56175012631024
34,2.28,-5.0529951862393
34,2.286,-5.62646887204731
34,2.292,-6.30079365745502
34,2.298,-7.10056376786819
34,2.304,-8.05929445270794
34,2.31,-9.22458786144064
34,2.316,-10.6678455004945
34,2.322,-12.5041016188868
34,2.328,-14.9363646658718
34,2.334,-18.3587397228212
34,2.34,-23.3950711291424
34,2.346,-25.8686369720824
34,2.352,-20.5691989975112
34,2.358,-16.4137297551986
34,2.364,-13.5553400271825
34,2.37,-11.452124090194
34,2.376,-9.82656303976813
34,2.382,-8.52897707172817
34,2.388,-7.47024452016387
34,2.394,-6.59279510967918
34,2.4,-5.85702775779723
34,2.406,-5.23436836184
34,2.412,-4.70344074794166
34,2.418,-4.24781158011894
34,2.424,-3.85458407303851
34,2.43,-3.51347603423621
34,2.436,-3.21618869536329
34,2.442,-2.95595847381826
34,2.448,-2.72722883628686
34,2.454,-2.52540410249993
34,2.46,-2.34666106393424
34,2.466,-2.18780257682433
34,2.472,-2.0461423579168
34,2.478,-1.91941342522434
34,2.484,-1.80569473517763
34,2.49,-1.70335199747875
34,2.496,-1.61098964744947
34,2.502,-1.52741167122298
34,2.508,-1.45158950336577
34,2.514,-1.38263560770146
34,2.52,-1.3197816484261
34,2.526,-1.26236038582033
34,2.532,-1.20979060683381
34,2.538,-1.1615645382181
34,2.544,-1.11723729790389
34,2.55,-1.0764180257337
34,2.556,-1.03876240254376
34,2.562,-1.00396632077936
34,2.568,-0.971760513264983
34,2.574,-0.941905981698512
34,2.58,-0.91419009465606
34,2.586,-0.888423247753532
34,2.592,-0.864435997189376
34,2.598,-0.842076593039304
34,2.604,-0.821208851059001
34,2.61,-0.801710311908621
34,2.616,-0.783470645067276
34,2.622,-0.766390261597093
34,2.628,-0.750379105615699
34,2.634,-0.735355599063386
34,2.64,-0.72124571828185
34,2.646,-0.707982184198787
34,2.652,-0.695503750652211
34,2.658,-0.683754577684125
34,2.664,-0.672683678561559
34,2.67,-0.662244430907454
34,2.676,-0.652394143694536
34,2.682,-0.643093673015475
34,2.688,-0.634307080526381
34,2.694,-0.626001329296604
34,2.7,-0.618146012510303
34,2.706,-0.610713111073008
34,2.712,-0.603676776696658
34,2.718,-0.597013137482392
34,2.724,-0.590700123403369
34,2.73,-0.584717309419539
34,2.736,-0.579045774240553
34,2.742,-0.573667972998447
34,2.748,-0.568567622304557
34,2.754,-0.563729596349322
34,2.76,-0.559139832863753
34,2.766,-0.554785247900861
34,2.772,-0.550653658516711
34,2.778,-0.546733712536929
34,2.784,-0.543014824687316
34,2.79,-0.539487118448422
34,2.796,-0.53614137306541
34,2.802,-0.532968975207114
34,2.808,-0.529961874823475
34,2.814,-0.52711254479916
34,2.82,-0.524413944044044
34,2.826,-0.521859483699382
34,2.832,-0.519442996171893
34,2.838,-0.517158706738013
34,2.844,-0.515001207486877
34,2.85,-0.512965433394206
34,2.856,-0.511046640340231
34,2.862,-0.509240384903438
34,2.868,-0.507542505778647
34,2.874,-0.505949106682797
34,2.88,-0.504456540625284
34,2.886,-0.503061395431486
34,2.892,-0.501760480419136
34,2.898,-0.500550814136548
34,2.904,-0.499429613080787
34,2.91,-0.498394281321395
34,2.916,-0.497442400962658
34,2.922,-0.496571723383661
34,2.928,-0.495780161201323
34,2.934,-0.495065780906884
34,2.94,-0.494426796131118
34,2.946,-0.493861561498038
34,2.952,-0.493368567030847
34,2.958,-0.492946433077643
34,2.964,-0.492593905727839
34,2.97,-0.492309852693364
34,2.976,-0.492093259631713
34,2.982,-0.49194322689071
34,2.988,-0.491858966657311
34,2.994,-0.491839800495352
34,3,-0.491885157259338
34,3.006,-0.491994571373661
34,3.012,-0.492167681468729
34,3.018,-0.492404229367612
34,3.024,-0.492704059418601
34,3.03,-0.493067118171501
34,3.036,-0.493493454396928
34,3.042,-0.493983219450254
34,3.048,-0.49453666798368
34,3.054,-0.495154159011961
34,3.06,-0.495836157339448
34,3.066,-0.496583235358262
34,3.072,-0.497396075229642
34,3.078,-0.498275471463079
34,3.084,-0.499222333910051
34,3.09,-0.500237691192274
34,3.096,-0.501322694586887
34,3.102,-0.502478622394423
34,3.108,-0.50370688481853
34,3.114,-0.505009029390268
34,3.12,-0.506386746973622
34,3.126,-0.507841878393348
34,3.132,-0.509376421731082
34,3.138,-0.510992540340748
34,3.144,-0.512692571640328
34,3.15,-0.514479036743374
34,3.156,-0.516354651000754
34,3.162,-0.518322335531198
34,3.168,-0.520385229827825
34,3.174,-0.522546705537901
34,3.18,-0.524810381523883
34,3.186,-0.527180140326176
34,3.192,-0.52966014616187
34,3.198,-0.532254864609069
34,3.204,-0.534969084143983
34,3.21,-0.537807939717341
34,3.216,-0.540776938578988
34,3.222,-0.543881988584332
34,3.228,-0.547129429244519
34,3.234,-0.550526065814351
34,3.24,-0.554079206747995
34,3.246,-0.557796704893956
34,3.252,-0.56168700284761
34,3.258,-0.565759182933094
34,3.264,-0.570023022347416
34,3.27,-0.574489054069508
34,3.276,-0.579168634216975
34,3.282,-0.584074016625076
34,3.288,-0.589218435528016
34,3.294,-0.59461619734431
34,3.3,-0.600282782707927
34,3.306,-0.606234960049249
34,3.312,-0.612490912217303
34,3.318,-0.619070377852405
34,3.324,-0.625994809471304
34,3.33,-0.633287550521455
34,3.336,-0.640974034004675
34,3.342,-0.649082005672321
34,3.348,-0.657641775264756
34,3.354,-0.666686499820638
34,3.36,-0.676252503731707
34,3.366,-0.686379640985244
34,3.372,-0.697111705942292
34,3.378,-0.708496900072183
34,3.384,-0.720588363336823
34,3.39,-0.73344478043219
34,3.396,-0.74713107389921
34,3.402,-0.761719198272403
34,3.408,-0.777289052016274
34,3.414,-0.793929527097308
34,3.42,-0.811739719764911
34,3.426,-0.830830330603739
34,3.432,-0.851325287340459
34,3.438,-0.87336363044553
34,3.444,-0.897101709516908
34,3.45,-0.922715748077628
34,3.456,-0.950404846139785
34,3.462,-0.980394504144618
34,3.468,-1.01294076923979
34,3.474,-1.04833512597048
34,3.48,-1.08691027913755
34,3.486,-1.12904700774213
34,3.492,-1.1751823066505
34,3.498,-1.22581907802526
34,3.504,-1.28153768884868
34,3.51,-1.34300977502242
34,3.516,-1.41101474711168
34,3.522,-1.4864595373079
34,3.528,-1.57040221905714
34,3.534,-1.66408022367515
34,3.54,-1.76894395897732
34,3.546,-1.88669667842786
34,3.552,-2.01934140992751
34,3.558,-2.16923555018067
34,3.564,-2.33915322209573
34,3.57,-2.53235443308868
34,3.576,-2.75265803487258
34,3.582,-3.0045117268058
34,3.588,-3.29304555921961
34,3.594,-3.6240832649911
34,3.6,-4.00406414236545
36,1.2,-0.206329649103583
36,1.206,-0.207663738088054
36,1.212,-0.209002650760378
36,1.218,-0.210346459685482
36,1.224,-0.211695240222483
36,1.23,-0.213049070623648
36,1.236,-0.214408032136316
36,1.242,-0.215772209107935
36,1.248,-0.217141689094386
36,1.254,-0.218516562971743
36,1.26,-0.219896925051625
36,1.266,-0.221282873200372
36,1.272,-0.22267450896215
36,1.278,-0.224071937686275
36,1.284,-0.225475268658873
36,1.29,-0.226884615239151
36,1.296,-0.228300095000484
36,1.302,-0.22972182987652
36,1.308,-0.231149946312629
36,1.314,-0.232584575422877
36,1.32,-0.234025853152822
36,1.326,-0.23547392044844
36,1.332,-0.236928923431459
36,1.338,-0.238391013581419
36,1.344,-0.239860347924788
36,1.35,-0.241337089231495
36,1.356,-0.242821406219248
36,1.362,-0.244313473765995
36,1.368,-0.245813473130967
36,1.374,-0.247321592184742
36,1.38,-0.24883802564873
36,1.386,-0.250362975344624
36,1.392,-0.251896650454263
36,1.398,-0.253439267790483
36,1.404,-0.254991052079491
36,1.41,-0.256552236255367
36,1.416,-0.258123061767332
36,1.422,-0.259703778900394
36,1.428,-0.26129464711017
36,1.434,-0.262895935372522
36,1.44,-0.264507922548852
36,1.446,-0.266130897767891
36,1.452,-0.267765160824825
36,1.458,-0.269411022598714
36,1.464,-0.271068805489231
36,1.47,-0.272738843873662
36,1.476,-0.274421484585415
36,1.482,-0.27611708741514
36,1.488,-0.277826025635687
36,1.494,-0.279548686552333
36,1.5,-0.281285472079615
36,1.506,-0.283036799346287
36,1.512,-0.284803101330021
36,1.518,-0.286584827523556
36,1.524,-0.288382444634084
36,1.53,-0.290196437317825
36,1.536,-0.292027308951838
36,1.542,-0.293875582445273
36,1.548,-0.295741801092376
36,1.554,-0.297626529469788
36,1.56,-0.299530354380738
36,1.566,-0.301453885849031
36,1.572,-0.303397758165832
36,1.578,-0.30536263099252
36,1.584,-0.307349190523056
36,1.59,-0.309358150709587
36,1.596,-0.311390254555301
36,1.602,-0.313446275478733
36,1.608,-0.315527018754128
36,1.614,-0.317633323032747
36,1.62,-0.319766061950358
36,1.626,-0.321926145826548
36,1.632,-0.32411452346193
36,1.638,-0.326332184039711
36,1.644,-0.328580159138633
36,1.65,-0.330859524864842
36,1.656,-0.333171404110701
36,1.662,-0.335516968949341
36,1.668,-0.337897443174313
36,1.674,-0.340314104994484
36,1.68,-0.342768289895097
36,1.686,-0.345261393676832
36,1.692,-0.347794875685581
36,1.698,-0.350370262246762
36,1.704,-0.35298915031908
36,1.71,-0.355653211383847
36,1.716,-0.358364195587442
36,1.722,-0.36112393615577
36,1.728,-0.363934354101396
36,1.734,-0.366797463245571
36,1.74,-0.369715375579555
36,1.746,-0.372690306991505
36,1.752,-0.375724583387681
36,1.758,-0.378820647239196
36,1.764,-0.381981064588452
36,1.77,-0.385208532552272
36,1.776,-0.388505887362404
36,1.782,-0.391876112987608
36,1.788,-0.395322350385805
36,1.794,-0.398847907439238
36,1.8,-0.402456269630713
36,1.806,-0.406151111524536
36,1.812,-0.409936309121963
36,1.818,-0.413815953167822
36,1.824,-0.41779436349257
36,1.83,-0.421876104482572
36,1.836,-0.426066001780675
36,1.842,-0.430369160329717
36,1.848,-0.434790983883255
36,1.854,-0.439337196120811
36,1.86,-0.444013863519445
36,1.866,-0.448827420149835
36,1.872,-0.453784694583151
36,1.878,-0.458892939115515
36,1.884,-0.464159861539737
36,1.89,-0.46959365971979
36,1.896,-0.475203059252493
36,1.902,-0.48099735453357
36,1.908,-0.486986453582128
36,1.914,-0.49318092701924
36,1.92,-0.49959206164353
36,1.926,-0.506231919100079
36,1.932,-0.513113400199546
36,1.938,-0.520250315513446
36,1.944,-0.527657462949808
36,1.95,-0.535350713103029
36,1.956,-0.543347103273723
36,1.962,-0.551664941171158
36,1.968,-0.560323919444755
36,1.974,-0.569345242344468
36,1.98,-0.578751765986418
36,1.986,-0.588568153903336
36,1.992,-0.598821049793641
36,1.998,-0.609539269654079
36,2.004,-0.620754015794234
36,2.01,-0.632499115595319
36,2.016,-0.644811288298446
36,2.022,-0.657730443600341
36,2.028,-0.6713000164093
36,2.034,-0.685567342786755
36,2.04,-0.700584082887873
36,2.046,-0.71640669764057
36,2.052,-0.733096986992061
36,2.058,-0.750722698838345
36,2.064,-0.769358219272933
36,2.07,-0.789085356594549
36,2.076,-0.809994233656376
36,2.082,-0.832184305692913
36,2.088,-0.855765523809714
36,2.094,-0.880859667973481
36,2.1,-0.907601877724358
36,2.106,-0.936142414111472
36,2.112,-0.96664869272563
36,2.118,-0.999307635418935
36,2.124,-1.03432839766982
36,2.13,-1.07194553996104
36,2.136,-1.11242272547546
36,2.142,-1.15605704349327
36,2.148,-1.20318407887082
36,2.154,-1.2541838738839
36,2.16,-1.30948796078504
36,2.166,-1.36958768327436
36,2.172,-1.43504407480418
36,2.178,-1.50649962394655
36,2.184,-1.58469233551289
36,2.19,-1.67047259544465
36,2.196,-1.76482347401812
36,2.202,-1.86888526421603
36,2.208,-1.9839852620849
36,2.214,-2.11167407022853
36,2.22,-2.25377006833986
36,2.226,-2.4124141813136
36,2.232,-2.59013773973513
36,2.238,-2.78994715306505
36,2.244,-3.01543043668799
36,2.25,-3.27089257116886
36,2.256,-3.56152960026887
36,2.262,-3.8936559466978
36,2.268,-4.27500681209996
36,2.274,-4.7151498916314
36,2.28,-5.22606209304064
36,2.286,-5.82296565113418
36,2.292,-6.52559079502676
36,2.298,-7.36017557179164
36,2.304,-8.36281240184592
36,2.31,-9.58541720646951
36,2.316,-11.1072058160755
36,2.322,-13.0588178242377
36,2.328,-15.6783486339559
36,2.334,-19.4461852439642
36,2.34,-24.9859596898565
36,2.346,-25.3168287823245
36,2.352,-19.7012355606317
36,2.358,-15.8287522714541
36,2.364,-13.1459129084689
36,2.37,-11.1518727973293
36,2.376,-9.59926133714776
36,2.382,-8.35323013371348
36,2.388,-7.33240410945271
36,2.394,-6.48361144573361
36,2.4,-5.76994031629574
36,2.406,-5.16456462837702
36,2.412,-4.64730167011996
36,2.418,-4.20256504267199
36,2.424,-3.81807717688887
36,2.43,-3.48401902022235
36,2.436,-3.19244425273744
36,2.442,-2.9368610791466
36,2.448,-2.71192472038376
36,2.454,-2.51320583394575
36,2.46,-2.33701275242372
36,2.466,-2.18025294675933
36,2.472,-2.04032374552572
36,2.478,-1.91502528828298
36,2.484,-1.8024906334863
36,2.49,-1.70112926340904
36,2.496,-1.60958115477852
36,2.502,-1.52667924954033
36,2.508,-1.45141864915205
36,2.514,-1.38293122153136
36,2.52,-1.32046458740597
36,2.526,-1.26336466611639
36,2.532,-1.21106112643282
36,2.538,-1.16305521741721
36,2.544,-1.11890955632671
36,2.55,-1.07823953132243
36,2.556,-1.04070604104415
36,2.562,-1.00600934452491
36,2.568,-0.973883836196049
36,2.574,-0.944093593995224
36,2.58,-0.916428575487158
36,2.586,-0.890701358729024
36,2.592,-0.86674434237333
36,2.598,-0.844407334001413
36,2.604,-0.823555467553518
36,2.61,-0.804067400471922
36,2.616,-0.785833749203143
36,2.622,-0.768755728336787
36,2.628,-0.752743964149624
36,2.634,-0.737717457883281
36,2.64,-0.723602677879429
36,2.646,-0.71033276286467
36,2.652,-0.697846821328125
36,2.658,-0.686089314158645
36,2.664,-0.67500950957834
36,2.67,-0.664561000985533
36,2.676,-0.654701279651766
36,2.682,-0.64539135534551
36,2.688,-0.636595418912158
36,2.694,-0.628280541654453
36,2.7,-0.620416407051445
36,2.706,-0.612975070947123
36,2.712,-0.60593074684767
36,2.718,-0.59925961340168
36,2.724,-0.592939641512142
36,2.73,-0.586950438851371
36,2.736,-0.581273109828235
36,2.742,-0.575890129297744
36,2.748,-0.570785228511183
36,2.754,-0.565943291985905
36,2.76,-0.561350264130991
36,2.766,-0.556993064601796
36,2.772,-0.55285951147576
36,2.778,-0.548938251446177
36,2.784,-0.545218696321755
36,2.79,-0.541690965199949
36,2.796,-0.538345831752109
36,2.802,-0.535174676120334
36,2.808,-0.532169440980233
36,2.814,-0.529322591371769
36,2.82,-0.526627077942744
36,2.826,-0.524076303286883
36,2.832,-0.521664091091653
36,2.838,-0.519384657840485
36,2.844,-0.517232586840123
36,2.85,-0.515202804367038
36,2.856,-0.51329055774775
36,2.862,-0.511491395206121
36,2.868,-0.509801147327405
36,2.874,-0.508215910003529
36,2.88,-0.506732028737228
36,2.886,-0.505346084194648
36,2.892,-0.504054878906618
36,2.898,-0.502855425028376
36,2.904,-0.501744933076219
36,2.91,-0.500720801567282
36,2.916,-0.499780607495793
36,2.922,-0.498922097585447
36,2.928,-0.498143180263387
36,2.934,-0.497441918306578
36,2.94,-0.496816522116105
36,2.946,-0.496265343579359
36,2.952,-0.495786870484135
36,2.958,-0.495379721452268
36,2.964,-0.495042641363949
36,2.97,-0.494774497247019
36,2.976,-0.494574274608329
36,2.982,-0.494441074187282
36,2.988,-0.494374109113896
36,2.994,-0.494372702456495
36,3,-0.494436285146238
36,3.006,-0.4945643942679
36,3.012,-0.494756671708612
36,3.018,-0.495012863158122
36,3.024,-0.495332817456313
36,3.03,-0.49571648628561
36,3.036,-0.496163924207929
36,3.042,-0.496675289047744
36,3.048,-0.497250842624992
36,3.054,-0.49789095184335
36,3.06,-0.498596090141804
36,3.066,-0.49936683931935
36,3.072,-0.500203891745138
36,3.078,-0.501108052968666
36,3.084,-0.502080244747204
36,3.09,-0.503121508510377
36,3.096,-0.504233009284615
36,3.102,-0.505416040103508
36,3.108,-0.506672026933255
36,3.114,-0.508002534146261
36,3.12,-0.509409270579861
36,3.126,-0.510894096221471
36,3.132,-0.512459029566514
36,3.138,-0.514106255700403
36,3.144,-0.515838135162131
36,3.15,-0.517657213653078
36,3.156,-0.519566232662221
36,3.162,-0.521568141086494
36,3.168,-0.523666107934306
36,3.174,-0.525863536209726
36,3.18,-0.528164078086296
36,3.186,-0.530571651491377
36,3.192,-0.533090458236176
36,3.198,-0.535725003841739
36,3.204,-0.53848011922908
36,3.21,-0.541360984460946
36,3.216,-0.544373154745069
36,3.222,-0.547522588933829
36,3.228,-0.550815680783417
36,3.234,-0.554259293267874
36,3.24,-0.557860796279638
36,3.246,-0.561628108089703
36,3.252,-0.565569740987459
36,3.258,-0.569694851574039
36,3.264,-0.574013296244213
36,3.27,-0.578535692461909
36,3.276,-0.583273486514672
36,3.282,-0.588239028524501
36,3.288,-0.593445655598146
36,3.294,-0.598907784122002
36,3.3,-0.604641012347027
36,3.306,-0.610662234571523
36,3.312,-0.616989768417628
36,3.318,-0.623643496915181
36,3.324,-0.630645027360057
36,3.33,-0.638017869208747
36,3.336,-0.645787633615122
36,3.342,-0.653982257617269
36,3.348,-0.662632256453329
36,3.354,-0.671771008037987
36,3.36,-0.68143507428157
36,3.366,-0.691664564699928
36,3.372,-0.702503548668813
36,3.378,-0.714000523748099
36,3.384,-0.726208948772784
36,3.39,-0.739187851919907
36,3.396,-0.753002525762343
36,3.402,-0.767725323472616
36,3.408,-0.783436572916062
36,3.414,-0.80022562846291
36,3.42,-0.818192084064144
36,3.426,-0.837447175611109
36,3.432,-0.858115406001388
36,3.438,-0.880336432866118
36,3.444,-0.904267266828439
36,3.45,-0.930084837765204
36,3.456,-0.957988998209464
36,3.462,-0.988206047216626
36,3.468,-1.02099287527575
36,3.474,-1.05664185184424
36,3.48,-1.09548660260947
36,3.486,-1.13790885455816
36,3.492,-1.18434656441438
36,3.498,-1.23530359113809
36,3.504,-1.29136122712852
36,3.51,-1.3531919665765
36,3.516,-1.42157596364237
36,3.522,-1.49742071738171
36,3.528,-1.58178461220699
36,3.534,-1.67590503610195
36,3.54,-1.78123188118657
36,3.546,-1.89946727849062
36,3.552,-2.03261238704189
36,3.558,-2.18302186868402
36,3.564,-2.35346619805972
36,3.57,-2.54720094492758
36,3.576,-2.76804021166354
36,3.582,-3.02042779373341
36,3.588,-3.30949309005441
36,3.594,-3.6410670735587
36,3.6,-4.02161270401307
38,1.2,-0.206707203147346
38,1.206,-0.208049379096868
38,1.212,-0.209396738775455
38,1.218,-0.210749355975067
38,1.224,-0.212107307395303
38,1.23,-0.213470672743481
38,1.236,-0.214839534837837
38,1.242,-0.216213979713988
38,1.248,-0.217594096734831
38,1.254,-0.218979978704034
38,1.26,-0.2203717219833
38,1.266,-0.221769426613582
38,1.272,-0.223173196440441
38,1.278,-0.224583139243746
38,1.284,-0.225999366871938
38,1.29,-0.227421995381042
38,1.296,-0.228851145178715
38,1.302,-0.230286941173501
38,1.308,-0.231729512929605
38,1.314,-0.23317899482743
38,1.32,-0.234635526230137
38,1.326,-0.23609925165655
38,1.332,-0.237570320960722
38,1.338,-0.239048889518429
38,1.344,-0.240535118421003
38,1.35,-0.242029174676832
38,1.356,-0.243531231420879
38,1.362,-0.245041468132683
38,1.368,-0.246560070863184
38,1.374,-0.248087232470896
38,1.38,-0.249623152867819
38,1.386,-0.251168039275622
38,1.392,-0.252722106492628
38,1.398,-0.254285577172122
38,1.404,-0.255858682112562
38,1.41,-0.257441660560319
38,1.416,-0.259034760525603
38,1.422,-0.260638239112211
38,1.428,-0.262252362861892
38,1.434,-0.26387740811402
38,1.44,-0.265513661381437
38,1.446,-0.267161419743304
38,1.452,-0.268820991255866
38,1.458,-0.270492695382113
38,1.464,-0.272176863441312
38,1.47,-0.273873839079566
38,1.476,-0.275583978762474
38,1.482,-0.277307652291146
38,1.488,-0.27904524334289
38,1.494,-0.280797150037892
38,1.5,-0.282563785533392
38,1.506,-0.284345578646903
38,1.512,-0.286142974510102
38,1.518,-0.287956435255183
38,1.524,-0.289786440735534
38,1.53,-0.291633489282707
38,1.536,-0.293498098501842
38,1.542,-0.295380806107803
38,1.548,-0.29728217080438
38,1.554,-0.299202773209254
38,1.56,-0.301143216827347
38,1.566,-0.303104129075578
38,1.572,-0.305086162362137
38,1.578,-0.307089995223611
38,1.584,-0.30911633352359
38,1.59,-0.311165911716556
38,1.596,-0.313239494181184
38,1.602,-0.315337876627454
38,1.608,-0.317461887582277
38,1.614,-0.319612389958719
38,1.62,-0.321790282714231
38,1.626,-0.323996502603704
38,1.632,-0.326232026033638
38,1.638,-0.328497871024109
38,1.644,-0.330795099285766
38,1.65,-0.333124818419687
38,1.656,-0.335488184248397
38,1.662,-0.337886403287088
38,1.668,-0.34032073536481
38,1.674,-0.342792496406003
38,1.68,-0.345303061383822
38,1.686,-0.347853867457323
38,1.692,-0.350446417305823
38,1.698,-0.353082282674638
38,1.704,-0.355763108147619
38,1.71,-0.358490615163287
38,1.716,-0.361266606292546
38,1.722,-0.364092969797715
38,1.728,-0.366971684494092
38,1.734,-0.369904824937233
38,1.74,-0.372894566961008
38,1.746,-0.375943193593805
38,1.752,-0.379053101382552
38,1.758,-0.382226807156953
38,1.764,-0.385466955269229
38,1.77,-0.388776325347768
38,1.776,-0.392157840606783
38,1.782,-0.395614576757777
38,1.788,-0.399149771573041
38,1.794,-0.402766835156073
38,1.8,-0.406469360979079
38,1.806,-0.410261137753469
38,1.812,-0.414146162205743
38,1.818,-0.418128652838202
38,1.824,-0.422213064761902
38,1.83,-0.426404105697962
38,1.836,-0.430706753253164
38,1.842,-0.435126273586601
38,1.848,-0.43966824159634
38,1.854,-0.444338562768419
38,1.86,-0.44914349684583
38,1.866,-0.454089683491823
38,1.872,-0.459184170140979
38,1.878,-0.464434442252574
38,1.884,-0.469848456204683
38,1.89,-0.47543467509424
38,1.896,-0.481202107738351
38,1.902,-0.487160351206238
38,1.908,-0.493319637249448
38,1.914,-0.499690883041368
38,1.92,-0.506285746686045
38,1.926,-0.513116688011959
38,1.932,-0.520197035229513
38,1.938,-0.527541058102471
38,1.944,-0.535164048365586
38,1.95,-0.543082408213321
38,1.956,-0.551313747791108
38,1.962,-0.559876992742033
38,1.968,-0.568792503001086
38,1.974,-0.578082204189027
38,1.98,-0.587769733141541
38,1.986,-0.597880599321077
38,1.992,-0.608442364102804
38,1.998,-0.619484840208355
38,2.004,-0.631040313887803
38,2.01,-0.643143792829397
38,2.016,-0.655833283217501
38,2.022,-0.669150099872379
38,2.028,-0.683139214005042
38,2.034,-0.697849643821189
38,2.04,-0.713334894030092
38,2.046,-0.72965345127964
38,2.052,-0.746869343675228
38,2.058,-0.76505277388161
38,2.064,-0.784280836893074
38,2.07,-0.80463833543851
38,2.076,-0.826218708223285
38,2.082,-0.849125088873697
38,2.088,-0.873471516631172
38,2.094,-0.899384323653968
38,2.1,-0.927003728359159
38,2.106,-0.956485669746502
38,2.112,-0.988003924296384
38,2.118,-1.02175255508668
38,2.124,-1.05794875255135
38,2.13,-1.09683613821233
38,2.136,-1.13868861726466
38,2.142,-1.18381488372487
38,2.148,-1.23256370377605
38,2.154,-1.28533012999376
38,2.16,-1.34256283263479
38,2.166,-1.40477277581381
38,2.172,-1.47254351837712
38,2.178,-1.5465434844719
38,2.184,-1.62754063097077
38,2.19,-1.71642004305451
38,2.196,-1.81420512212379
38,2.202,-1.92208320102162
38,2.208,-2.04143664311887
38,2.214,-2.17388077233222
38,2.22,-2.32131036700523
38,2.226,-2.48595697107215
38,2.232,-2.67045999108332
38,2.238,-2.87795555185238
38,2.244,-3.11218852917444
38,2.25,-3.37765531867556
38,2.256,-3.67978816831524
38,2.262,-4.02519705863917
38,2.268,-4.42199353297898
38,2.274,-4.88023511671853
38,2.28,-5.41255394640934
38,2.286,-6.03507882682264
38,2.292,-6.76884688489249
38,2.298,-7.64207542973339
38,2.304,-8.69403656179837
38,2.31,-9.98213157725738
38,2.316,-11.595914650966
38,2.322,-13.6878717173558
38,2.328,-16.5498348772637
38,2.334,-20.8180440848227
38,2.34,-27.1275880544661
38,2.346,-24.6189191755163
38,2.352,-18.9310517174996
38,2.358,-15.2982139707688
38,2.364,-12.7668315485012
38,2.37,-10.8701483900829
38,2.376,-9.3841566212474
38,2.382,-8.18599553026111
38,2.388,-7.20078577418925
38,2.394,-6.37915252389591
38,2.4,-5.6865596318794
38,2.406,-5.09775394565237
38,2.412,-4.59364270809222
38,2.418,-4.15942226958971
38,2.424,-3.78339287572015
38,2.43,-3.4561710411006
38,2.436,-3.1701440522561
38,2.442,-2.91907875814302
38,2.448,-2.69783281464841
38,2.454,-2.50213652160082
38,2.46,-2.32842489062002
38,2.466,-2.17370644501828
38,2.472,-2.03545949517468
38,2.478,-1.91154934735031
38,2.484,-1.80016170002289
38,2.49,-1.69974870821229
38,2.496,-1.60898505793829
38,2.502,-1.526732013764
38,2.508,-1.45200785935159
38,2.514,-1.38396349339658
38,2.52,-1.32186220372059
38,2.526,-1.26506284272546
38,2.532,-1.21300578318601
38,2.538,-1.16520115541006
38,2.544,-1.12121896307284
38,2.55,-1.08068075141634
38,2.556,-1.04325256240692
38,2.562,-1.0086389602195
38,2.568,-0.976577949634998
38,2.574,-0.946836641588528
38,2.58,-0.919207545738142
38,2.586,-0.893505390749521
38,2.592,-0.86956438996622
38,2.598,-0.847235884011484
38,2.604,-0.82638630324533
38,2.61,-0.806895402356353
38,2.616,-0.788654727081978
38,2.622,-0.771566279429748
38,2.628,-0.755541353060468
38,2.634,-0.740499514890255
38,2.64,-0.726367712632184
38,2.646,-0.713079491059619
38,2.652,-0.700574302337329
38,2.658,-0.688796897919968
38,2.664,-0.677696791329482
38,2.67,-0.667227782652482
38,2.676,-0.657347536891517
38,2.682,-0.648017209400284
38,2.688,-0.639201112563999
38,2.694,-0.630866418678729
38,2.7,-0.622982894659857
38,2.706,-0.615522664788076
38,2.712,-0.608459998196729
38,2.718,-0.601771118229536
38,2.724,-0.595434031163662
38,2.73,-0.589428372108342
38,2.736,-0.583735266161465
38,2.742,-0.57833720314216
38,2.748,-0.573217924421391
38,2.754,-0.568362320550038
38,2.76,-0.56375633853779
38,2.766,-0.559386897770717
38,2.772,-0.555241813672462
38,2.778,-0.551309728316514
38,2.784,-0.547580047286702
38,2.79,-0.544042882161696
38,2.796,-0.540688998068546
38,2.802,-0.537509765810847
38,2.808,-0.534497118130859
38,2.814,-0.531643509712172
38,2.82,-0.528941880571071
38,2.826,-0.526385622521973
38,2.832,-0.523968548434788
38,2.838,-0.521684864031346
38,2.844,-0.519529141993695
38,2.85,-0.517496298180105
38,2.856,-0.515581569765089
38,2.862,-0.513780495138073
38,2.868,-0.512088895411555
38,2.874,-0.510502857404306
38,2.88,-0.509018717978271
38,2.886,-0.507633049619424
38,2.892,-0.506342647163611
38,2.898,-0.505144515577756
38,2.904,-0.504035858715383
38,2.91,-0.503014068973272
38,2.916,-0.502076717782878
38,2.922,-0.501221546876647
38,2.928,-0.500446460275026
38,2.934,-0.499749516945221
38,2.94,-0.499128924087598
38,2.946,-0.498583031009839
38,2.952,-0.498110323553168
38,2.958,-0.497709419038548
38,2.964,-0.497379061704048
38,2.97,-0.497118118607958
38,2.976,-0.496925575974993
38,2.982,-0.496800535965666
38,2.988,-0.496742213851614
38,2.994,-0.496749935581927
38,3,-0.496823135727971
38,3.006,-0.496961355796321
38,3.012,-0.497164242901603
38,3.018,-0.497431548793066
38,3.024,-0.497763129230809
38,3.03,-0.498158943709441
38,3.036,-0.498619055529122
38,3.042,-0.499143632215792
38,3.048,-0.499732946294447
38,3.054,-0.500387376421456
38,3.06,-0.50110740888395
38,3.066,-0.501893639476531
38,3.072,-0.502746775767978
38,3.078,-0.503667639772825
38,3.084,-0.504657171045541
38,3.09,-0.505716430217548
38,3.096,-0.506846603000406
38,3.102,-0.508049004681628
38,3.108,-0.509325085142939
38,3.114,-0.510676434434799
38,3.12,-0.512104788944593
38,3.126,-0.513612038200965
38,3.132,-0.51520023236114
38,3.138,-0.516871590433752
38,3.144,-0.518628509295604
38,3.15,-0.520473573567318
38,3.156,-0.522409566420152
38,3.162,-0.524439481394378
38,3.168,-0.526566535318683
38,3.174,-0.528794182430038
38,3.18,-0.53112612980479
38,3.186,-0.533566354224326
38,3.192,-0.536119120612633
38,3.198,-0.538789002199195
38,3.204,-0.54158090257807
38,3.21,-0.544500079854381
38,3.216,-0.547552173091927
38,3.222,-0.550743231300972
38,3.228,-0.554079745234544
38,3.234,-0.557568682293798
38,3.24,-0.561217524880534
38,3.246,-0.565034312576849
38,3.252,-0.569027688579942
38,3.258,-0.573206950874951
38,3.264,-0.577582108690943
38,3.27,-0.582163944856744
38,3.276,-0.586964084755094
38,3.282,-0.591995072667428
38,3.288,-0.597270456409659
38,3.294,-0.602804881283363
38,3.3,-0.60861419451035
38,3.306,-0.614715561484024
38,3.312,-0.62112759536276
38,3.318,-0.627870501752968
38,3.324,-0.634966240487829
38,3.33,-0.642438706808691
38,3.336,-0.650313934607255
38,3.342,-0.658620324796789
38,3.348,-0.667388902361671
38,3.354,-0.676653606198585
38,3.36,-0.686451616526586
38,3.366,-0.696823725425586
38,3.372,-0.707814756987131
38,3.378,-0.719474044655686
38,3.384,-0.731855974636893
38,3.39,-0.745020605793195
38,3.396,-0.759034378287207
38,3.402,-0.773970925430669
38,3.408,-0.789912005827331
38,3.414,-0.8069485760533
38,3.42,-0.82518202791174
38,3.426,-0.84472561886774
38,3.432,-0.865706129783867
38,3.438,-0.888265790745404
38,3.444,-0.91256452384087
38,3.45,-0.938782561561514
38,3.456,-0.9671235113827
38,3.462,-0.997817951555996
38,3.468,-1.0311276607327
38,3.474,-1.06735060543239
38,3.48,-1.10682683536016
38,3.486,-1.14994546809371
38,3.492,-1.19715298275887
38,3.498,-1.2489630881299
38,3.504,-1.30596848527745
38,3.51,-1.36885490941901
38,3.516,-1.43841791049222
38,3.522,-1.51558291657883
38,3.528,-1.60142921596208
38,3.534,-1.69721858573361
38,3.54,-1.80442937401354
38,3.546,-1.92479688351033
38,3.552,-2.06036086007241
38,3.558,-2.21352067920057
38,3.564,-2.38709830320572
38,3.57,-2.58440800345379
38,3.576,-2.80932977435127
38,3.582,-3.06637955427667
38,3.588,-3.3607624836506
38,3.594,-3.69838310075697
38,3.6,-4.08576433812389
40,1.2,-0.207024210712129
40,1.206,-0.208420076499781
40,1.212,-0.209817843794519
40,1.218,-0.211217700310263
40,1.224,-0.212619834112649
40,1.23,-0.214024433784649
40,1.236,-0.215431688593323
40,1.242,-0.216841788657803
40,1.248,-0.218254925118885
40,1.254,-0.21967129031037
40,1.26,-0.221091077932472
40,1.266,-0.222514483227517
40,1.272,-0.223941703158219
40,1.278,-0.225372936588792
40,1.284,-0.226808384469144
40,1.29,-0.228248250022514
40,1.296,-0.229692738936752
40,1.302,-0.231142059559627
40,1.308,-0.232596423098395
40,1.314,-0.234056043824031
40,1.32,-0.235521139280386
40,1.326,-0.236991930498682
40,1.332,-0.238468642217637
40,1.338,-0.239951503109647
40,1.344,-0.24144074601341
40,1.35,-0.242936608173356
40,1.356,-0.244439331486384
40,1.362,-0.245949162756255
40,1.368,-0.247466353956197
40,1.374,-0.248991162500153
40,1.38,-0.250523851523188
40,1.386,-0.25206469017163
40,1.392,-0.253613953903432
40,1.398,-0.255171924799439
40,1.404,-0.256738891886094
40,1.41,-0.258315151470271
40,1.416,-0.259901007486994
40,1.422,-0.261496771860581
40,1.428,-0.263102764880214
40,1.434,-0.26471931559054
40,1.44,-0.266346762198284
40,1.446,-0.267985452495694
40,1.452,-0.269635744301838
40,1.458,-0.271298005922696
40,1.464,-0.272972616631144
40,1.47,-0.274659967167956
40,1.476,-0.276360460265026
40,1.482,-0.278074511192036
40,1.488,-0.279802548327976
40,1.494,-0.281545013758877
40,1.5,-0.28330236390331
40,1.506,-0.285075070167264
40,1.512,-0.286863619630052
40,1.518,-0.288668515763165
40,1.524,-0.29049027918386
40,1.53,-0.292329448445704
40,1.536,-0.294186580868138
40,1.542,-0.296062253407444
40,1.548,-0.297957063571581
40,1.554,-0.299871630381591
40,1.56,-0.301806595382339
40,1.566,-0.30376262370568
40,1.572,-0.305740405189169
40,1.578,-0.307740655553919
40,1.584,-0.309764117645171
40,1.59,-0.311811562739558
40,1.596,-0.313883791923308
40,1.602,-0.315981637545912
40,1.608,-0.318105964754038
40,1.614,-0.320257673110991
40,1.62,-0.322437698307222
40,1.626,-0.324647013967891
40,1.632,-0.326886633563898
40,1.638,-0.329157612433344
40,1.644,-0.331461049920763
40,1.65,-0.333798091642201
40,1.656,-0.336169931884656
40,1.662,-0.338577816149222
40,1.668,-0.34102304384788
40,1.674,-0.343506971164701
40,1.68,-0.346031014093106
40,1.686,-0.348596651661704
40,1.692,-0.351205429362296
40,1.698,-0.353858962794666
40,1.704,-0.356558941544079
40,1.71,-0.359307133308586
40,1.716,-0.362105388294821
40,1.722,-0.36495564390241
40,1.728,-0.367859929718907
40,1.734,-0.370820372849028
40,1.74,-0.373839203603988
40,1.746,-0.376918761579064
40,1.752,-0.380061502149918
40,1.758,-0.383270003420959
40,1.764,-0.38654697366209
40,1.77,-0.389895259273324
40,1.776,-0.39331785332055
40,1.782,-0.39681790468963
40,1.788,-0.400398727910482
40,1.794,-0.404063813707609
40,1.8,-0.407816840339049
40,1.806,-0.411661685791564
40,1.812,-0.415602440906594
40,1.818,-0.419643423518813
40,1.824,-0.423789193697239
40,1.83,-0.428044570187947
40,1.836,-0.432414648167492
40,1.842,-0.436904818427318
40,1.848,-0.441520788122034
40,1.854,-0.446268603228245
40,1.86,-0.451154672876404
40,1.866,-0.456185795735431
40,1.872,-0.461369188649463
40,1.878,-0.466712517748056
40,1.884,-0.472223932275702
40,1.89,-0.477912101414175
40,1.896,-0.483786254402497
40,1.902,-0.489856224294266
40,1.908,-0.496132495731839
40,1.914,-0.502626257161575
40,1.92,-0.509349457965191
40,1.926,-0.51631487103952
40,1.932,-0.523536161422484
40,1.938,-0.531027961637081
40,1.944,-0.538805954509713
40,1.95,-0.546886964315527
40,1.956,-0.555289057213392
40,1.962,-0.564031652059062
40,1.968,-0.573135642829268
40,1.974,-0.582623534055103
40,1.98,-0.592519590853326
40,1.986,-0.602850005363707
40,1.992,-0.613643081653432
40,1.998,-0.624929441442233
40,2.004,-0.636742253340927
40,2.01,-0.649117488689148
40,2.016,-0.662094207535652
40,2.022,-0.675714878837226
40,2.028,-0.690025739574646
40,2.034,-0.705077198211901
40,2.04,-0.720924288778501
40,2.046,-0.737627182857702
40,2.052,-0.755251767944559
40,2.058,-0.773870302032144
40,2.064,-0.793562155933788
40,2.07,-0.814414656805821
40,2.076,-0.836524048661024
40,2.082,-0.859996588435404
40,2.088,-0.884949799482917
40,2.094,-0.911513908340964
40,2.1,-0.93983349537548
40,2.106,-0.970069395654736
40,2.112,-1.00240089333406
40,2.118,-1.03702826123056
40,2.124,-1.07417570746773
40,2.13,-1.114094803498
40,2.136,-1.15706848300157
40,2.142,-1.20341571978495
40,2.148,-1.25349701571738
40,2.154,-1.30772085803319
40,2.16,-1.36655134038688
40,2.166,-1.43051718566572
40,2.172,-1.50022246306867
40,2.178,-1.57635936038895
40,2.184,-1.65972345880414
40,2.19,-1.75123206714025
40,2.196,-1.85194631278402
40,2.202,-1.96309786713585
40,2.208,-2.08612141867408
40,2.214,-2.22269431627657
40,2.22,-2.37478521859087
40,2.226,-2.54471414573028
40,2.232,-2.73522710487641
40,2.238,-2.94958955840727
40,2.244,-3.19170459616254
40,2.25,-3.46626405424524
40,2.256,-3.77894449390451
40,2.262,-4.13666580544944
40,2.268,-4.54793985625404
40,2.274,-5.02335311244149
40,2.28,-5.57625649103856
40,2.286,-6.2237899869803
40,2.292,-6.98847492777023
40,2.298,-7.90082262453619
40,2.304,-9.00388196817457
40,2.31,-10.3617806063234
40,2.316,-12.0773309816379
40,2.322,-14.3330321610126
40,2.328,-17.503881458831
40,2.334,-22.5367719778608
40,2.34,-30.3227840731615
40,2.346,-23.8742520408239
40,2.352,-18.2482187018156
40,2.358,-14.8089285070346
40,2.364,-12.4023816595952
40,2.37,-10.5886277610433
40,2.376,-9.1609921990812
40,2.382,-8.00578830816529
40,2.388,-7.05325129679607
40,2.394,-6.25706295639223
40,2.4,-5.58463275225034
40,2.406,-5.01201370292626
40,2.412,-4.52102898437344
40,2.418,-4.09753997410199
40,2.424,-3.73034312375581
40,2.43,-3.41043309723888
40,2.436,-3.13049010288532
40,2.442,-2.88451078682534
40,2.448,-2.66753489104289
40,2.454,-2.47543816314544
40,2.46,-2.30477257474215
40,2.466,-2.15264123917727
40,2.472,-2.01659935053226
40,2.478,-1.89457499118392
40,2.484,-1.78480533222974
40,2.49,-1.68578489991612
40,2.496,-1.59622339068538
40,2.502,-1.51501110210569
40,2.508,-1.44119047820963
40,2.514,-1.37393259152747
40,2.52,-1.31251763070185
40,2.526,-1.25631865263361
40,2.532,-1.20478800602247
40,2.538,-1.1574459492015
40,2.544,-1.11387107680132
40,2.55,-1.07369224256359
40,2.556,-1.03658172371795
40,2.562,-1.0022494189119
40,2.568,-0.970437909171658
40,2.574,-0.940918241657691
40,2.58,-0.9134863205295
40,2.586,-0.887959809201166
40,2.592,-0.864175464558634
40,2.598,-0.84198683703942
40,2.604,-0.821262281414353
40,2.61,-0.80188323211453
40,2.616,-0.783742704376681
40,2.622,-0.766743988629506
40,2.628,-0.750799510645634
40,2.634,-0.735829834228816
40,2.64,-0.721762786746462
40,2.646,-0.708532690778223
40,2.652,-0.696079687633103
40,2.658,-0.684349140573021
40,2.664,-0.673291107337354
40,2.67,-0.662859873046185
40,2.676,-0.653013535814914
40,2.682,-0.643713638477558
40,2.688,-0.634924840720759
40,2.694,-0.626614626701528
40,2.7,-0.618753043879654
40,2.706,-0.611312469358785
40,2.712,-0.604267400512755
40,2.718,-0.597594267088167
40,2.724,-0.591271262331187
40,2.73,-0.585278190993928
40,2.736,-0.57959633234168
40,2.742,-0.57420831651237
40,2.748,-0.569098012778856
40,2.754,-0.564250428438204
40,2.76,-0.559651617202638
40,2.766,-0.555288596098396
40,2.772,-0.551149269993451
40,2.778,-0.547222362975295
40,2.784,-0.543497355888019
40,2.79,-0.53996442941501
40,2.796,-0.536614412161166
40,2.802,-0.533438733248445
40,2.808,-0.53042937899091
40,2.814,-0.527578853261878
40,2.82,-0.524880141206819
40,2.826,-0.522326675991897
40,2.832,-0.519912308310265
40,2.838,-0.517631278396774
40,2.844,-0.5154781903271
40,2.85,-0.513447988400038
40,2.856,-0.511535935421648
40,2.862,-0.509737592728117
40,2.868,-0.508048801800194
40,2.874,-0.506465667336391
40,2.88,-0.504984541665219
40,2.886,-0.503602010388047
40,2.892,-0.502314879154878
40,2.898,-0.501120161484439
40,2.904,-0.50001506754863
40,2.91,-0.498996993848919
40,2.916,-0.498063513719203
40,2.922,-0.49721236859592
40,2.928,-0.496441460001881
40,2.934,-0.49574884219553
40,2.94,-0.49513271544193
40,2.946,-0.49459141986631
40,2.952,-0.494123429854719
40,2.958,-0.49372734897031
40,2.964,-0.493401905356786
40,2.97,-0.493145947604011
40,2.976,-0.492958441053462
40,2.982,-0.492838464524066
40,2.988,-0.492785207441523
40,2.994,-0.492797967356459
40,3,-0.492876147839465
40,3.006,-0.493019256742809
40,3.012,-0.493226904821168
40,3.018,-0.493498804705526
40,3.024,-0.493834770226631
40,3.03,-0.494234716086241
40,3.036,-0.494698657876601
40,3.042,-0.495226712450459
40,3.048,-0.495819098646103
40,3.054,-0.496476138374009
40,3.06,-0.49719825807373
40,3.066,-0.497985990552207
40,3.072,-0.498839977216732
40,3.078,-0.499760970718584
40,3.084,-0.500749838025836
40,3.09,-0.501807563946836
40,3.096,-0.50293525512871
40,3.102,-0.504134144558826
40,3.108,-0.505405596600425
40,3.114,-0.506751112597791
40,3.12,-0.508172337090372
40,3.126,-0.509671064680032
40,3.132,-0.511249247600749
40,3.138,-0.512909004045543
40,3.144,-0.5146526273119
40,3.15,-0.516482595833534
40,3.156,-0.518401584174327
40,3.162,-0.520412475068319
40,3.168,-0.522518372599562
40,3.174,-0.524722616625715
40,3.18,-0.527028798561391
40,3.186,-0.529440778650148
40,3.192,-0.531962704868942
40,3.198,-0.534599033625299
40,3.204,-0.537354552426047
40,3.21,-0.540234404717431
40,3.216,-0.543244117119963
40,3.222,-0.546389629307925
40,3.228,-0.549677326813604
40,3.234,-0.553114077070275
40,3.24,-0.556707269046585
40,3.246,-0.560464856868817
40,3.252,-0.564395407877127
40,3.258,-0.568508155618789
40,3.264,-0.5728130583459
40,3.27,-0.577320863658846
40,3.276,-0.582043180021387
40,3.282,-0.586992555969681
40,3.288,-0.592182567948742
40,3.294,-0.597627917837144
40,3.3,-0.60334454136769
40,3.306,-0.609349728820856
40,3.312,-0.615662259563312
40,3.318,-0.622302552229819
40,3.324,-0.629292832608848
40,3.33,-0.636657321596317
40,3.336,-0.644422445935515
40,3.342,-0.652617074873226
40,3.348,-0.661272786342824
40,3.354,-0.670424166847271
40,3.36,-0.680109149873166
40,3.366,-0.690369398439348
40,3.372,-0.701250738291603
40,3.378,-0.712803649323894
40,3.384,-0.725083824067628
40,3.39,-0.738152803580596
40,3.396,-0.752078702830717
40,3.402,-0.766937039760718
40,3.408,-0.78281168470266
40,3.414,-0.799795949763081
40,3.42,-0.817993841315017
40,3.426,-0.837521502923031
40,3.432,-0.858508881027264
40,3.438,-0.881101651682571
40,3.444,-0.90546345377947
40,3.45,-0.931778482691569
40,3.456,-0.960254508462256
40,3.462,-0.991126394767334
40,3.468,-1.02466020931631
40,3.474,-1.06115803346466
40,3.48,-1.10096359900711
40,3.486,-1.14446890380409
40,3.492,-1.19212198539532
40,3.498,-1.24443606325383
40,3.504,-1.30200029569247
40,3.51,-1.36549243593004
40,3.516,-1.43569371172397
40,3.522,-1.51350629084564
40,3.528,-1.59997372428102
40,3.534,-1.69630476962334
40,3.54,-1.80390097065574
40,3.546,-1.92438827599521
40,3.552,-2.05965277188591
40,3.558,-2.21188020458529
40,3.564,-2.38359825257623
40,3.57,-2.57771927987428
40,3.576,-2.79757924049856
40,3.582,-3.04696499592495
40,3.588,-3.33011671390691
40,3.594,-3.65168286625978
40,3.6,-4.0165903929398
42,1.2,-0.206735471807356
42,1.206,-0.208160276460028
42,1.212,-0.209587221199511
42,1.218,-0.211016498065948
42,1.224,-0.212448299523166
42,1.23,-0.213882818627854
42,1.236,-0.215320249199922
42,1.242,-0.21676078599423
42,1.248,-0.218204624874022
42,1.254,-0.219651962986216
42,1.26,-0.22110299893892
42,1.266,-0.222557932981336
42,1.272,-0.224016967186398
42,1.278,-0.225480305636372
42,1.284,-0.226948154611723
42,1.29,-0.228420722783538
42,1.296,-0.229898221409826
42,1.302,-0.231380864535938
42,1.308,-0.232868869199517
42,1.314,-0.23436245564026
42,1.32,-0.235861847514817
42,1.326,-0.237367272117238
42,1.332,-0.238878960605308
42,1.338,-0.240397148233142
42,1.344,-0.241922074590488
42,1.35,-0.243453983849105
42,1.356,-0.244993125016695
42,1.362,-0.246539752198827
42,1.368,-0.24809412486934
42,1.374,-0.249656508149721
42,1.38,-0.251227173097998
42,1.386,-0.252806397007672
42,1.392,-0.254394463717317
42,1.398,-0.255991663931396
42,1.404,-0.257598295552989
42,1.41,-0.25921466402907
42,1.416,-0.260841082709067
42,1.422,-0.262477873217447
42,1.428,-0.264125365841105
42,1.434,-0.265783899932399
42,1.44,-0.267453824328739
42,1.446,-0.269135497789585
42,1.452,-0.270829289451924
42,1.458,-0.272535579305217
42,1.464,-0.274254758686914
42,1.47,-0.275987230799729
42,1.476,-0.277733411251895
42,1.482,-0.279493728621691
42,1.488,-0.281268625047672
42,1.494,-0.283058556846035
42,1.5,-0.284863995156698
42,1.506,-0.286685426619773
42,1.512,-0.288523354084159
42,1.518,-0.290378297350193
42,1.524,-0.292250793948259
42,1.53,-0.294141399955624
42,1.536,-0.296050690853612
42,1.542,-0.297979262427649
42,1.548,-0.299927731712685
42,1.554,-0.301896737986769
42,1.56,-0.303886943815667
42,1.566,-0.305899036151725
42,1.572,-0.307933727490188
42,1.578,-0.309991757086729
42,1.584,-0.312073892239793
42,1.59,-0.314180929641998
42,1.596,-0.316313696804922
42,1.602,-0.318473053561894
42,1.608,-0.320659893653909
42,1.614,-0.322875146403946
42,1.62,-0.32511977848555
42,1.626,-0.327394795791785
42,1.632,-0.329701245411274
42,1.638,-0.332040217718451
42,1.644,-0.334412848585696
42,1.65,-0.336820321725648
42,1.656,-0.33926387117257
42,1.662,-0.341744783912402
42,1.668,-0.344264402671742
42,1.674,-0.346824128877023
42,1.68,-0.349425425795822
42,1.686,-0.352069821873309
42,1.692,-0.354758914277898
42,1.698,-0.357494372671251
42,1.704,-0.360277943219063
42,1.71,-0.363111452860392
42,1.716,-0.365996813854837
42,1.722,-0.368936028628382
42,1.728,-0.371931194940656
42,1.734,-0.374984511398134
42,1.74,-0.378098283340053
42,1.746,-0.381274929126159
42,1.752,-0.384516986857842
42,1.758,-0.387827121567195
42,1.764,-0.391208132911546
42,1.77,-0.394662963414413
42,1.776,-0.398194707297662
42,1.782,-0.401806619953726
42,1.788,-0.405502128111351
42,1.794,-0.409284840753392
42,1.8,-0.413158560850758
42,1.806,-0.41712729798279
42,1.812,-0.421195281921222
42,1.818,-0.425366977262456
42,1.824,-0.429647099201346
42,1.83,-0.434040630549014
42,1.836,-0.438552840107735
42,1.842,-0.443189302527397
42,1.848,-0.447955919781196
42,1.854,-0.452858944412495
42,1.86,-0.457905004720999
42,1.866,-0.463101132074519
42,1.872,-0.468454790552768
42,1.878,-0.473973909152344
42,1.884,-0.479666916807574
42,1.89,-0.485542780510523
42,1.896,-0.491611046845732
42,1.902,-0.497881887291655
42,1.908,-0.504366147681714
42,1.914,-0.511075402264398
42,1.92,-0.518022012854254
42,1.926,-0.525219193625199
42,1.932,-0.532681082165069
42,1.938,-0.540422817487227
42,1.944,-0.548460625782401
42,1.95,-0.55681191479371
42,1.956,-0.565495377811723
42,1.962,-0.574531108416621
42,1.968,-0.583940727243917
42,1.974,-0.593747522221517
42,1.98,-0.603976603922905
42,1.986,-0.614655077908198
42,1.992,-0.625812236186726
42,1.998,-0.63747977023739
42,2.004,-0.649692008373738
42,2.01,-0.662486180647505
42,2.016,-0.67590271495723
42,2.022,-0.689985568579786
42,2.028,-0.704782599985673
42,2.034,-0.720345986551522
42,2.04,-0.736732694665289
42,2.046,-0.754005009755847
42,2.052,-0.772231134999023
42,2.058,-0.791485868891895
42,2.064,-0.811851373590519
42,2.07,-0.833418047925721
42,2.076,-0.856285521411667
42,2.082,-0.88056378842172
42,2.088,-0.90637450512176
42,2.094,-0.933852475841773
42,2.1,-0.963147360478047
42,2.106,-0.994425640431552
42,2.112,-1.02787288772706
42,2.118,-1.06369639060082
42,2.124,-1.10212819933962
42,2.13,-1.14342866893621
42,2.136,-1.18789059074192
42,2.142,-1.23584402443722
42,2.148,-1.28766196518011
42,2.154,-1.34376700984445
42,2.16,-1.40463922225422
42,2.166,-1.47082544209657
42,2.172,-1.54295033814711
42,2.178,-1.62172957670204
42,2.184,-1.70798556483088
42,2.19,-1.80266634080499
42,2.196,-1.9068683283794
42,2.202,-2.02186385795821
42,2.208,-2.14913460077603
42,2.214,-2.29041238326385
42,2.22,-2.44772927896137
42,2.226,-2.62347946188725
42,2.232,-2.82049612146538
42,2.238,-3.04214790181038
42,2.244,-3.29246102898151
42,2.25,-3.57627585132081
42,2.256,-3.8994504983504
42,2.262,-4.26913075579027
42,2.268,-4.69411587722799
42,2.274,-5.18536835106578
42,2.28,-5.7567483877965
42,2.286,-6.42611502328699
42,2.292,-7.21705553892139
42,2.298,-8.16175378890582
42,2.304,-9.3060637495877
42,2.31,-10.7192142677957
42,2.316,-12.5143165166844
42,2.322,-14.8979296477833
42,2.328,-18.31531765806
42,2.334,-24.0067494095391
42,2.34,-31.9730976418338
42,2.346,-23.0755802231339
42,2.352,-17.7779788646925
42,2.358,-14.5126238917833
42,2.364,-12.2038346801585
42,2.37,-10.4513995021585
42,2.376,-9.0650879097543
42,2.382,-7.93903199583606
42,2.388,-7.00765903171669
42,2.394,-6.2271196387272
42,2.4,-5.56638712252061
42,2.406,-5.00256212779676
42,2.412,-4.51819995418812
42,2.418,-4.0996898977604
42,2.424,-3.73621786849416
42,2.43,-3.41907060662528
42,2.436,-3.14114996319884
42,2.442,-2.89662220944247
42,2.448,-2.6806577007818
42,2.454,-2.48923320946995
42,2.46,-2.31897910292336
42,2.466,-2.16705947656352
42,2.472,-2.03107704223822
42,2.478,-1.90899695047114
42,2.484,-1.79908530596663
42,2.49,-1.69985922024365
42,2.496,-1.61004601008909
42,2.502,-1.52854970335621
42,2.508,-1.45442342176692
42,2.514,-1.38684651705829
42,2.52,-1.32510557065798
42,2.526,-1.26857854752424
42,2.532,-1.21672153541213
42,2.538,-1.16905761130799
42,2.544,-1.12516746416127
42,2.55,-1.08468147256395
42,2.556,-1.04727299161025
42,2.562,-1.01265264780556
42,2.568,-0.980563476881943
42,2.574,-0.950776768498795
42,2.58,-0.92308850545381
42,2.586,-0.897316304290885
42,2.592,-0.873296779930718
42,2.598,-0.850883269848279
42,2.604,-0.829943863922657
42,2.61,-0.810359694822083
42,2.616,-0.79202345100802
42,2.622,-0.774838080426024
42,2.628,-0.758715657922497
42,2.634,-0.743576393567814
42,2.64,-0.729347762524417
42,2.646,-0.715963739993551
42,2.652,-0.703364127203871
42,2.658,-0.691493956449054
42,2.664,-0.680302964904454
42,2.67,-0.669745128409677
42,2.676,-0.659778247637265
42,2.682,-0.650363580115032
42,2.688,-0.641465512460784
42,2.694,-0.633051267947532
42,2.7,-0.625090645166634
42,2.706,-0.617555784111955
42,2.712,-0.610420956484777
42,2.718,-0.603662377429136
42,2.724,-0.597258036260077
42,2.73,-0.591187544052018
42,2.736,-0.585431996217502
42,2.742,-0.579973848434909
42,2.748,-0.574796804481271
42,2.754,-0.569885714698499
42,2.76,-0.56522648397101
42,2.766,-0.560805988223202
42,2.772,-0.55661199855946
42,2.778,-0.552633112269084
42,2.784,-0.548858690005984
42,2.79,-0.545278798529909
42,2.796,-0.54188415846324
42,2.802,-0.538666096577058
42,2.808,-0.5356165021724
42,2.814,-0.532727787169028
42,2.82,-0.529992849554848
42,2.826,-0.52740503988542
42,2.832,-0.524958130555135
42,2.838,-0.522646287590141
42,2.844,-0.520464044738483
42,2.85,-0.518406279655569
42,2.856,-0.51646819200317
42,2.862,-0.514645283298173
42,2.868,-0.512933338363455
42,2.874,-0.511328408247555
42,2.88,-0.509826794492796
42,2.886,-0.508425034643198
42,2.892,-0.507119888893704
42,2.898,-0.505908327792013
42,2.904,-0.504787520912386
42,2.91,-0.503754826428789
42,2.916,-0.502807781521483
42,2.922,-0.501944093557473
42,2.928,-0.501161631991101
42,2.934,-0.50045842093599
42,2.94,-0.49983263236461
42,2.946,-0.499282579895867
42,2.952,-0.498806713135183
42,2.958,-0.498403612535223
42,2.964,-0.498071984748808
42,2.97,-0.497810658448742
42,2.976,-0.497618580592074
42,2.982,-0.497494813109317
42,2.988,-0.497438530001478
42,2.994,-0.497449014830363
42,3,-0.497525658589907
42,3.006,-0.497667957948475
42,3.012,-0.497875513854353
42,3.018,-0.498148030498605
42,3.024,-0.49848531463163
42,3.03,-0.498887275231863
42,3.036,-0.499353923526883
42,3.042,-0.499885373369532
42,3.048,-0.50048184197347
42,3.054,-0.501143651014967
42,3.06,-0.501871228109723
42,3.066,-0.502665108676014
42,3.072,-0.503525938197639
42,3.078,-0.504454474903004
42,3.084,-0.505451592878971
42,3.09,-0.506518285641387
42,3.096,-0.507655670187017
42,3.102,-0.508864991555117
42,3.108,-0.510147627930413
42,3.114,-0.511505096323266
42,3.12,-0.512939058867054
42,3.126,-0.514451329777514
42,3.132,-0.51604388302409
42,3.138,-0.517718860768845
42,3.144,-0.519478582634998
42,3.15,-0.521325555873945
42,3.156,-0.52326248650759
42,3.162,-0.525292291531078
42,3.168,-0.527418112271014
42,3.174,-0.529643329004509
42,3.18,-0.531971576956661
42,3.186,-0.534406763807158
42,3.192,-0.536953088851807
42,3.198,-0.53961506398147
42,3.204,-0.542397536659797
42,3.21,-0.545305715102222
42,3.216,-0.548345195882799
42,3.222,-0.551521994222208
42,3.228,-0.554842577240911
42,3.234,-0.558313900495797
42,3.24,-0.561943448157992
42,3.246,-0.565739277233552
42,3.252,-0.569710066279694
42,3.258,-0.573865169126227
42,3.264,-0.57821467417768
42,3.27,-0.582769469946327
42,3.276,-0.587541317551898
42,3.282,-0.592542931021759
42,3.288,-0.597788066337965
42,3.294,-0.603291620306522
42,3.3,-0.609069740473389
42,3.306,-0.615139947482787
42,3.312,-0.621521271471831
42,3.318,-0.628234404324416
42,3.324,-0.635301869872772
42,3.33,-0.642748214443437
42,3.336,-0.650600220502526
42,3.342,-0.658887146572806
42,3.348,-0.667640997082019
42,3.354,-0.67689682637137
42,3.36,-0.68669308175996
42,3.366,-0.697071991343184
42,3.372,-0.708080003122544
42,3.378,-0.719768283146799
42,3.384,-0.73219328162114
42,3.39,-0.745417377449191
42,3.396,-0.759509613457678
42,3.402,-0.774546536669175
42,3.408,-0.790613160499815
42,3.414,-0.807804068744539
42,3.42,-0.826224684766176
42,3.426,-0.84599273353991
42,3.432,-0.867239929255989
42,3.438,-0.890113927212785
42,3.444,-0.91478058593033
42,3.45,-0.941426594008533
42,3.456,-0.970262526506194
42,3.462,-1.00152640783334
42,3.468,-1.03548787267248
42,3.474,-1.07245303365323
42,3.48,-1.11277018479621
42,3.486,-1.15683649350035
42,3.492,-1.20510586139131
42,3.498,-1.25809816582483
42,3.504,-1.31641012906758
42,3.51,-1.38072810037052
42,3.516,-1.45184307547706
42,3.522,-1.53066831499325
42,3.528,-1.61825995104938
42,3.534,-1.71584097973863
42,3.54,-1.82482900645989
42,3.546,-1.94686801227574
42,3.552,-2.08386419279175
42,3.558,-2.2380255082829
42,3.564,-2.41190384902933
42,3.57,-2.60843746158238
42,3.576,-2.83098917604192
42,3.582,-3.08337249724953
42,3.588,-3.36985191937966
42,3.594,-3.69509449165337
42,3.6,-4.06403440736386
44,1.2,-0.207481940936812
44,1.206,-0.208912192161482
44,1.212,-0.210344478498198
44,1.218,-0.211778995519268
44,1.224,-0.213215939208825
44,1.23,-0.214655506134616
44,1.236,-0.216097893620956
44,1.242,-0.217543299923046
44,1.248,-0.21899192440299
44,1.254,-0.22044396770767
44,1.26,-0.221899631948802
44,1.266,-0.22335912088545
44,1.272,-0.22482264010923
44,1.278,-0.226290397232486
44,1.284,-0.227762602079776
44,1.29,-0.229239466882906
44,1.296,-0.230721206479846
44,1.302,-0.232208038517829
44,1.308,-0.233700183660974
44,1.314,-0.235197865802751
44,1.32,-0.236701312283645
44,1.326,-0.238210754114366
44,1.332,-0.239726426205023
44,1.338,-0.241248567600582
44,1.344,-0.242777421723087
44,1.35,-0.244313236621009
44,1.356,-0.245856265226218
44,1.362,-0.247406765618998
44,1.368,-0.2489650013016
44,1.374,-0.250531241480883
44,1.38,-0.252105761360483
44,1.386,-0.253688842443182
44,1.392,-0.255280772843951
44,1.398,-0.25688184761437
44,1.404,-0.258492369079042
44,1.41,-0.260112647184634
44,1.416,-0.261742999862355
44,1.422,-0.263383753404559
44,1.428,-0.265035242856263
44,1.434,-0.266697812422504
44,1.44,-0.268371815892309
44,1.446,-0.270057617080312
44,1.452,-0.271755590286939
44,1.458,-0.27346612077827
44,1.464,-0.275189605286662
44,1.47,-0.276926452533262
44,1.476,-0.278677083773761
44,1.482,-0.280441933368601
44,1.488,-0.282221449379127
44,1.494,-0.284016094191074
44,1.5,-0.285826345167051
44,1.506,-0.287652695329685
44,1.512,-0.289495654077136
44,1.518,-0.291355747932958
44,1.524,-0.293233521332301
44,1.53,-0.295129537446544
44,1.536,-0.297044379048746
44,1.542,-0.298978649422215
44,1.548,-0.300932973314945
44,1.554,-0.302907997942522
44,1.56,-0.304904394042592
44,1.566,-0.306922856983943
44,1.572,-0.308964107933634
44,1.578,-0.311028895085723
44,1.584,-0.313117994955465
44,1.59,-0.315232213743089
44,1.596,-0.317372388771545
44,1.602,-0.319539390002972
44,1.608,-0.321734121638892
44,1.614,-0.32395752380963
44,1.62,-0.326210574358648
44,1.626,-0.328494290728175
44,1.632,-0.330809731952733
44,1.638,-0.333158000767811
44,1.644,-0.335540245841382
44,1.65,-0.337957664136679
44,1.656,-0.340411503415093
44,1.662,-0.342903064888909
44,1.668,-0.345433706034311
44,1.674,-0.348004843575813
44,1.68,-0.350617956654291
44,1.686,-0.353274590191656
44,1.692,-0.355976358466345
44,1.698,-0.358724948914852
44,1.704,-0.361522126175909
44,1.71,-0.364369736395138
44,1.716,-0.367269711809638
44,1.722,-0.370224075633483
44,1.728,-0.373234947267
44,1.734,-0.376304547854544
44,1.74,-0.379435206217726
44,1.746,-0.382629365193342
44,1.752,-0.385889588407876
44,1.758,-0.389218567523228
44,1.764,-0.392619129991523
44,1.77,-0.396094247360203
44,1.776,-0.39964704417243
44,1.782,-0.403280807512011
44,1.788,-0.406998997246609
44,1.794,-0.41080525702812
44,1.8,-0.414703426114741
44,1.806,-0.418697552085389
44,1.812,-0.422791904524097
44,1.818,-0.426990989759607
44,1.824,-0.431299566753923
44,1.83,-0.435722664242894
44,1.836,-0.440265599242486
44,1.842,-0.44493399704605
44,1.848,-0.449733812850838
44,1.854,-0.45467135516664
44,1.86,-0.459753311175567
44,1.866,-0.46498677423019
44,1.872,-0.470379273697566
44,1.878,-0.4759388073795
44,1.884,-0.481673876764923
44,1.89,-0.487593525399145
44,1.896,-0.493707380687022
44,1.902,-0.500025699483674
44,1.908,-0.506559417867504
44,1.914,-0.513320205536922
44,1.92,-0.520320525324787
44,1.926,-0.527573698384394
44,1.932,-0.535093975668527
44,1.938,-0.54289661640023
44,1.944,-0.550997974321666
44,1.95,-0.559415592607349
44,1.956,-0.568168308442425
44,1.962,-0.577276368397154
44,1.968,-0.586761555878526
44,1.974,-0.596647332111739
44,1.98,-0.606958992301655
44,1.986,-0.617723838851862
44,1.992,-0.628971373781378
44,1.998,-0.640733512782185
44,2.004,-0.65304482371209
44,2.01,-0.665942792724771
44,2.016,-0.679468121712527
44,2.022,-0.693665061288897
44,2.028,-0.708581784182195
44,2.034,-0.724270804664136
44,2.04,-0.740789450520281
44,2.046,-0.758200395105815
44,2.052,-0.776572258250744
44,2.058,-0.795980286218487
44,2.064,-0.816507122624907
44,2.07,-0.838243684243561
44,2.076,-0.8612901580216
44,2.082,-0.885757138488338
44,2.088,-0.911766928150665
44,2.094,-0.939455027555022
44,2.1,-0.968971846599965
44,2.106,-1.00048467458677
44,2.112,-1.03417995362065
44,2.118,-1.07026590860007
44,2.124,-1.10897559750233
44,2.13,-1.1505704584227
44,2.136,-1.19534444539788
44,2.142,-1.24362886412869
44,2.148,-1.29579804218385
44,2.154,-1.3522759972266
44,2.16,-1.41354430268275
44,2.166,-1.48015139489783
44,2.172,-1.55272362160048
44,2.178,-1.63197840152913
44,2.184,-1.71873995353904
44,2.19,-1.81395816595508
44,2.196,-1.91873132095066
44,2.202,-2.03433357480596
44,2.208,-2.1622483378342
44,2.214,-2.30420901890357
44,2.22,-2.46224903033774
44,2.226,-2.63876353725678
44,2.232,-2.83658625530002
44,2.238,-3.05908577061779
44,2.244,-3.31028757041804
44,2.25,-3.59503055888898
44,2.256,-3.9191708595872
44,2.262,-4.28985218249202
44,2.268,-4.71587281793938
44,2.274,-5.20819793378946
44,2.28,-5.78069924979435
44,2.286,-6.45126672084895
44,2.292,-7.24356003547643
44,2.298,-8.18992531578227
44,2.304,-9.33658304333694
44,2.31,-10.7536343197375
44,2.316,-12.5564938592627
44,2.322,-14.9589975250692
44,2.328,-18.4379015124423
44,2.334,-24.4949213814365
44,2.34,-38.4043622173112
44,2.346,-23.6490265921502
44,2.352,-17.98294086981
44,2.358,-14.6315361241407
44,2.364,-12.2878317773824
44,2.37,-10.5167623273173
44,2.376,-9.11869458485884
44,2.382,-7.98435004988537
44,2.388,-7.04667322303394
44,2.394,-6.26108496203248
44,2.4,-5.59616422162206
44,2.406,-5.0287814377204
44,2.412,-4.54134795931239
44,2.418,-4.12015716706641
44,2.424,-3.75432722004903
44,2.43,-3.43509446334635
44,2.436,-3.15532160044173
44,2.442,-2.90914342625165
44,2.448,-2.69170431988693
44,2.454,-2.49895920594901
44,2.46,-2.32751982813642
44,2.466,-2.17453425670455
44,2.472,-2.03759132386875
44,2.478,-1.91464410327912
44,2.484,-1.80394815627029
44,2.49,-1.70401136656634
44,2.496,-1.61355295833501
44,2.502,-1.53146985023067
44,2.508,-1.45680890911087
44,2.514,-1.38874397555915
44,2.52,-1.32655676828951
44,2.526,-1.26962095567134
44,2.532,-1.21738882372051
44,2.538,-1.16938008072528
44,2.544,-1.12517242631928
44,2.55,-1.08439358253452
44,2.556,-1.04671454011193
44,2.562,-1.01184381811793
44,2.568,-0.979522571016568
44,2.574,-0.949520406566152
44,2.58,-0.921631801638036
44,2.586,-0.895673022389469
44,2.592,-0.871479471022986
44,2.598,-0.848903394317222
44,2.604,-0.827811899761369
44,2.61,-0.808085233903012
44,2.616,-0.789615284774415
44,2.622,-0.772304276275954
44,2.628,-0.756063627392486
44,2.634,-0.740812953281691
44,2.64,-0.726479188750653
44,2.646,-0.712995817548428
44,2.652,-0.700302193345895
44,2.658,-0.688342940330198
44,2.664,-0.67706742307475
44,2.67,-0.666429276811298
44,2.676,-0.656385990471786
44,2.682,-0.646898535922058
44,2.688,-0.637931037706028
44,2.694,-0.629450478383777
44,2.7,-0.621426435200494
44,2.706,-0.613830844382691
44,2.712,-0.606637789838031
44,2.718,-0.599823313447919
44,2.724,-0.593365244497348
44,2.73,-0.587243046093241
44,2.736,-0.581437676687682
44,2.742,-0.575931465052118
44,2.748,-0.570707997247921
44,2.754,-0.565752014311917
44,2.76,-0.561049319526255
44,2.766,-0.55658669427363
44,2.772,-0.552351821593719
44,2.778,-0.548333216657279
44,2.784,-0.544520163462451
44,2.79,-0.540902657135236
44,2.796,-0.537471351284059
44,2.802,-0.534217509918215
44,2.808,-0.531132963492883
44,2.814,-0.528210068689865
44,2.82,-0.525441671584592
44,2.826,-0.522821073886351
44,2.832,-0.52034200197115
44,2.838,-0.517998578455281
44,2.844,-0.515785296083373
44,2.85,-0.513696993727342
44,2.856,-0.511728834313081
44,2.862,-0.509876284509803
44,2.868,-0.508135096033128
44,2.874,-0.506501288427641
44,2.88,-0.504971133207572
44,2.886,-0.503541139245928
44,2.892,-0.502208039313033
44,2.898,-0.500968777674734
44,2.904,-0.499820498669262
44,2.91,-0.498760536189266
44,2.916,-0.49778640400267
44,2.922,-0.496895786852222
44,2.928,-0.496086532279527
44,2.934,-0.495356643124337
44,2.94,-0.494704270654909
44,2.946,-0.494127708289504
44,2.952,-0.493625385873072
44,2.958,-0.493195864476987
44,2.964,-0.492837831692985
44,2.97,-0.492550097395769
44,2.976,-0.49233158995148
44,2.982,-0.492181352852298
44,2.988,-0.492098541759688
44,2.994,-0.492082421941582
44,3,-0.49213236609085
44,3.006,-0.492247852514883
44,3.012,-0.492428463688124
44,3.018,-0.492673885161523
44,3.024,-0.49298390482499
44,3.03,-0.493358412520929
44,3.036,-0.493797400008978
44,3.042,-0.494300961284082
44,3.048,-0.494869293252248
44,3.054,-0.495502696770215
44,3.06,-0.49620157805772
44,3.066,-0.496966450493106
44,3.072,-0.497797936805605
44,3.078,-0.498696771679903
44,3.084,-0.499663804791538
44,3.09,-0.500700004294288
44,3.096,-0.501806460783989
44,3.102,-0.502984391766268
44,3.108,-0.504235146659571
44,3.114,-0.505560212368414
44,3.12,-0.506961219466346
44,3.126,-0.50843994903255
44,3.132,-0.50999834019115
44,3.138,-0.511638498408071
44,3.144,-0.513362704606278
44,3.15,-0.515173425167312
44,3.156,-0.517073322894428
44,3.162,-0.519065269021424
44,3.168,-0.52115235636031
44,3.174,-0.523337913691743
44,3.18,-0.525625521513794
44,3.186,-0.528019029277744
44,3.192,-0.530522574254233
44,3.198,-0.533140602189711
44,3.204,-0.535877889931723
44,3.21,-0.538739570222074
44,3.216,-0.54173115888089
44,3.222,-0.544858584630828
44,3.228,-0.548128221840698
44,3.234,-0.551546926501794
44,3.24,-0.55512207578859
44,3.246,-0.558861611599168
44,3.252,-0.562774088520363
44,3.258,-0.566868726719012
44,3.264,-0.571155470325243
44,3.27,-0.575645051947212
44,3.276,-0.580349064040699
44,3.282,-0.585280037953517
44,3.288,-0.590451531575042
44,3.294,-0.59587822664813
44,3.3,-0.601576036947037
44,3.306,-0.607562228693189
44,3.312,-0.61385555477535
44,3.318,-0.620476404565726
44,3.324,-0.627446971384256
44,3.33,-0.634791439965993
44,3.336,-0.642536196638239
44,3.342,-0.650710065324054
44,3.348,-0.659344572966687
44,3.354,-0.668474248528599
44,3.36,-0.678136960373029
44,3.366,-0.688374297603661
44,3.372,-0.699232001840303
44,3.378,-0.710760456970091
44,3.384,-0.723015245666284
44,3.39,-0.736057782945712
44,3.396,-0.749956038786482
44,3.402,-0.764785363901452
44,3.408,-0.780629435225191
44,3.414,-0.797581340597998
44,3.42,-0.815744825613319
44,3.426,-0.835235729743479
44,3.432,-0.856183643806622
44,3.438,-0.87873382674122
44,3.444,-0.903049426701234
44,3.45,-0.929314059894467
44,3.456,-0.957734810616222
44,3.462,-0.988545727875391
44,3.468,-1.02201190820413
44,3.474,-1.0584342710508
44,3.48,-1.09815515296058
44,3.486,-1.14156486991473
44,3.492,-1.1891094240244
44,3.498,-1.24129956137901
44,3.504,-1.29872142202283
44,3.51,-1.36204905995143
44,3.516,-1.43205914881579
44,3.522,-1.50964822407382
44,3.528,-1.59585283815833
44,3.534,-1.69187301073297
44,3.54,-1.79909932280308
44,3.546,-1.91914390112682
44,3.552,-2.05387531925238
44,3.558,-2.20545702541818
44,3.564,-2.37638817068952
44,3.57,-2.56954445389789
44,3.576,-2.78821450456768
44,3.582,-3.03612387880546
44,3.588,-3.317433117833
44,3.594,-3.63668717054299
44,3.6,-3.99867864044769
46,1.2,-0.20660382498308
46,1.206,-0.208052797281149
46,1.212,-0.209504152767073
46,1.218,-0.210958088679276
46,1.224,-0.212414802787138
46,1.23,-0.213874493564196
46,1.236,-0.215337360362654
46,1.242,-0.216803603589403
46,1.248,-0.218273424883841
46,1.254,-0.219747027297735
46,1.26,-0.221224615477418
46,1.266,-0.222706395848558
46,1.272,-0.224192576803779
46,1.278,-0.225683368893467
46,1.284,-0.227178985019971
46,1.29,-0.228679640635581
46,1.296,-0.230185553944529
46,1.302,-0.231696946109389
46,1.308,-0.233214041462141
46,1.314,-0.23473706772029
46,1.32,-0.236266256208414
46,1.326,-0.23780184208542
46,1.332,-0.239344064577986
46,1.338,-0.240893167220538
46,1.344,-0.242449398102199
46,1.35,-0.244013010121098
46,1.356,-0.245584261246583
46,1.362,-0.247163414789696
46,1.368,-0.248750739682505
46,1.374,-0.250346510766757
46,1.38,-0.2519510090924
46,1.386,-0.253564522226574
46,1.392,-0.255187344573637
46,1.398,-0.25681977770687
46,1.404,-0.258462130712522
46,1.41,-0.260114720546907
46,1.416,-0.261777872407265
46,1.422,-0.263451920117159
46,1.428,-0.265137206527245
46,1.434,-0.266834083932295
46,1.44,-0.268542914505288
46,1.446,-0.270264070749663
46,1.452,-0.271997935970648
46,1.458,-0.273744904766796
46,1.464,-0.275505383542817
46,1.47,-0.277279791044979
46,1.476,-0.279068558920273
46,1.482,-0.28087213230078
46,1.488,-0.282690970414587
46,1.494,-0.284525547224854
46,1.5,-0.286376352098601
46,1.506,-0.288243890506945
46,1.512,-0.290128684758617
46,1.518,-0.292031274768691
46,1.524,-0.293952218864597
46,1.53,-0.295892094631617
46,1.536,-0.297851499800197
46,1.542,-0.299831053177558
46,1.548,-0.30183139562631
46,1.554,-0.303853191092838
46,1.56,-0.305897127688535
46,1.566,-0.307963918827093
46,1.572,-0.310054304421293
46,1.578,-0.312169052142996
46,1.584,-0.314308958750277
46,1.59,-0.316474851485884
46,1.596,-0.318667589551597
46,1.602,-0.320888065663259
46,1.608,-0.323137207691693
46,1.614,-0.325415980395046
46,1.62,-0.32772538724853
46,1.626,-0.330066472377914
46,1.632,-0.332440322603691
46,1.638,-0.334848069603242
46,1.644,-0.337290892198953
46,1.65,-0.33977001878082
46,1.656,-0.342286729872727
46,1.662,-0.34484236085225
46,1.668,-0.347438304834716
46,1.674,-0.350076015732939
46,1.68,-0.352757011505092
46,1.686,-0.355482877604086
46,1.692,-0.35825527064293
46,1.698,-0.36107592229171
46,1.704,-0.363946643423132
46,1.71,-0.366869328524936
46,1.716,-0.369845960399056
46,1.722,-0.372878615169026
46,1.728,-0.375969467618991
46,1.734,-0.379120796889718
46,1.74,-0.382334992559053
46,1.746,-0.385614561136894
46,1.752,-0.38896213300719
46,1.758,-0.392380469852466
46,1.764,-0.395872472599604
46,1.77,-0.399441189929
46,1.776,-0.403089827393192
46,1.782,-0.406821757195276
46,1.788,-0.410640528682064
46,1.794,-0.414549879612307
46,1.8,-0.418553748265789
46,1.806,-0.422656286465697
46,1.812,-0.426861873593555
46,1.818,-0.431175131683865
46,1.824,-0.435600941694236
46,1.83,-0.440144461056447
46,1.836,-0.444811142624508
46,1.842,-0.449606755147799
46,1.848,-0.454537405410547
46,1.854,-0.459609562193785
46,1.86,-0.464830082232481
46,1.866,-0.47020623835903
46,1.872,-0.475745750045031
46,1.878,-0.481456816576539
46,1.884,-0.487348153124108
46,1.89,-0.493429029998182
46,1.896,-0.499709315413514
46,1.902,-0.506199522123428
46,1.908,-0.512910858326741
46,1.914,-0.519855283297606
46,1.92,-0.527045568242179
46,1.926,-0.534495362946854
46,1.932,-0.542219268851863
46,1.938,-0.55023291926232
46,1.944,-0.55855306749832
46,1.95,-0.567197683887104
46,1.956,-0.576186062616816
46,1.962,-0.585538939603971
46,1.968,-0.595278622679041
46,1.974,-0.605429135569088
46,1.98,-0.61601637735702
46,1.986,-0.627068299328006
46,1.992,-0.638615101380027
46,1.998,-0.650689450483298
46,2.004,-0.663326724029593
46,2.01,-0.676565281325807
46,2.016,-0.69044676696612
46,2.022,-0.705016450376365
46,2.028,-0.720323606476307
46,2.034,-0.736421943168155
46,2.04,-0.753370082252863
46,2.046,-0.771232101424639
46,2.052,-0.790078146228104
46,2.058,-0.809985122317778
46,2.064,-0.831037480079679
46,2.07,-0.853328105712738
46,2.076,-0.876959335287663
46,2.082,-0.902044111182144
46,2.088,-0.928707303729495
46,2.094,-0.957087225031894
46,2.1,-0.987337366824646
46,2.106,-1.0196284002141
46,2.112,-1.05415048227193
46,2.118,-1.09111592312871
46,2.124,-1.13076227771567
46,2.13,-1.17335593908552
46,2.136,-1.21919632584525
46,2.142,-1.26862077533734
46,2.148,-1.32201027767993
46,2.154,-1.37979621472324
46,2.16,-1.44246830381621
46,2.166,-1.51058399082902
46,2.172,-1.58477959252163
46,2.178,-1.66578355820503
46,2.184,-1.75443230885347
46,2.19,-1.85168922396244
46,2.196,-1.95866749011005
46,2.202,-2.07665771092391
46,2.208,-2.20716142092782
46,2.214,-2.35193196716783
46,2.22,-2.51302465464061
46,2.226,-2.69285864305252
46,2.232,-2.89429390923836
46,2.238,-3.12072777318934
46,2.244,-3.37621722582593
46,2.25,-3.66563593048206
46,2.256,-3.9948788817958
46,2.262,-4.37113433655935
46,2.268,-4.80325369338369
46,2.274,-5.30226912494876
46,2.28,-5.88214313930758
46,2.286,-6.56089874840706
46,2.292,-7.36240623078197
46,2.298,-8.31936960597498
46,2.304,-9.47866102483966
46,2.31,-10.9116634493972
46,2.316,-12.7365869233321
46,2.322,-15.1744126423064
46,2.328,-18.7260428063485
46,2.334,-25.0442932292914
46,2.34,-42.234793738203
46,2.346,-23.5754066440196
46,2.352,-17.9689599423272
46,2.358,-14.6488751132621
46,2.364,-12.3220149248239
46,2.37,-10.5604540167594
46,2.376,-9.16767993509069
46,2.382,-8.03599113660911
46,2.388,-7.09923458414625
46,2.394,-6.31339804047068
46,2.4,-5.64744042820126
46,2.406,-5.07849760289451
46,2.412,-4.58917066476529
46,2.418,-4.16588997838084
46,2.424,-3.79787257042662
46,2.43,-3.47642555821494
46,2.436,-3.19446151276595
46,2.442,-2.94614951101016
46,2.448,-2.72665662978975
46,2.454,-2.53195193919019
46,2.46,-2.35865507678409
46,2.466,-2.20391749661641
46,2.472,-2.06532821677004
46,2.478,-1.94083828139859
46,2.484,-1.82869973728546
46,2.49,-1.72741600667135
46,2.496,-1.63570129776032
46,2.502,-1.55244724141222
46,2.508,-1.4766953452273
46,2.514,-1.40761415816256
46,2.52,-1.34448026871168
46,2.526,-1.28666243694822
46,2.532,-1.23360829885284
46,2.538,-1.18483318988921
46,2.544,-1.13991072070626
46,2.55,-1.09846480625509
46,2.556,-1.06016290436694
46,2.562,-1.02471026386708
46,2.568,-0.991845017846347
46,2.574,-0.961333986516363
46,2.58,-0.932969077496222
46,2.586,-0.906564190484349
46,2.592,-0.88195254890253
46,2.598,-0.858984393928758
46,2.604,-0.837524986893835
46,2.61,-0.817452874730177
46,2.616,-0.7986583803712
46,2.622,-0.781042285981635
46,2.628,-0.764514681874564
46,2.634,-0.748993958120117
46,2.64,-0.734405919319274
46,2.646,-0.72068300592255
46,2.652,-0.707763607915104
46,2.658,-0.695591458745186
46,2.664,-0.684115099107856
46,2.67,-0.673287401663181
46,2.676,-0.663065149012034
46,2.682,-0.653408658309405
46,2.688,-0.644281446794883
46,2.694,-0.635649933287704
46,2.7,-0.627483171349885
46,2.706,-0.619752610383506
46,2.712,-0.612431881410536
46,2.718,-0.605496604698992
46,2.724,-0.598924216756746
46,2.73,-0.592693814523163
46,2.736,-0.586786014855965
46,2.742,-0.581182827641981
46,2.748,-0.575867541061583
46,2.754,-0.570824617711046
46,2.76,-0.566039600439519
46,2.766,-0.561499026889737
46,2.772,-0.557190351847959
46,2.778,-0.55310187660987
46,2.784,-0.549222684658401
46,2.79,-0.545542583027541
46,2.796,-0.54205204879494
46,2.802,-0.538742180206704
46,2.808,-0.53560465199103
46,2.814,-0.532631674464812
46,2.82,-0.529815956078659
46,2.826,-0.527150669083076
46,2.832,-0.524629418031146
46,2.838,-0.52224621086225
46,2.844,-0.519995432337202
46,2.85,-0.517871819618363
46,2.856,-0.515870439808705
46,2.862,-0.513986669282337
46,2.868,-0.512216174655318
46,2.874,-0.51055489526042
46,2.88,-0.508999027002547
46,2.886,-0.507545007483549
46,2.892,-0.506189502295674
46,2.898,-0.504929392392662
46,2.904,-0.503761762455933
46,2.91,-0.502683890181474
46,2.916,-0.501693236419718
46,2.922,-0.500787436107516
46,2.928,-0.499964289936928
46,2.934,-0.499221756710849
46,2.94,-0.498557946340556
46,2.946,-0.497971113444475
46,2.952,-0.497459651511685
46,2.958,-0.497022087597409
46,2.964,-0.496657077521112
46,2.97,-0.496363401541219
46,2.976,-0.496139960483317
46,2.982,-0.495985772301578
46,2.988,-0.495899969055701
46,2.994,-0.495881794288322
46,3,-0.495930600790009
46,3.006,-0.496045848741387
46,3.012,-0.496227104224096
46,3.018,-0.496474038094364
46,3.024,-0.496786425215158
46,3.03,-0.49716414404486
46,3.036,-0.497607176582544
46,3.042,-0.498115608671993
46,3.048,-0.498689630668662
46,3.054,-0.499329538475992
46,3.06,-0.500035734959663
46,3.066,-0.500808731750751
46,3.072,-0.501649151451077
46,3.078,-0.502557730256684
46,3.084,-0.503535321017995
46,3.09,-0.50458289675815
46,3.096,-0.505701554674141
46,3.102,-0.506892520648624
46,3.108,-0.508157154304011
46,3.114,-0.509496954634276
46,3.12,-0.510913566254342
46,3.126,-0.512408786311477
46,3.132,-0.513984572108429
46,3.138,-0.515643049493635
46,3.144,-0.517386522080175
46,3.15,-0.519217481362099
46,3.156,-0.521138617804419
46,3.162,-0.523152832991688
46,3.168,-0.525263252929593
46,3.174,-0.527473242604639
46,3.18,-0.529786421918852
46,3.186,-0.532206683129698
46,3.192,-0.53473820994042
46,3.198,-0.53738549840246
46,3.204,-0.540153379810567
46,3.21,-0.543047045792346
46,3.216,-0.546072075817534
46,3.222,-0.549234467379391
46,3.228,-0.552540669130827
46,3.234,-0.555997617292131
46,3.24,-0.55961277568628
46,3.246,-0.563394179801709
46,3.252,-0.567350485332884
46,3.258,-0.571491021705955
46,3.264,-0.575825851161996
46,3.27,-0.580365834044744
46,3.276,-0.585122701024858
46,3.282,-0.590109133089885
46,3.288,-0.595338850241353
46,3.294,-0.600826709968305
46,3.3,-0.606588816714751
46,3.306,-0.612642643728733
46,3.312,-0.619007168877336
46,3.318,-0.625703026239619
46,3.324,-0.632752675552837
46,3.33,-0.640180591893392
46,3.336,-0.648013478329387
46,3.342,-0.656280504695985
46,3.348,-0.665013576127647
46,3.354,-0.674247635546385
46,3.36,-0.684021004965902
46,3.366,-0.694375771247139
46,3.372,-0.705358222851604
46,3.378,-0.717019345211342
46,3.384,-0.729415383598358
46,3.39,-0.742608483869638
46,3.396,-0.7566674232299
46,3.402,-0.771668445247039
46,3.408,-0.787696215838219
46,3.414,-0.804844919894964
46,3.42,-0.823219521726003
46,3.426,-0.842937216677113
46,3.432,-0.8641291062706
46,3.438,-0.886942135150929
46,3.444,-0.911541335213623
46,3.45,-0.938112430752728
46,3.456,-0.96686486854234
46,3.462,-0.998035348765131
46,3.468,-1.03189194694533
46,3.474,-1.06873893389517
46,3.48,-1.10892242051693
46,3.486,-1.15283697747073
46,3.492,-1.20093340649876
46,3.498,-1.25372787068431
46,3.504,-1.311812624869
46,3.51,-1.3758686239716
46,3.516,-1.44668032409776
46,3.522,-1.5251530253641
46,3.528,-1.61233312963487
46,3.534,-1.70943168955345
46,3.54,-1.81785158853521
46,3.546,-1.93921858411484
46,3.552,-2.0754162197948
46,3.558,-2.22862418425557
46,3.564,-2.4013589453436
46,3.57,-2.59651420848281
46,3.576,-2.81739662318993
46,3.582,-3.06774866941127
46,3.588,-3.35174495922731
46,3.594,-3.67393892698678
46,3.6,-4.03912184985654
48,1.2,-0.20725487452277
48,1.206,-0.208701453115971
48,1.212,-0.210150864883582
48,1.218,-0.211603306827037
48,1.224,-0.213058976631666
48,1.23,-0.214518072839585
48,1.236,-0.215980795024035
48,1.242,-0.217447343965416
48,1.248,-0.218917921829315
48,1.254,-0.220392732346751
48,1.26,-0.221871980996896
48,1.266,-0.22335587519261
48,1.272,-0.224844624468981
48,1.278,-0.226338440675223
48,1.284,-0.227837538170187
48,1.29,-0.229342134021828
48,1.296,-0.230852448210895
48,1.302,-0.232368703839189
48,1.308,-0.233891127342762
48,1.314,-0.235419948710305
48,1.32,-0.236955401707208
48,1.326,-0.23849772410556
48,1.332,-0.240047157920542
48,1.338,-0.241603949653598
48,1.344,-0.243168350542801
48,1.35,-0.244740616820855
48,1.356,-0.246321009981221
48,1.362,-0.247909797052795
48,1.368,-0.249507250883697
48,1.374,-0.251113650434681
48,1.38,-0.25272928108269
48,1.386,-0.254354434935187
48,1.392,-0.255989411155835
48,1.398,-0.257634516302222
48,1.404,-0.259290064676189
48,1.41,-0.260956378687641
48,1.416,-0.262633789232463
48,1.422,-0.26432263608534
48,1.428,-0.266023268308411
48,1.434,-0.267736044676515
48,1.44,-0.269461334120049
48,1.446,-0.27119951618636
48,1.452,-0.272950981520752
48,1.458,-0.274716132368186
48,1.464,-0.276495383096825
48,1.47,-0.278289160744686
48,1.476,-0.280097905590673
48,1.482,-0.281922071751385
48,1.488,-0.28376212780518
48,1.494,-0.285618557445028
48,1.5,-0.287491860161809
48,1.506,-0.289382551959833
48,1.512,-0.291291166106427
48,1.518,-0.29321825391759
48,1.524,-0.295164385581775
48,1.53,-0.297130151024142
48,1.536,-0.299116160813586
48,1.542,-0.301123047115115
48,1.548,-0.303151464690319
48,1.554,-0.305202091948797
48,1.56,-0.307275632053656
48,1.566,-0.309372814084365
48,1.572,-0.311494394260516
48,1.578,-0.313641157230206
48,1.584,-0.315813917427149
48,1.59,-0.318013520500773
48,1.596,-0.320240844823911
48,1.602,-0.322496803083054
48,1.608,-0.324782343956477
48,1.614,-0.327098453885833
48,1.62,-0.329446158947418
48,1.626,-0.331826526829533
48,1.632,-0.334240668923025
48,1.638,-0.336689742532557
48,1.644,-0.339174953216633
48,1.65,-0.341697557265193
48,1.656,-0.344258864324117
48,1.662,-0.346860240176729
48,1.668,-0.349503109693242
48,1.674,-0.352188959959885
48,1.68,-0.354919343600312
48,1.686,-0.357695882303119
48,1.692,-0.360520270570128
48,1.698,-0.36339427970149
48,1.704,-0.366319762034893
48,1.71,-0.369298655457625
48,1.716,-0.372332988211685
48,1.722,-0.375424884014073
48,1.728,-0.378576567515995
48,1.734,-0.381790370126941
48,1.74,-0.385068736231786
48,1.746,-0.388414229831475
48,1.752,-0.391829541640583
48,1.758,-0.395317496678057
48,1.764,-0.398881062390569
48,1.77,-0.402523357351622
48,1.776,-0.406247660583426
48,1.782,-0.410057421552921
48,1.788,-0.41395627089812
48,1.794,-0.417948031946284
48,1.8,-0.422036733091202
48,1.806,-0.42622662110346
48,1.812,-0.430522175454645
48,1.818,-0.434928123744456
48,1.824,-0.439449458328499
48,1.83,-0.444091454254383
48,1.836,-0.448859688624589
48,1.842,-0.453760061516807
48,1.848,-0.458798818605935
48,1.854,-0.463982575647046
48,1.86,-0.469318344995502
48,1.866,-0.474813564359329
48,1.872,-0.480476127999985
48,1.878,-0.486314420621519
48,1.884,-0.492337354214525
48,1.89,-0.498554408151338
48,1.896,-0.504975672862492
48,1.902,-0.511611897462339
48,1.908,-0.518474541734537
48,1.914,-0.525575832936404
48,1.92,-0.532928827935754
48,1.926,-0.5405474812558
48,1.932,-0.548446719673962
48,1.938,-0.556642524100179
48,1.944,-0.565152019551222
48,1.95,-0.57399357414106
48,1.956,-0.583186908125339
48,1.962,-0.592753214173376
48,1.968,-0.602715290195591
48,1.974,-0.613097686231869
48,1.98,-0.623926867110236
48,1.986,-0.635231392819968
48,1.992,-0.647042118813809
48,1.998,-0.659392418766733
48,2.004,-0.672318432680303
48,2.01,-0.685859343641251
48,2.016,-0.700057687030187
48,2.022,-0.71495969654343
48,2.028,-0.730615692052545
48,2.034,-0.747080515099189
48,2.04,-0.764414018728267
48,2.046,-0.782681619424932
48,2.052,-0.801954920170716
48,2.058,-0.822312415107434
48,2.064,-0.843840288037911
48,2.07,-0.86663331905402
48,2.076,-0.890795916029282
48,2.082,-0.916443290624698
48,2.088,-0.943702801929614
48,2.094,-0.972715495012729
48,2.1,-1.00363786663813
48,2.106,-1.03664389638813
48,2.112,-1.07192738865121
48,2.118,-1.10970467965791
48,2.124,-1.15021777432394
48,2.13,-1.19373799052185
48,2.136,-1.24057020409137
48,2.142,-1.29105780709882
48,2.148,-1.34558851543465
48,2.154,-1.40460119089996
48,2.16,-1.46859387889395
48,2.166,-1.5381333075039
48,2.172,-1.61386614959904
48,2.178,-1.69653241957046
48,2.184,-1.78698146480541
48,2.19,-1.88619112444617
48,2.196,-1.99529077213927
48,2.202,-2.11558914602362
48,2.208,-2.24860811332563
48,2.214,-2.39612384068426
48,2.22,-2.56021727751375
48,2.226,-2.74333645830947
48,2.232,-2.94837396897001
48,2.238,-3.17876412734149
48,2.244,-3.43860620575137
48,2.25,-3.73282272213022
48,2.256,-4.06736605160395
48,2.262,-4.44949344154451
48,2.268,-4.88814193414591
48,2.274,-5.3944544861655
48,2.28,-5.98254420041491
48,2.286,-6.67065058239495
48,2.292,-7.48297434349593
48,2.298,-8.45275656669016
48,2.304,-9.62780391594845
48,2.31,-11.0812617403041
48,2.316,-12.93503688472
48,2.322,-15.4191963110109
48,2.328,-19.0639112539448
48,2.334,-25.6927767104683
48,2.34,-41.5367105756344
48,2.346,-23.2811529077967
48,2.352,-17.8484795419735
48,2.358,-14.5935203829644
48,2.364,-12.299971275887
48,2.37,-10.5579320182589
48,2.376,-9.1773654508425
48,2.382,-8.05350709019336
48,2.388,-7.12175623797516
48,2.394,-6.33901508674587
48,2.4,-5.67482508052351
48,2.406,-5.10671436038095
48,2.412,-4.61755843744471
48,2.418,-4.19398443231944
48,2.424,-3.82535255814524
48,2.43,-3.50307493161472
48,2.436,-3.22014129288972
48,2.442,-2.97077731963606
48,2.448,-2.75019136378233
48,2.454,-2.55438230573622
48,2.46,-2.37999100819965
48,2.466,-2.22418372922024
48,2.472,-2.08455950279527
48,2.478,-1.95907583538088
48,2.484,-1.8459886157811
48,2.49,-1.74380319293039
48,2.496,-1.65123431786889
48,2.502,-1.56717318005156
48,2.508,-1.49066016086893
48,2.514,-1.42086222164631
48,2.52,-1.35705406753884
48,2.526,-1.29860240163198
48,2.532,-1.24495271833722
48,2.538,-1.1956181911685
48,2.544,-1.15017029395316
48,2.55,-1.10823086145878
48,2.556,-1.06946534904504
48,2.562,-1.03357709411676
48,2.568,-1.00030241704474
48,2.574,-0.969406427526265
48,2.58,-0.940679425398016
48,2.586,-0.913933803731357
48,2.592,-0.889001377453008
48,2.598,-0.865731073396714
48,2.604,-0.843986928123254
48,2.61,-0.823646348463246
48,2.616,-0.804598596874695
48,2.622,-0.786743469634221
48,2.628,-0.769990140815122
48,2.634,-0.754256149123665
48,2.64,-0.739466508110384
48,2.646,-0.725552923162625
48,2.652,-0.712453101113485
48,2.658,-0.700110140349036
48,2.664,-0.688471991023816
48,2.67,-0.677490976457647
48,2.676,-0.667123368027536
48,2.682,-0.65732900692333
48,2.688,-0.648070967034314
48,2.694,-0.639315254001188
48,2.7,-0.631030536123844
48,2.706,-0.623187903377966
48,2.712,-0.615760651276435
48,2.718,-0.608724086727197
48,2.724,-0.602055353397447
48,2.73,-0.595733274403727
48,2.736,-0.589738210415019
48,2.742,-0.584051931488314
48,2.748,-0.578657501157561
48,2.754,-0.573539171472306
48,2.76,-0.568682287835116
48,2.766,-0.564073202620181
48,2.772,-0.559699196672098
48,2.778,-0.555548407885897
48,2.784,-0.55160976615889
48,2.79,-0.547872934083454
48,2.796,-0.544328252819131
48,2.802,-0.540966692643321
48,2.808,-0.537779807733462
48,2.814,-0.534759694781283
48,2.82,-0.531898955081548
48,2.826,-0.529190659775031
48,2.832,-0.526628317958483
48,2.838,-0.524205847403642
48,2.844,-0.521917547653485
48,2.85,-0.519758075287177
48,2.856,-0.517722421165887
48,2.862,-0.515805889490201
48,2.868,-0.514004078516456
48,2.874,-0.512312862794076
48,2.88,-0.510728376799442
48,2.886,-0.509246999853689
48,2.892,-0.507865342222582
48,2.898,-0.506580232306443
48,2.904,-0.505388704836656
48,2.91,-0.50428799000334
48,2.916,-0.503275503445861
48,2.922,-0.502348837044335
48,2.928,-0.501505750456251
48,2.934,-0.500744163347609
48,2.94,-0.500062148272951
48,2.946,-0.499457924163102
48,2.952,-0.498929850383583
48,2.958,-0.498476421330445
48,2.964,-0.498096261533728
48,2.97,-0.497788121242122
48,2.976,-0.497550872465184
48,2.982,-0.497383505452626
48,2.988,-0.497285125592507
48,2.994,-0.49725495071292
48,3,-0.497292308774046
48,3.006,-0.497396635939704
48,3.012,-0.497567475019863
48,3.018,-0.497804474277556
48,3.024,-0.498107386595911
48,3.03,-0.498476069002864
48,3.036,-0.498910482553512
48,3.042,-0.499410692571771
48,3.048,-0.499976869255387
48,3.054,-0.500609288650381
48,3.06,-0.501308334003207
48,3.066,-0.502074497501324
48,3.072,-0.502908382415103
48,3.078,-0.503810705656692
48,3.084,-0.504782300774133
48,3.09,-0.505824121401741
48,3.096,-0.506937245191073
48,3.102,-0.508122878249943
48,3.108,-0.509382360120595
48,3.114,-0.510717169332086
48,3.12,-0.512128929566159
48,3.126,-0.513619416480525
48,3.132,-0.51519056523866
48,3.138,-0.516844478800819
48,3.144,-0.518583437037116
48,3.15,-0.520409906730676
48,3.156,-0.522326552546051
48,3.162,-0.524336249047032
48,3.168,-0.526442093857085
48,3.174,-0.528647422066275
48,3.18,-0.530955822000359
48,3.186,-0.533371152480627
48,3.192,-0.535897561718042
48,3.198,-0.538539508001481
48,3.204,-0.541301782358605
48,3.21,-0.544189533388522
48,3.216,-0.547208294489132
48,3.222,-0.550364013728231
48,3.228,-0.553663086637745
48,3.234,-0.557112392244033
48,3.24,-0.560719332685705
48,3.246,-0.564491876814048
48,3.252,-0.568438608220444
48,3.258,-0.572568778191757
48,3.264,-0.576892364158662
48,3.27,-0.581420134275379
48,3.276,-0.586163718853023
48,3.282,-0.591135689464747
48,3.288,-0.596349646650994
48,3.294,-0.601820317279665
48,3.3,-0.607563662761397
48,3.306,-0.613596999487972
48,3.312,-0.619939133055413
48,3.318,-0.626610508057005
48,3.324,-0.633633375491113
48,3.33,-0.641031980128955
48,3.336,-0.648832770537645
48,3.342,-0.657064634860406
48,3.348,-0.665759165930904
48,3.354,-0.674950959853216
48,3.36,-0.684677952828201
48,3.366,-0.694981801768204
48,3.372,-0.705908315136267
48,3.378,-0.717507941497905
48,3.384,-0.729836324513399
48,3.39,-0.742954934562606
48,3.396,-0.756931788925058
48,3.402,-0.771842274488759
48,3.408,-0.787770089392501
48,3.414,-0.804808322895459
48,3.42,-0.823060696202893
48,3.426,-0.842642991066365
48,3.432,-0.86368469784995
48,3.438,-0.886330920563665
48,3.444,-0.910744583293231
48,3.45,-0.937108990715635
48,3.456,-0.965630805230538
48,3.462,-0.996543514944934
48,3.468,-1.03011148064262
48,3.474,-1.06663466630115
48,3.48,-1.10645417704998
48,3.486,-1.14995875103841
48,3.492,-1.19759237777007
48,3.498,-1.24986324515827
48,3.504,-1.30735425062429
48,3.51,-1.37073534715552
48,3.516,-1.44077803149209
48,3.522,-1.51837231493349
48,3.528,-1.60454654127653
48,3.534,-1.70049042025279
48,3.54,-1.80758161052025
48,3.546,-1.92741608445674
48,3.552,-2.06184229050751
48,3.558,-2.21299872225735
48,3.564,-2.38335378670221
48,3.57,-2.57574564637959
48,3.576,-2.79341768633062
48,3.582,-3.04004193865861
48,3.588,-3.31971739661006
48,3.594,-3.63692139087405
48,3.6,-3.99637802765533
50,1.2,-0.20779008874199
50,1.206,-0.20924727930042
50,1.212,-0.210707548859942
50,1.218,-0.212171096169767
50,1.224,-0.213638120757497
50,1.23,-0.215108823103416
50,1.236,-0.216583404816369
50,1.242,-0.218062068811435
50,1.248,-0.219545019489691
50,1.254,-0.22103246292033
50,1.26,-0.222524607025386
50,1.266,-0.224021661767349
50,1.272,-0.225523839339968
50,1.278,-0.2270313543625
50,1.284,-0.22854442407773
50,1.29,-0.230063268554085
50,1.296,-0.231588110892096
50,1.302,-0.233119177435613
50,1.308,-0.234656697988063
50,1.314,-0.236200906034125
50,1.32,-0.23775203896718
50,1.326,-0.239310338322911
50,1.332,-0.240876050019471
50,1.338,-0.242449424604595
50,1.344,-0.244030717510133
50,1.35,-0.245620189314401
50,1.356,-0.247218106012863
50,1.362,-0.248824739297615
50,1.368,-0.250440366846172
50,1.374,-0.252065272620139
50,1.38,-0.253699747174269
50,1.386,-0.255344087976575
50,1.392,-0.256998599740053
50,1.398,-0.258663594766702
50,1.404,-0.260339393304558
50,1.41,-0.262026323918374
50,1.416,-0.26372472387485
50,1.422,-0.265434939543093
50,1.428,-0.267157326811223
50,1.434,-0.268892251520007
50,1.44,-0.270640089914487
50,1.446,-0.27240122911456
50,1.452,-0.274176067605612
50,1.458,-0.275965015750329
50,1.464,-0.277768496322811
50,1.47,-0.279586945066352
50,1.476,-0.281420811276095
50,1.482,-0.283270558408078
50,1.488,-0.285136664716101
50,1.494,-0.287019623918037
50,1.5,-0.288919945893261
50,1.506,-0.290838157413004
50,1.512,-0.292774802905509
50,1.518,-0.294730445258045
50,1.524,-0.296705666657914
50,1.53,-0.298701069474751
50,1.536,-0.300717277186586
50,1.542,-0.302754935352206
50,1.548,-0.304814712632658
50,1.554,-0.306897301864832
50,1.56,-0.309003421190255
50,1.566,-0.311133815242501
50,1.572,-0.313289256396796
50,1.578,-0.315470546085707
50,1.584,-0.317678516184946
50,1.59,-0.319914030473787
50,1.596,-0.32217798617474
50,1.602,-0.324471315577566
50,1.608,-0.326794987753005
50,1.614,-0.329150010362061
50,1.62,-0.331537431566999
50,1.626,-0.333958342050797
50,1.632,-0.336413877152143
50,1.638,-0.338905219123772
50,1.644,-0.341433599522301
50,1.65,-0.344000301738582
50,1.656,-0.346606663678073
50,1.662,-0.349254080601636
50,1.668,-0.351944008137751
50,1.674,-0.354677965478324
50,1.68,-0.357457538770873
50,1.686,-0.360284384721151
50,1.692,-0.363160234421297
50,1.698,-0.366086897419825
50,1.704,-0.369066266051121
50,1.71,-0.372100320043578
50,1.716,-0.375191131427051
50,1.722,-0.378340869762127
50,1.728,-0.381551807715546
50,1.734,-0.384826327008214
50,1.74,-0.388166924764569
50,1.746,-0.391576220294502
50,1.752,-0.395056962341859
50,1.758,-0.398612036836495
50,1.764,-0.402244475190273
50,1.77,-0.405957463180941
50,1.776,-0.409754350471918
50,1.782,-0.413638660820507
50,1.788,-0.417614103031777
50,1.794,-0.421684582720969
50,1.8,-0.425854214953137
50,1.806,-0.430127337835358
50,1.812,-0.434508527144197
50,1.818,-0.43900261207928
50,1.824,-0.443614692242698
50,1.83,-0.448350155954148
50,1.836,-0.453214700022754
50,1.842,-0.458214351108902
50,1.848,-0.463355488823309
50,1.854,-0.468644870725887
50,1.86,-0.474089659404259
50,1.866,-0.479697451830959
50,1.872,-0.485476311219977
50,1.878,-0.491434801627477
50,1.884,-0.497582025568599
50,1.89,-0.503927664952762
50,1.896,-0.510482025674295
50,1.902,-0.517256086233635
50,1.908,-0.524261550808213
50,1.914,-0.531510907241227
50,1.92,-0.539017490472254
50,1.926,-0.546795551996876
50,1.932,-0.554860336013997
50,1.938,-0.563228163000959
50,1.944,-0.571916521549171
50,1.95,-0.580944169398428
50,1.956,-0.590331244728524
50,1.962,-0.600099388904538
50,1.968,-0.610271882029592
50,1.974,-0.620873792839945
50,1.98,-0.63193214468476
50,1.986,-0.643476099572091
50,1.992,-0.655537162538155
50,1.998,-0.668149408915282
50,2.004,-0.681349737442217
50,2.01,-0.695178152587468
50,2.016,-0.709678079952165
50,2.022,-0.724896719196182
50,2.028,-0.740885439604036
50,2.034,-0.757700224193497
50,2.04,-0.775402169190447
50,2.046,-0.794058046773774
50,2.052,-0.813740940264514
50,2.058,-0.834530962430288
50,2.064,-0.856516069344619
50,2.07,-0.879792984334055
50,2.076,-0.904468249030457
50,2.082,-0.930659421501092
50,2.088,-0.958496444953307
50,2.094,-0.988123214723838
50,2.1,-1.01969937631252
50,2.106,-1.05340239328919
50,2.112,-1.08942993121551
50,2.118,-1.12800261256114
50,2.124,-1.16936720830397
50,2.13,-1.2138003449235
50,2.136,-1.26161282137195
50,2.142,-1.3131546500301
50,2.148,-1.36882095949843
50,2.154,-1.4290589264547
50,2.16,-1.49437594015695
50,2.166,-1.56534924833491
50,2.172,-1.6426373896038
50,2.178,-1.72699378832427
50,2.184,-1.8192829772518
50,2.19,-1.92050002707588
50,2.196,-2.0317939078824
50,2.202,-2.15449569662686
50,2.208,-2.29015279248752
50,2.214,-2.44057063121029
50,2.22,-2.60786383418578
50,2.226,-2.79451933987675
50,2.232,-3.00347492567764
50,2.238,-3.23821776814288
50,2.244,-3.50290952456626
50,2.25,-3.80254721431477
50,2.256,-4.14317356849657
50,2.262,-4.53215763436091
50,2.268,-4.97857835183785
50,2.274,-5.49376453858766
50,2.28,-6.09208211764912
50,2.286,-6.79212995020328
50,2.292,-7.61864570183417
50,2.298,-8.60571943237235
50,2.304,-9.80259077190056
50,2.31,-11.2850240735431
50,2.316,-13.1802403635506
50,2.322,-15.7308423314313
50,2.328,-19.504718322852
50,2.334,-26.5047522860223
50,2.34,-35.8878636819513
50,2.346,-22.6660354974885
50,2.352,-17.5659913774694
50,2.358,-14.4283880320685
50,2.364,-12.1943852961256
50,2.37,-10.4879250624438
50,2.376,-9.13059589509707
50,2.382,-8.02273038578058
50,2.388,-7.10233885678545
50,2.394,-6.32781615960662
50,2.4,-5.66962916318645
50,2.406,-5.10591572873351
50,2.412,-4.61997172496225
50,2.418,-4.19872391855617
50,2.424,-3.83175135744246
50,2.43,-3.51062877020237
50,2.436,-3.22846822219392
50,2.442,-2.97958820402236
50,2.448,-2.75926790650061
50,2.454,-2.56356049216063
50,2.46,-2.38914852253959
50,2.466,-2.23323033057069
50,2.472,-2.09342963033533
50,2.478,-1.9677229068569
50,2.484,-1.85438062033366
50,2.49,-1.75191927805726
50,2.496,-1.65906214279266
50,2.502,-1.57470686168646
50,2.508,-1.49789867911172
50,2.514,-1.42780818141116
50,2.52,-1.36371273833809
50,2.526,-1.30498097339613
50,2.532,-1.25105972590822
50,2.538,-1.20146307048557
50,2.544,-1.1557630411259
50,2.55,-1.11358177225263
50,2.556,-1.07458482121507
50,2.562,-1.0384754788448
50,2.568,-1.00498990870949
50,2.574,-0.973892983357391
50,2.58,-0.944974708380696
50,2.586,-0.918047143548953
50,2.592,-0.892941745370483
50,2.598,-0.869507067863433
50,2.604,-0.847606768562528
50,2.61,-0.827117875258834
50,2.616,-0.807929275992107
50,2.622,-0.78994040065252
50,2.628,-0.773060067411421
50,2.634,-0.757205471263463
50,2.64,-0.742301295363253
50,2.646,-0.728278928694644
50,2.652,-0.715075776011774
50,2.658,-0.702634648015897
50,2.664,-0.690903221443003
50,2.67,-0.679833560186144
50,2.676,-0.669381689806513
50,2.682,-0.659507218833324
50,2.688,-0.650173001144319
50,2.694,-0.641344834480294
50,2.7,-0.632991190798938
50,2.706,-0.625082974732185
50,2.712,-0.617593306891667
50,2.718,-0.610497329180207
50,2.724,-0.603772029624091
50,2.73,-0.597396084548738
50,2.736,-0.591349716187451
50,2.742,-0.585614564043926
50,2.748,-0.580173568530416
50,2.754,-0.575010865578096
50,2.76,-0.57011169106869
50,2.766,-0.565462294069484
50,2.772,-0.561049857970142
50,2.778,-0.556862428721731
50,2.784,-0.552888849467727
50,2.79,-0.549118700935336
50,2.796,-0.545542247024545
50,2.802,-0.54215038509331
50,2.808,-0.538934600490879
50,2.814,-0.535886924938969
50,2.82,-0.532999898402227
50,2.826,-0.530266534127061
50,2.832,-0.527680286560603
50,2.838,-0.525235021891213
50,2.844,-0.522924990977931
50,2.85,-0.520744804459601
50,2.856,-0.518689409855304
50,2.862,-0.516754070486043
50,2.868,-0.514934346064552
50,2.874,-0.513226074814704
50,2.88,-0.511625356995581
50,2.886,-0.510128539717062
50,2.892,-0.508732202944735
50,2.898,-0.507433146601603
50,2.904,-0.506228378682816
50,2.91,-0.505115104307598
50,2.916,-0.504090715639772
50,2.922,-0.503152782614755
50,2.928,-0.502299044416805
50,2.934,-0.501527401655761
50,2.94,-0.50083590919739
50,2.946,-0.500222769605971
50,2.952,-0.499686327161895
50,2.958,-0.499225062420893
50,2.964,-0.498837587284966
50,2.97,-0.498522640558414
50,2.976,-0.498279083965378
50,2.982,-0.498105898608111
50,2.988,-0.498002181848022
50,2.994,-0.497967144593787
50,3,-0.498000108983563
50,3.006,-0.498100506450417
50,3.012,-0.49826787616235
50,3.018,-0.498501863830527
50,3.024,-0.498802220881419
50,3.03,-0.499168803990597
50,3.036,-0.499601574978103
50,3.042,-0.500100601067382
50,3.048,-0.500666055511835
50,3.054,-0.50129821859539
50,3.06,-0.501997479015505
50,3.066,-0.502764335659631
50,3.072,-0.503599399788294
50,3.078,-0.50450339764088
50,3.084,-0.505477173482564
50,3.09,-0.506521693114123
50,3.096,-0.50763804786919
50,3.102,-0.508827459127085
50,3.108,-0.510091283372928
50,3.114,-0.511431017840692
50,3.12,-0.512848306779333
50,3.126,-0.514344948386705
50,3.132,-0.515922902461306
50,3.138,-0.517584298827654
50,3.144,-0.519331446597332
50,3.15,-0.521166844334963
50,3.156,-0.523093191205883
50,3.162,-0.525113399191202
50,3.168,-0.527230606465419
50,3.174,-0.529448192042526
50,3.18,-0.53176979180855
50,3.186,-0.534199316071823
50,3.192,-0.536740968777428
50,3.198,-0.539399268548957
50,3.204,-0.542179071739834
50,3.21,-0.545085597697633
50,3.216,-0.548124456468952
50,3.222,-0.551301679199435
50,3.228,-0.554623751514268
50,3.234,-0.558097650199094
50,3.24,-0.561730883540603
50,3.246,-0.565531535730814
50,3.252,-0.56950831578958
50,3.258,-0.573670611517815
50,3.264,-0.578028549059743
50,3.27,-0.582593058727521
50,3.276,-0.587375947827922
50,3.282,-0.592389981328952
50,3.288,-0.597648971317527
50,3.294,-0.60316787632914
50,3.3,-0.60896291177991
50,3.306,-0.615051672903847
50,3.312,-0.621453271797015
50,3.318,-0.628188490400661
50,3.324,-0.635279951521824
50,3.33,-0.642752310299879
50,3.336,-0.650632468886904
50,3.342,-0.65894981752935
50,3.348,-0.667736505727327
50,3.354,-0.677027747719581
50,3.36,-0.686862167211334
50,3.366,-0.697282187047411
50,3.372,-0.708334470455251
50,3.378,-0.720070421568165
50,3.384,-0.732546754219103
50,3.39,-0.745826139506974
50,3.396,-0.759977944425625
50,3.402,-0.775079075964177
50,3.408,-0.791214947600959
50,3.414,-0.808480588099663
50,3.42,-0.826981916068582
50,3.426,-0.8468372079736
50,3.432,-0.86817879233635
50,3.438,-0.891155008858573
50,3.444,-0.915932478380595
50,3.45,-0.942698738124928
50,3.456,-0.97166530685152
50,3.462,-1.00307125665091
50,3.468,-1.03718738245128
50,3.474,-1.07432107726883
50,3.48,-1.11482204114692
50,3.486,-1.1590889749403
50,3.492,-1.20757743684641
50,3.498,-1.26080906990298
50,3.504,-1.31938244221616
50,3.51,-1.38398577743207
50,3.516,-1.45541188874366
50,3.522,-1.53457566145437
50,3.528,-1.62253444962907
50,3.534,-1.72051174951696
50,3.54,-1.82992446620262
50,3.546,-1.95241396781168
50,3.552,-2.08988087132864
50,3.558,-2.24452304231142
50,3.564,-2.41887548486139
50,3.57,-2.61584943702893
50,3.576,-2.83876573346522
50,3.582,-3.09137381109742
50,3.588,-3.37784174335804
50,3.594,-3.70269298579799
50,3.6,-4.07064984449111
